baseRent,totalRent,livingSpace,noRooms,yearConstructed,condition,typeOfFlat,energyEfficiencyClass,heatingType,firingTypes,regio1,floor,serviceCharge,heatingCosts,lift,balcony,garden,cellar,date,description,noParkSpaces,electricityBasePrice,electricityKwhPrice
1350.4,1546.27,38.61,1.1,1985,fully_renovated,ground_floor,D,district_heating,district_heating,Berlin,9,101.47,94.41,True,True,False,True,2023-03-25,Modern apartment with great amenities,2,25.78,0.2658
577.81,802.8,55.58,2.6,1999,first_time_use,apartment,H,district_heating,electricity,Hamburg,0,130.06,94.93,False,True,True,False,2023-06-01,Modern apartment with great amenities,0,36.74,0.3168
836.41,1113.35,48.96,5.4,1983,fully_renovated,maisonette,A,central_heating,gas,Hamburg,2,156.13,120.81,True,True,True,False,2023-05-02,Modern apartment with great amenities,0,31.36,0.2876
783.48,1073.63,35.53,4.0,1951,fully_renovated,apartment,F,gas_heating,gas,Berlin,5,234.55,55.6,True,True,True,True,2023-07-09,Modern apartment with great amenities,0,33.33,0.2872
1107.98,1379.47,105.32,2.2,1960,modernized,maisonette,A,gas_heating,gas,Berlin,1,140.62,130.88,False,False,True,False,2023-05-27,Modern apartment with great amenities,0,27.35,0.2368
1097.71,1363.47,95.11,2.7,1961,mint_condition,ground_floor,G,district_heating,oil,Hamburg,1,168.98,96.79,True,False,True,False,2023-03-03,Modern apartment with great amenities,1,39.97,0.3203
561.84,802.91,109.33,4.0,1978,first_time_use,ground_floor,H,floor_heating,gas,Bayern,7,151.97,89.1,False,False,True,False,2023-04-11,Modern apartment with great amenities,2,18.73,0.3414
1166.26,1364.01,47.2,3.6,1995,fully_renovated,roof_storey,A,gas_heating,gas,Nordrhein_Westfalen,2,136.99,60.76,True,False,False,False,2023-08-27,Modern apartment with great amenities,2,20.6,0.2208
814.24,1077.51,86.31,3.9,1951,fully_renovated,maisonette,A+,gas_heating,district_heating,Hamburg,8,188.8,74.48,False,True,True,True,2023-10-15,Modern apartment with great amenities,1,43.55,0.3207
929.87,1230.87,70.56,2.2,1956,modernized,roof_storey,A+,gas_heating,oil,Berlin,9,195.21,105.79,True,True,False,False,2023-01-19,Modern apartment with great amenities,0,29.06,0.2847
837.33,1103.85,132.69,2.8,1994,modernized,ground_floor,C,central_heating,oil,Berlin,4,149.47,117.05,False,False,False,False,2023-01-26,Modern apartment with great amenities,0,29.26,0.1841
787.56,1137.12,73.53,4.1,2007,first_time_use,roof_storey,D,central_heating,oil,Hamburg,8,175.9,173.66,True,False,False,False,2023-08-16,Modern apartment with great amenities,2,36.27,0.2786
855.63,1073.32,84.3,5.5,2015,modernized,maisonette,A+,floor_heating,electricity,Bayern,3,150.48,67.21,False,False,False,False,2023-03-10,Modern apartment with great amenities,0,31.45,0.3349
777.72,1016.68,85.55,2.6,1966,modernized,penthouse,E,floor_heating,electricity,Hamburg,8,147.73,91.24,True,False,False,False,2023-05-21,Modern apartment with great amenities,0,28.04,0.4215
1343.77,1642.04,44.46,2.4,2002,fully_renovated,penthouse,A,gas_heating,district_heating,Bayern,9,200.84,97.43,False,True,True,False,2023-09-05,Modern apartment with great amenities,1,36.96,0.4199
1490.31,1725.39,107.49,3.0,2002,fully_renovated,roof_storey,D,central_heating,gas,Hessen,7,127.54,107.54,True,False,True,True,2023-04-02,Modern apartment with great amenities,2,22.5,0.1911
382.53,685.66,87.06,1.5,1977,modernized,maisonette,A,district_heating,electricity,Baden_Württemberg,3,164.28,138.84,False,True,True,True,2023-08-19,Modern apartment with great amenities,0,43.67,0.2396
446.62,739.93,62.37,4.7,1960,well_kept,roof_storey,A,central_heating,gas,Hessen,6,148.54,144.76,True,True,True,False,2023-04-09,Modern apartment with great amenities,2,33.66,0.3442
1140.28,1342.87,76.4,2.1,1956,mint_condition,roof_storey,D,floor_heating,electricity,Nordrhein_Westfalen,8,109.45,93.14,True,True,False,False,2023-03-06,Modern apartment with great amenities,2,36.65,0.2522
358.33,595.04,18.38,5.9,2002,fully_renovated,ground_floor,A+,floor_heating,electricity,Nordrhein_Westfalen,4,120.81,115.9,True,False,False,True,2023-09-23,Modern apartment with great amenities,2,31.17,0.3131
1272.65,1449.22,54.35,3.9,2003,mint_condition,ground_floor,A+,central_heating,gas,Nordrhein_Westfalen,9,136.11,40.47,False,True,False,True,2023-01-13,Modern apartment with great amenities,1,31.86,0.3285
1179.0,1442.65,62.86,2.4,2005,first_time_use,penthouse,F,floor_heating,electricity,Nordrhein_Westfalen,8,154.33,109.33,False,False,True,False,2023-07-21,Modern apartment with great amenities,2,19.64,0.2693
1480.23,1787.12,79.14,1.2,1980,mint_condition,penthouse,E,district_heating,gas,Nordrhein_Westfalen,5,179.06,127.82,True,True,False,True,2023-09-20,Modern apartment with great amenities,2,32.56,0.3407
1215.53,1437.93,105.73,3.6,1951,well_kept,roof_storey,A+,gas_heating,oil,Berlin,8,109.23,113.18,True,True,True,False,2023-07-19,Modern apartment with great amenities,1,30.18,0.3783
1149.21,1365.38,76.81,3.3,1979,first_time_use,ground_floor,B,gas_heating,district_heating,Bayern,1,134.01,82.15,False,False,True,True,2023-03-08,Modern apartment with great amenities,2,29.85,0.3354
1275.49,1536.68,53.76,1.3,2006,fully_renovated,maisonette,A+,gas_heating,district_heating,Berlin,0,166.58,94.61,True,False,True,False,2023-08-18,Modern apartment with great amenities,2,41.04,0.324
1324.47,1615.94,113.62,5.3,1987,fully_renovated,ground_floor,A,gas_heating,district_heating,Hamburg,9,203.17,88.3,True,True,False,False,2023-11-05,Modern apartment with great amenities,2,25.52,0.1762
1240.64,1557.11,72.5,2.0,1971,well_kept,apartment,C,gas_heating,district_heating,Berlin,8,205.35,111.13,False,True,False,True,2023-12-07,Modern apartment with great amenities,1,29.55,0.2746
1199.09,1386.07,56.39,1.4,2004,first_time_use,maisonette,A+,district_heating,gas,Berlin,1,111.79,75.19,True,True,False,False,2023-10-21,Modern apartment with great amenities,0,30.37,0.3006
1323.0,1536.69,75.41,4.2,1967,modernized,penthouse,A+,central_heating,oil,Hessen,1,137.81,75.89,False,True,True,True,2023-08-13,Modern apartment with great amenities,2,35.78,0.3035
1003.92,1285.29,92.33,5.5,2004,first_time_use,apartment,D,district_heating,electricity,Hamburg,3,166.44,114.93,True,True,False,True,2023-06-26,Modern apartment with great amenities,2,26.75,0.3397
849.76,1225.72,87.2,5.6,1964,fully_renovated,apartment,C,floor_heating,district_heating,Hamburg,5,206.92,169.05,False,True,True,False,2023-09-15,Modern apartment with great amenities,2,27.78,0.26
622.84,871.29,76.46,2.0,1975,fully_renovated,roof_storey,B,central_heating,electricity,Baden_Württemberg,3,179.97,68.49,False,True,True,True,2023-07-02,Modern apartment with great amenities,1,26.61,0.3265
774.04,1124.94,36.73,5.9,2017,modernized,penthouse,G,floor_heating,electricity,Berlin,8,212.54,138.35,True,True,False,True,2023-03-18,Modern apartment with great amenities,1,30.53,0.2842
724.57,988.02,112.0,3.7,1987,first_time_use,penthouse,G,gas_heating,oil,Hessen,5,175.33,88.13,True,True,False,True,2023-06-16,Modern apartment with great amenities,0,32.79,0.2724
1546.21,1843.44,98.02,2.2,1999,well_kept,maisonette,E,central_heating,district_heating,Hessen,4,181.58,115.65,False,False,True,False,2023-09-01,Modern apartment with great amenities,2,20.35,0.3312
1385.55,1565.96,94.26,1.9,1984,well_kept,maisonette,G,district_heating,oil,Berlin,0,86.78,93.62,False,False,True,False,2023-05-11,Modern apartment with great amenities,2,32.37,0.1873
1191.69,1457.24,82.86,2.5,1998,first_time_use,penthouse,H,floor_heating,oil,Nordrhein_Westfalen,7,160.18,105.37,False,True,False,True,2023-09-17,Modern apartment with great amenities,0,31.61,0.3131
1032.89,1243.3,83.63,2.5,1955,first_time_use,roof_storey,F,gas_heating,electricity,Hamburg,0,120.96,89.45,True,False,True,False,2023-09-10,Modern apartment with great amenities,1,38.76,0.2359
929.89,1221.49,92.41,2.7,2009,modernized,maisonette,C,floor_heating,electricity,Berlin,3,168.05,123.55,False,False,True,False,2023-05-11,Modern apartment with great amenities,0,30.8,0.2584
871.2,1145.63,93.04,3.6,1954,modernized,apartment,A+,floor_heating,electricity,Baden_Württemberg,0,168.33,106.1,False,True,False,True,2023-05-18,Modern apartment with great amenities,2,33.18,0.3855
1213.35,1482.46,45.1,2.0,2012,modernized,maisonette,B,gas_heating,electricity,Bayern,8,166.4,102.71,False,False,False,True,2023-05-21,Modern apartment with great amenities,2,30.71,0.2901
598.0,890.84,84.44,1.7,2022,mint_condition,maisonette,G,gas_heating,oil,Baden_Württemberg,4,198.57,94.27,True,False,True,True,2023-11-26,Modern apartment with great amenities,1,26.22,0.3282
1002.35,1269.5,93.17,4.2,1952,well_kept,penthouse,D,central_heating,district_heating,Hessen,6,196.07,71.08,False,True,False,False,2023-06-18,Modern apartment with great amenities,0,31.34,0.2777
1186.35,1356.97,91.96,4.2,2001,modernized,apartment,H,floor_heating,electricity,Hamburg,2,29.69,140.93,True,True,False,True,2023-10-10,Modern apartment with great amenities,0,26.36,0.2985
903.9,1081.42,76.41,3.4,2008,modernized,ground_floor,A,central_heating,electricity,Hessen,9,98.9,78.61,False,True,False,True,2023-06-20,Modern apartment with great amenities,1,21.28,0.3117
1339.66,1553.21,65.66,1.2,1985,well_kept,roof_storey,H,floor_heating,electricity,Baden_Württemberg,3,153.04,60.5,False,False,True,False,2023-11-19,Modern apartment with great amenities,2,22.57,0.2949
880.56,1164.94,36.44,1.4,2000,well_kept,penthouse,B,floor_heating,oil,Baden_Württemberg,1,151.49,132.89,True,True,True,True,2023-05-01,Modern apartment with great amenities,1,28.43,0.2589
1862.79,2132.15,61.95,4.1,1988,fully_renovated,maisonette,D,central_heating,electricity,Hessen,1,215.52,53.84,False,True,True,False,2023-10-02,Modern apartment with great amenities,0,28.45,0.2753
1305.1,1444.57,56.38,1.1,1957,modernized,roof_storey,E,floor_heating,electricity,Berlin,4,36.25,103.21,False,True,True,False,2023-03-03,Modern apartment with great amenities,0,22.18,0.2737
725.35,979.66,125.5,3.0,2006,modernized,ground_floor,E,district_heating,district_heating,Bayern,3,133.13,121.19,True,False,True,True,2023-04-26,Modern apartment with great amenities,2,33.32,0.3283
970.7,1204.68,81.36,1.7,1976,mint_condition,apartment,C,central_heating,gas,Hamburg,3,124.0,109.98,True,True,True,False,2023-08-01,Modern apartment with great amenities,1,24.59,0.3939
717.51,954.07,66.79,5.0,1951,fully_renovated,roof_storey,A,district_heating,electricity,Hessen,9,114.62,121.94,True,True,False,False,2023-02-05,Modern apartment with great amenities,2,33.98,0.3531
277.56,534.78,67.56,1.1,1950,first_time_use,ground_floor,C,floor_heating,electricity,Baden_Württemberg,9,179.51,77.72,False,False,False,False,2023-03-17,Modern apartment with great amenities,1,34.8,0.2988
1047.3,1337.6,71.31,3.7,1970,mint_condition,maisonette,D,gas_heating,district_heating,Bayern,3,186.84,103.46,False,False,True,True,2023-08-25,Modern apartment with great amenities,0,26.81,0.2506
938.06,1133.27,100.11,5.1,1990,mint_condition,penthouse,B,gas_heating,oil,Hamburg,4,93.3,101.91,True,False,False,False,2023-10-21,Modern apartment with great amenities,2,36.34,0.269
942.04,1246.57,85.01,2.9,1968,mint_condition,maisonette,A,district_heating,oil,Bayern,3,192.3,112.22,True,True,False,True,2023-10-21,Modern apartment with great amenities,2,30.81,0.3086
1133.0,1291.26,69.74,5.3,1958,fully_renovated,maisonette,H,district_heating,oil,Hessen,0,84.36,73.9,False,False,False,False,2023-11-17,Modern apartment with great amenities,2,25.0,0.3751
1420.59,1590.76,65.86,3.2,1989,mint_condition,roof_storey,A,central_heating,electricity,Nordrhein_Westfalen,4,47.11,123.07,False,True,True,False,2023-11-12,Modern apartment with great amenities,2,28.01,0.2594
1017.01,1292.05,77.41,5.3,1963,first_time_use,maisonette,F,central_heating,oil,Baden_Württemberg,0,216.63,58.41,False,True,True,False,2023-02-14,Modern apartment with great amenities,2,28.86,0.1796
291.41,567.08,99.15,2.3,1986,mint_condition,maisonette,C,floor_heating,oil,Nordrhein_Westfalen,2,124.93,150.73,False,True,False,True,2023-10-14,Modern apartment with great amenities,2,19.54,0.2907
672.37,879.17,99.82,3.0,1963,first_time_use,ground_floor,B,district_heating,gas,Baden_Württemberg,6,111.76,95.05,True,True,True,False,2023-09-21,Modern apartment with great amenities,2,32.39,0.3189
664.7,860.81,57.78,1.3,1983,first_time_use,maisonette,A,district_heating,oil,Hessen,7,78.58,117.54,False,True,True,False,2023-03-22,Modern apartment with great amenities,1,28.51,0.3573
1059.55,1282.39,98.65,2.1,1988,modernized,penthouse,F,gas_heating,electricity,Baden_Württemberg,7,141.73,81.11,True,True,True,False,2023-04-10,Modern apartment with great amenities,1,24.03,0.2993
663.71,883.12,87.86,2.8,2015,mint_condition,ground_floor,H,floor_heating,oil,Hamburg,3,150.31,69.11,False,False,True,True,2023-12-10,Modern apartment with great amenities,1,28.89,0.2606
567.99,889.78,97.69,3.8,1955,mint_condition,maisonette,C,gas_heating,gas,Hessen,0,206.96,114.83,False,True,False,True,2023-01-16,Modern apartment with great amenities,0,26.7,0.2699
939.34,1157.43,114.04,5.7,1966,mint_condition,ground_floor,C,central_heating,district_heating,Bayern,9,122.8,95.3,False,True,True,False,2023-07-23,Modern apartment with great amenities,1,36.1,0.238
903.61,1149.55,44.93,2.6,1970,mint_condition,roof_storey,H,gas_heating,oil,Bayern,7,113.25,132.69,False,True,False,False,2023-12-13,Modern apartment with great amenities,0,28.3,0.3679
651.87,925.84,84.66,4.1,1980,first_time_use,roof_storey,B,floor_heating,gas,Bayern,6,197.05,76.92,True,False,False,False,2023-09-07,Modern apartment with great amenities,0,28.49,0.3736
1169.26,1412.25,79.12,3.4,2002,well_kept,roof_storey,F,floor_heating,district_heating,Baden_Württemberg,5,170.38,72.61,False,True,False,False,2023-05-18,Modern apartment with great amenities,1,29.05,0.2436
1630.52,1883.36,71.75,2.0,1998,mint_condition,roof_storey,A+,central_heating,district_heating,Hessen,9,148.54,104.3,True,True,True,False,2023-02-04,Modern apartment with great amenities,1,31.26,0.2909
1049.41,1281.53,80.77,5.0,2004,mint_condition,ground_floor,A,floor_heating,district_heating,Baden_Württemberg,4,120.87,111.25,True,True,False,True,2023-10-16,Modern apartment with great amenities,0,41.68,0.3213
1165.29,1371.62,102.41,3.7,1983,fully_renovated,roof_storey,F,central_heating,oil,Hessen,1,85.72,120.61,True,False,False,True,2023-01-06,Modern apartment with great amenities,0,38.85,0.288
740.24,996.13,78.09,5.2,2018,mint_condition,apartment,B,district_heating,oil,Hamburg,4,154.31,101.58,False,True,False,True,2023-12-21,Modern apartment with great amenities,0,21.31,0.2845
724.33,977.8,66.83,3.5,1982,well_kept,apartment,C,central_heating,electricity,Nordrhein_Westfalen,3,129.02,124.44,True,False,False,False,2023-04-15,Modern apartment with great amenities,1,35.0,0.2217
1286.84,1465.31,113.64,3.4,1999,first_time_use,maisonette,A+,gas_heating,gas,Bayern,5,120.75,57.73,False,False,False,False,2023-09-16,Modern apartment with great amenities,1,31.0,0.2044
698.28,901.66,80.55,2.8,2012,fully_renovated,ground_floor,C,district_heating,district_heating,Hamburg,5,112.42,90.96,False,True,True,True,2023-02-03,Modern apartment with great amenities,1,39.32,0.3033
1631.78,1842.53,72.14,3.0,1958,well_kept,roof_storey,C,floor_heating,electricity,Baden_Württemberg,8,98.36,112.39,False,False,False,True,2023-06-21,Modern apartment with great amenities,0,28.33,0.2078
567.47,836.11,67.01,4.8,2014,modernized,apartment,F,gas_heating,gas,Hessen,0,150.31,118.33,True,True,True,True,2023-09-10,Modern apartment with great amenities,1,41.74,0.2771
779.12,1032.1,99.64,3.3,1966,well_kept,maisonette,C,central_heating,electricity,Berlin,7,209.55,43.43,True,False,False,False,2023-07-14,Modern apartment with great amenities,0,30.71,0.274
925.61,1188.52,92.32,4.1,2007,modernized,ground_floor,H,floor_heating,gas,Berlin,9,142.57,120.34,False,True,False,True,2023-05-12,Modern apartment with great amenities,1,30.67,0.3454
636.78,889.48,77.48,2.6,1998,first_time_use,apartment,E,gas_heating,district_heating,Hessen,5,215.43,37.27,False,False,True,True,2023-02-19,Modern apartment with great amenities,2,20.18,0.2981
1273.39,1463.96,64.23,4.8,2022,fully_renovated,maisonette,A,gas_heating,electricity,Berlin,9,145.13,45.44,True,False,False,False,2023-09-22,Modern apartment with great amenities,1,31.39,0.271
264.93,493.6,65.8,4.3,1996,well_kept,penthouse,B,district_heating,district_heating,Berlin,8,139.23,89.44,False,False,True,False,2023-02-16,Modern apartment with great amenities,2,32.02,0.3125
505.48,758.9,77.39,3.4,2003,modernized,roof_storey,E,central_heating,district_heating,Baden_Württemberg,7,144.07,109.35,False,True,True,True,2023-12-04,Modern apartment with great amenities,2,29.55,0.2827
1783.33,2087.34,79.12,1.4,2011,modernized,penthouse,D,floor_heating,gas,Bayern,5,189.32,114.69,False,False,True,True,2023-06-12,Modern apartment with great amenities,1,31.99,0.3326
766.63,1083.97,97.67,4.3,1981,well_kept,penthouse,E,central_heating,oil,Berlin,2,155.83,161.51,False,False,False,False,2023-10-22,Modern apartment with great amenities,1,37.41,0.3035
246.94,421.91,62.68,3.5,1968,mint_condition,maisonette,E,floor_heating,gas,Nordrhein_Westfalen,3,107.58,67.39,True,False,False,False,2023-01-08,Modern apartment with great amenities,1,36.08,0.3832
696.06,1001.73,104.52,2.9,1953,mint_condition,penthouse,A,central_heating,gas,Baden_Württemberg,9,190.97,114.7,True,False,False,False,2023-02-24,Modern apartment with great amenities,1,32.05,0.2385
662.84,849.6,92.39,4.5,1997,well_kept,maisonette,H,floor_heating,oil,Hessen,1,80.26,106.5,True,True,True,False,2023-07-19,Modern apartment with great amenities,0,32.47,0.2097
1333.96,1752.58,119.57,2.3,1989,first_time_use,roof_storey,F,gas_heating,electricity,Bayern,2,296.39,122.23,False,True,False,False,2023-02-01,Modern apartment with great amenities,2,37.65,0.3063
1026.18,1251.28,91.18,5.3,1992,well_kept,apartment,A+,district_heating,electricity,Nordrhein_Westfalen,3,152.23,72.87,True,True,False,True,2023-05-27,Modern apartment with great amenities,1,32.4,0.3074
1464.24,1776.41,96.66,3.8,1984,well_kept,maisonette,B,central_heating,electricity,Baden_Württemberg,0,182.5,129.67,True,False,True,False,2023-02-25,Modern apartment with great amenities,1,35.98,0.3213
478.42,766.62,96.56,4.9,2011,mint_condition,roof_storey,A,floor_heating,district_heating,Berlin,5,219.53,68.67,False,True,False,False,2023-06-12,Modern apartment with great amenities,2,24.95,0.338
1055.25,1322.97,87.06,5.3,1979,first_time_use,penthouse,B,central_heating,district_heating,Bayern,4,159.17,108.56,True,True,False,True,2023-02-11,Modern apartment with great amenities,0,23.4,0.323
1021.42,1340.64,82.9,1.3,1985,fully_renovated,ground_floor,G,district_heating,gas,Nordrhein_Westfalen,8,241.98,77.24,True,True,True,True,2023-08-02,Modern apartment with great amenities,2,29.7,0.284
1153.73,1429.69,86.75,5.6,1973,fully_renovated,roof_storey,A,central_heating,electricity,Hessen,1,175.63,100.33,True,False,True,True,2023-09-14,Modern apartment with great amenities,1,21.28,0.3532
1228.09,1472.57,74.25,3.8,1982,mint_condition,roof_storey,G,central_heating,district_heating,Hamburg,6,149.34,95.15,False,True,False,False,2023-08-25,Modern apartment with great amenities,0,42.02,0.3247
618.8,858.64,100.84,5.8,1977,modernized,apartment,B,central_heating,district_heating,Baden_Württemberg,8,115.92,123.92,True,False,True,True,2023-03-21,Modern apartment with great amenities,0,32.38,0.3658
1224.65,1533.56,42.93,3.2,1983,well_kept,maisonette,B,floor_heating,gas,Nordrhein_Westfalen,3,202.85,106.06,False,True,True,True,2023-06-16,Modern apartment with great amenities,0,24.76,0.3635
919.98,1184.49,49.11,1.3,1965,fully_renovated,roof_storey,C,central_heating,oil,Berlin,1,157.94,106.57,False,True,True,True,2023-08-15,Modern apartment with great amenities,0,35.11,0.2753
579.06,774.07,119.52,1.7,1971,mint_condition,penthouse,A+,gas_heating,district_heating,Hamburg,0,151.64,43.37,True,False,False,False,2023-01-23,Modern apartment with great amenities,2,21.88,0.2424
1206.08,1472.53,87.44,3.4,1956,first_time_use,maisonette,H,central_heating,electricity,Bayern,7,193.78,72.68,False,True,True,False,2023-02-05,Modern apartment with great amenities,0,30.14,0.2955
1251.81,1526.32,93.19,1.4,1960,mint_condition,roof_storey,H,central_heating,oil,Hessen,3,141.28,133.23,True,True,True,False,2023-07-10,Modern apartment with great amenities,1,21.42,0.2647
1433.25,1642.85,63.65,5.2,1976,well_kept,roof_storey,A,district_heating,district_heating,Hamburg,9,135.9,73.69,False,False,False,True,2023-09-03,Modern apartment with great amenities,2,33.82,0.2269
635.12,896.88,73.42,1.1,1983,mint_condition,penthouse,H,gas_heating,oil,Baden_Württemberg,7,172.48,89.28,False,True,True,True,2023-06-09,Modern apartment with great amenities,1,26.24,0.3916
1044.69,1335.47,77.46,1.6,2002,modernized,ground_floor,E,district_heating,oil,Hamburg,2,177.91,112.87,True,False,True,True,2023-04-25,Modern apartment with great amenities,1,40.03,0.3036
1045.63,1319.94,115.23,5.9,2017,first_time_use,penthouse,E,district_heating,oil,Baden_Württemberg,1,176.27,98.04,True,True,True,True,2023-08-20,Modern apartment with great amenities,0,34.47,0.3159
1008.98,1255.23,97.67,5.4,2005,well_kept,penthouse,C,floor_heating,gas,Baden_Württemberg,0,136.51,109.74,False,False,False,True,2023-04-13,Modern apartment with great amenities,0,39.06,0.2718
1011.99,1293.06,85.41,3.7,2011,fully_renovated,roof_storey,A,floor_heating,electricity,Hamburg,2,177.29,103.79,False,False,False,False,2023-08-15,Modern apartment with great amenities,2,22.57,0.3187
1120.51,1429.61,50.95,4.5,1997,well_kept,ground_floor,A,gas_heating,district_heating,Baden_Württemberg,7,182.95,126.15,False,False,True,False,2023-12-22,Modern apartment with great amenities,2,34.39,0.3573
990.25,1280.39,92.17,5.4,2005,first_time_use,ground_floor,C,gas_heating,electricity,Hamburg,9,182.05,108.08,False,True,False,False,2023-03-01,Modern apartment with great amenities,2,33.05,0.2958
1055.23,1348.13,104.92,4.5,1954,first_time_use,apartment,E,district_heating,oil,Bayern,8,202.05,90.84,False,True,False,True,2023-12-26,Modern apartment with great amenities,2,29.62,0.2676
1192.61,1436.58,98.09,2.1,1986,first_time_use,penthouse,H,district_heating,electricity,Hamburg,9,134.02,109.95,False,True,True,False,2023-06-27,Modern apartment with great amenities,0,38.81,0.2388
940.97,1161.87,76.0,5.0,2006,modernized,maisonette,F,district_heating,gas,Nordrhein_Westfalen,5,169.02,51.87,False,True,False,False,2023-12-22,Modern apartment with great amenities,1,29.63,0.3528
878.08,1121.66,82.19,3.5,1981,modernized,apartment,D,central_heating,oil,Nordrhein_Westfalen,3,165.38,78.21,False,False,False,True,2023-11-21,Modern apartment with great amenities,0,36.17,0.3725
910.98,1079.97,68.82,2.8,1998,well_kept,penthouse,G,floor_heating,gas,Hamburg,6,122.53,46.46,False,True,False,True,2023-04-13,Modern apartment with great amenities,2,32.95,0.202
1196.6,1503.0,54.56,3.6,1955,mint_condition,penthouse,F,district_heating,gas,Hessen,0,192.12,114.28,False,True,False,False,2023-11-04,Modern apartment with great amenities,0,32.38,0.2591
1170.77,1379.85,59.62,1.2,1988,first_time_use,maisonette,D,floor_heating,electricity,Bayern,2,119.95,89.13,True,False,True,True,2023-02-13,Modern apartment with great amenities,2,24.58,0.2071
1030.81,1283.82,36.94,5.8,1966,first_time_use,ground_floor,G,district_heating,gas,Bayern,8,138.45,114.56,True,True,False,False,2023-04-15,Modern apartment with great amenities,1,31.02,0.3435
496.38,832.66,56.43,5.6,1995,mint_condition,ground_floor,D,gas_heating,gas,Nordrhein_Westfalen,4,216.06,120.22,True,True,True,True,2023-09-25,Modern apartment with great amenities,1,34.49,0.2845
1852.76,2137.93,90.9,1.1,1992,well_kept,penthouse,A,central_heating,electricity,Bayern,5,145.33,139.85,True,False,False,True,2023-04-10,Modern apartment with great amenities,1,35.09,0.303
1063.53,1384.26,70.42,2.3,2020,first_time_use,ground_floor,F,central_heating,district_heating,Berlin,0,234.47,86.26,True,True,True,True,2023-12-27,Modern apartment with great amenities,1,30.86,0.3394
1072.06,1230.14,110.11,3.7,2016,fully_renovated,roof_storey,H,floor_heating,electricity,Bayern,6,115.32,42.75,True,False,True,False,2023-09-11,Modern apartment with great amenities,2,27.96,0.3177
1036.86,1321.62,111.9,4.8,1991,fully_renovated,ground_floor,E,central_heating,electricity,Hessen,6,167.63,117.13,True,True,False,True,2023-06-03,Modern apartment with great amenities,0,33.68,0.3724
1430.46,1584.15,79.34,3.8,1962,mint_condition,roof_storey,A,gas_heating,gas,Hessen,0,118.73,34.96,False,False,True,False,2023-05-24,Modern apartment with great amenities,0,32.68,0.3184
1124.02,1258.83,120.31,2.8,1978,mint_condition,ground_floor,B,gas_heating,electricity,Hessen,6,55.13,79.67,True,False,True,True,2023-09-17,Modern apartment with great amenities,1,30.0,0.3155
550.12,842.77,106.85,5.8,1956,mint_condition,penthouse,F,district_heating,district_heating,Bayern,2,194.29,98.36,True,False,True,True,2023-03-24,Modern apartment with great amenities,1,29.94,0.2553
919.82,1200.69,77.92,3.0,2003,well_kept,maisonette,H,floor_heating,electricity,Bayern,5,138.8,142.07,True,True,True,False,2023-09-25,Modern apartment with great amenities,2,26.75,0.2629
1195.47,1405.61,53.47,2.1,1988,modernized,roof_storey,F,gas_heating,electricity,Nordrhein_Westfalen,5,120.63,89.51,False,True,True,True,2023-06-06,Modern apartment with great amenities,2,36.18,0.2503
1365.41,1644.9,87.8,5.4,1980,well_kept,maisonette,D,gas_heating,gas,Berlin,5,163.02,116.47,True,False,True,False,2023-05-26,Modern apartment with great amenities,1,17.91,0.2554
940.98,1225.72,89.01,2.6,2002,well_kept,ground_floor,A+,district_heating,electricity,Hessen,5,100.13,184.62,True,False,False,False,2023-01-10,Modern apartment with great amenities,1,27.27,0.3986
840.04,1024.13,82.1,4.3,2002,mint_condition,roof_storey,B,district_heating,district_heating,Nordrhein_Westfalen,6,78.46,105.63,False,True,True,False,2023-12-04,Modern apartment with great amenities,2,27.06,0.313
1117.61,1179.85,63.96,4.9,2002,mint_condition,maisonette,F,central_heating,district_heating,Bayern,5,33.73,28.51,True,False,False,False,2023-01-08,Modern apartment with great amenities,1,24.81,0.211
725.93,1044.93,91.93,4.5,2012,first_time_use,penthouse,H,floor_heating,electricity,Baden_Württemberg,8,232.17,86.83,True,False,True,True,2023-04-13,Modern apartment with great amenities,2,27.86,0.2788
1062.61,1201.16,93.18,1.7,1954,first_time_use,roof_storey,H,floor_heating,electricity,Bayern,7,64.68,73.86,True,False,False,False,2023-08-24,Modern apartment with great amenities,0,31.01,0.2597
565.79,833.17,66.71,3.8,2002,modernized,roof_storey,C,floor_heating,oil,Bayern,4,163.01,104.37,False,True,True,False,2023-01-21,Modern apartment with great amenities,0,24.82,0.3289
1162.02,1329.42,48.34,1.0,1984,well_kept,roof_storey,A+,gas_heating,district_heating,Berlin,4,98.04,69.36,False,False,True,True,2023-09-20,Modern apartment with great amenities,2,21.59,0.2355
537.82,779.16,83.34,4.1,1985,modernized,apartment,C,district_heating,district_heating,Bayern,0,184.94,56.4,True,False,True,True,2023-11-22,Modern apartment with great amenities,2,39.49,0.2021
1501.08,1840.4,52.92,5.0,2004,mint_condition,roof_storey,B,gas_heating,electricity,Berlin,5,207.41,131.91,False,False,True,True,2023-12-20,Modern apartment with great amenities,1,22.95,0.3193
973.7,1254.86,126.51,4.4,1998,mint_condition,apartment,D,floor_heating,gas,Baden_Württemberg,1,130.14,151.02,False,True,True,True,2023-11-26,Modern apartment with great amenities,1,31.04,0.4411
1686.22,1863.31,65.28,5.8,2017,modernized,roof_storey,A,district_heating,district_heating,Hessen,4,129.82,47.27,True,False,False,False,2023-04-24,Modern apartment with great amenities,2,40.3,0.3382
624.47,874.34,94.18,5.8,1992,well_kept,apartment,D,floor_heating,oil,Baden_Württemberg,7,154.85,95.02,True,False,False,False,2023-06-05,Modern apartment with great amenities,0,26.66,0.3409
1187.98,1433.01,70.0,4.3,1965,mint_condition,roof_storey,A+,gas_heating,electricity,Hessen,1,120.07,124.96,False,True,True,True,2023-09-15,Modern apartment with great amenities,2,38.01,0.3115
905.25,1176.88,79.96,2.6,2006,modernized,roof_storey,G,gas_heating,electricity,Bayern,1,156.35,115.28,False,False,False,False,2023-12-20,Modern apartment with great amenities,2,27.35,0.1843
1082.78,1385.33,57.56,4.4,1959,fully_renovated,roof_storey,B,central_heating,gas,Berlin,7,220.01,82.53,False,True,True,True,2023-06-16,Modern apartment with great amenities,1,30.27,0.3715
872.83,1166.17,73.73,3.9,1989,first_time_use,ground_floor,C,central_heating,oil,Hessen,3,215.02,78.33,False,False,False,True,2023-10-06,Modern apartment with great amenities,1,30.62,0.2727
948.64,1220.51,73.71,5.1,2019,fully_renovated,apartment,A,gas_heating,oil,Berlin,0,176.38,95.48,False,True,False,False,2023-08-08,Modern apartment with great amenities,1,27.99,0.2473
1286.44,1545.01,80.11,4.3,2003,modernized,penthouse,F,central_heating,electricity,Bayern,0,196.14,62.43,True,True,False,False,2023-10-23,Modern apartment with great amenities,1,35.25,0.2869
1394.93,1639.0,62.97,4.7,1966,modernized,maisonette,G,district_heating,electricity,Berlin,8,107.4,136.66,False,False,False,False,2023-09-16,Modern apartment with great amenities,0,22.61,0.3581
624.38,900.14,102.66,5.5,1983,mint_condition,roof_storey,H,district_heating,electricity,Hamburg,8,175.16,100.61,False,True,False,True,2023-02-04,Modern apartment with great amenities,2,31.53,0.309
1100.7,1309.62,56.17,1.4,1976,mint_condition,maisonette,B,district_heating,oil,Hamburg,0,151.88,57.04,True,True,False,True,2023-11-16,Modern apartment with great amenities,2,38.84,0.2394
861.64,1173.6,19.3,1.7,1977,well_kept,penthouse,E,gas_heating,district_heating,Berlin,8,210.36,101.6,False,True,False,True,2023-07-25,Modern apartment with great amenities,1,35.53,0.3477
1244.8,1521.09,94.73,2.8,1982,first_time_use,maisonette,B,district_heating,gas,Bayern,0,117.99,158.29,True,False,False,True,2023-05-17,Modern apartment with great amenities,2,30.7,0.2642
1014.27,1240.21,28.81,4.4,1976,well_kept,maisonette,C,floor_heating,oil,Hamburg,5,107.84,118.1,False,False,True,False,2023-06-05,Modern apartment with great amenities,2,32.33,0.3402
821.92,962.68,99.72,5.0,1975,modernized,roof_storey,H,central_heating,electricity,Baden_Württemberg,8,100.8,39.97,False,True,False,True,2023-02-05,Modern apartment with great amenities,2,40.06,0.3517
374.96,537.65,72.74,4.1,1965,well_kept,penthouse,H,gas_heating,district_heating,Hessen,7,53.18,109.51,True,True,True,False,2023-06-22,Modern apartment with great amenities,1,27.35,0.3516
752.48,1045.07,81.34,3.9,1995,first_time_use,apartment,D,gas_heating,gas,Berlin,2,177.67,114.92,False,True,False,False,2023-02-25,Modern apartment with great amenities,0,31.03,0.2427
905.63,1255.41,82.33,6.0,2006,modernized,maisonette,H,gas_heating,district_heating,Nordrhein_Westfalen,9,198.07,151.71,False,True,False,False,2023-02-27,Modern apartment with great amenities,0,33.01,0.2937
1384.44,1706.03,85.59,2.1,1971,fully_renovated,ground_floor,F,central_heating,district_heating,Baden_Württemberg,8,195.83,125.76,False,True,True,False,2023-06-24,Modern apartment with great amenities,1,25.83,0.382
1934.19,2120.32,47.83,3.9,1983,modernized,ground_floor,G,gas_heating,electricity,Hamburg,9,161.75,24.38,True,False,True,True,2023-12-03,Modern apartment with great amenities,0,34.51,0.2709
939.09,1167.02,70.79,4.4,2022,first_time_use,apartment,C,gas_heating,district_heating,Hamburg,5,155.39,72.54,True,False,False,False,2023-11-19,Modern apartment with great amenities,1,32.75,0.3281
1192.43,1539.8,100.09,3.6,1980,fully_renovated,apartment,C,district_heating,gas,Bayern,2,204.64,142.73,True,True,False,True,2023-12-13,Modern apartment with great amenities,0,38.1,0.3691
1355.0,1598.18,77.21,5.3,1994,mint_condition,maisonette,C,district_heating,oil,Berlin,7,106.53,136.66,True,False,True,False,2023-10-14,Modern apartment with great amenities,2,25.44,0.2924
1170.21,1418.84,70.7,3.6,2019,first_time_use,ground_floor,B,central_heating,electricity,Hessen,3,142.43,106.2,False,False,False,False,2023-05-25,Modern apartment with great amenities,1,22.47,0.3906
1007.0,1297.49,43.73,2.4,1964,first_time_use,penthouse,A,district_heating,district_heating,Hessen,2,159.34,131.14,False,False,True,False,2023-03-06,Modern apartment with great amenities,1,26.67,0.3237
850.02,1024.87,88.29,3.7,1985,fully_renovated,apartment,G,floor_heating,oil,Hessen,2,46.96,127.89,True,False,False,True,2023-11-23,Modern apartment with great amenities,2,26.16,0.342
1035.38,1168.84,85.38,5.9,1962,mint_condition,penthouse,D,central_heating,electricity,Hamburg,5,61.58,71.88,True,False,False,True,2023-07-27,Modern apartment with great amenities,1,35.72,0.3057
1230.67,1536.81,58.82,3.3,1975,well_kept,penthouse,E,gas_heating,electricity,Bayern,9,161.15,144.99,False,True,False,True,2023-02-14,Modern apartment with great amenities,1,24.96,0.2532
1024.61,1333.7,85.57,1.2,2022,fully_renovated,apartment,H,central_heating,oil,Hessen,0,166.96,142.14,False,False,False,False,2023-02-11,Modern apartment with great amenities,2,30.22,0.1942
776.51,1080.79,92.62,4.0,1954,modernized,penthouse,E,gas_heating,district_heating,Baden_Württemberg,6,193.09,111.18,True,False,False,False,2023-03-08,Modern apartment with great amenities,2,28.52,0.3674
765.8,963.24,112.84,5.5,1989,fully_renovated,apartment,G,central_heating,oil,Hessen,2,63.44,133.99,False,False,True,False,2023-06-23,Modern apartment with great amenities,2,28.7,0.2802
1028.15,1393.45,118.49,5.7,1968,modernized,maisonette,D,gas_heating,oil,Berlin,3,244.11,121.2,True,False,False,True,2023-02-19,Modern apartment with great amenities,0,35.65,0.3164
1494.3,1849.25,81.35,4.6,1972,first_time_use,roof_storey,A,floor_heating,electricity,Berlin,4,192.49,162.46,True,False,False,True,2023-10-26,Modern apartment with great amenities,0,27.66,0.2982
928.13,1259.24,85.69,4.5,1970,first_time_use,apartment,C,floor_heating,district_heating,Nordrhein_Westfalen,8,191.63,139.48,True,True,False,True,2023-09-03,Modern apartment with great amenities,1,34.0,0.3031
668.6,822.52,97.11,2.7,1956,modernized,maisonette,G,district_heating,gas,Hamburg,3,56.11,97.81,True,True,True,False,2023-12-08,Modern apartment with great amenities,0,26.31,0.307
1206.59,1474.18,61.26,3.2,1970,modernized,roof_storey,A+,central_heating,gas,Berlin,3,153.44,114.14,False,True,True,True,2023-02-09,Modern apartment with great amenities,2,34.26,0.3053
773.06,979.46,81.12,3.3,1973,modernized,apartment,A+,district_heating,oil,Berlin,5,102.39,104.0,False,True,True,False,2023-12-11,Modern apartment with great amenities,1,23.98,0.277
290.78,604.16,107.43,3.0,1994,first_time_use,ground_floor,E,central_heating,electricity,Hessen,2,173.48,139.9,False,False,False,False,2023-04-09,Modern apartment with great amenities,0,32.74,0.2204
1519.02,1738.2,88.12,3.7,2020,first_time_use,roof_storey,C,central_heating,district_heating,Hessen,5,128.01,91.16,False,False,True,True,2023-03-10,Modern apartment with great amenities,2,25.99,0.2671
850.36,1004.41,55.39,5.0,1993,modernized,apartment,H,floor_heating,gas,Baden_Württemberg,9,70.57,83.48,False,True,False,True,2023-01-10,Modern apartment with great amenities,2,22.57,0.3636
1263.06,1492.2,111.87,4.3,1953,modernized,maisonette,F,district_heating,gas,Nordrhein_Westfalen,1,144.9,84.25,False,True,True,False,2023-08-12,Modern apartment with great amenities,0,25.92,0.403
867.27,1089.26,105.08,2.0,1953,fully_renovated,apartment,A+,gas_heating,gas,Hessen,8,133.23,88.75,False,False,False,True,2023-03-15,Modern apartment with great amenities,1,26.76,0.3059
1012.34,1229.08,94.63,3.7,1974,mint_condition,apartment,B,floor_heating,district_heating,Hessen,6,162.74,54.0,True,True,True,False,2023-11-21,Modern apartment with great amenities,0,26.74,0.3065
1076.44,1179.98,74.09,3.7,1977,mint_condition,apartment,F,district_heating,electricity,Baden_Württemberg,9,33.66,69.89,True,False,False,True,2023-08-09,Modern apartment with great amenities,0,27.93,0.2642
1039.37,1348.17,85.95,1.1,1955,fully_renovated,apartment,D,district_heating,district_heating,Hessen,9,189.97,118.83,False,False,True,True,2023-06-22,Modern apartment with great amenities,1,28.84,0.3011
910.5,1145.1,85.31,5.1,1952,fully_renovated,roof_storey,D,central_heating,oil,Bayern,1,135.73,98.86,True,False,False,True,2023-08-13,Modern apartment with great amenities,1,25.55,0.2667
685.03,923.68,61.93,3.1,1981,fully_renovated,maisonette,C,district_heating,gas,Hamburg,2,165.97,72.68,False,True,True,True,2023-01-23,Modern apartment with great amenities,0,28.72,0.2925
968.94,1309.03,108.94,3.8,1989,first_time_use,ground_floor,E,gas_heating,oil,Baden_Württemberg,0,189.92,150.17,False,False,False,False,2023-04-24,Modern apartment with great amenities,2,16.92,0.1923
1116.68,1278.9,42.97,2.7,1960,well_kept,roof_storey,B,floor_heating,electricity,Baden_Württemberg,0,79.12,83.11,False,False,False,True,2023-07-04,Modern apartment with great amenities,2,26.72,0.2891
606.45,830.65,82.55,5.9,1994,mint_condition,apartment,A,gas_heating,gas,Bayern,0,128.15,96.04,False,False,True,True,2023-01-23,Modern apartment with great amenities,1,29.25,0.3004
1119.2,1352.13,120.83,5.6,1995,modernized,apartment,G,floor_heating,oil,Hamburg,7,127.84,105.09,True,False,True,True,2023-02-10,Modern apartment with great amenities,0,31.89,0.3296
1075.0,1339.4,77.89,5.8,2004,first_time_use,roof_storey,A,gas_heating,gas,Bayern,4,186.04,78.36,True,False,False,False,2023-08-11,Modern apartment with great amenities,2,18.85,0.2549
987.94,1195.48,47.9,3.0,1976,modernized,penthouse,H,district_heating,gas,Baden_Württemberg,6,102.74,104.79,False,False,True,True,2023-04-18,Modern apartment with great amenities,1,29.22,0.2235
1126.93,1375.18,81.52,2.3,1992,modernized,ground_floor,H,floor_heating,district_heating,Berlin,2,144.56,103.68,True,False,False,False,2023-03-13,Modern apartment with great amenities,0,29.26,0.4005
1260.97,1434.9,109.22,5.3,2012,well_kept,maisonette,C,district_heating,gas,Hamburg,3,104.18,69.75,True,False,False,True,2023-05-20,Modern apartment with great amenities,1,31.1,0.3023
1041.36,1237.29,70.83,1.7,1954,first_time_use,apartment,G,gas_heating,oil,Bayern,3,137.79,58.14,True,False,False,True,2023-12-01,Modern apartment with great amenities,2,28.69,0.3537
310.48,480.71,61.8,5.1,1977,first_time_use,apartment,B,central_heating,electricity,Baden_Württemberg,2,100.91,69.33,True,False,True,False,2023-05-22,Modern apartment with great amenities,2,37.54,0.3174
1349.12,1568.33,68.74,1.4,2012,first_time_use,maisonette,C,gas_heating,gas,Bayern,4,121.5,97.71,True,True,False,False,2023-09-16,Modern apartment with great amenities,0,27.48,0.3225
968.32,1293.26,93.85,4.7,2012,well_kept,ground_floor,B,floor_heating,electricity,Berlin,3,161.11,163.83,False,True,False,False,2023-11-25,Modern apartment with great amenities,2,40.33,0.3115
251.04,473.51,77.39,4.0,2015,mint_condition,ground_floor,D,district_heating,electricity,Bayern,3,110.91,111.57,True,True,True,False,2023-01-09,Modern apartment with great amenities,1,45.36,0.2364
1413.9,1680.71,40.94,2.3,2015,first_time_use,maisonette,B,central_heating,oil,Hessen,0,156.25,110.55,False,True,True,False,2023-09-20,Modern apartment with great amenities,1,33.44,0.24
820.7,1019.08,110.86,5.7,1991,fully_renovated,roof_storey,B,floor_heating,oil,Berlin,5,121.19,77.19,False,True,True,True,2023-10-08,Modern apartment with great amenities,1,30.18,0.3191
1247.36,1483.84,88.97,1.2,1980,mint_condition,apartment,E,district_heating,gas,Hessen,8,106.94,129.54,True,False,False,False,2023-05-15,Modern apartment with great amenities,2,24.04,0.361
1240.27,1515.51,82.09,2.4,1985,mint_condition,apartment,C,gas_heating,gas,Nordrhein_Westfalen,8,173.78,101.46,False,False,False,True,2023-02-26,Modern apartment with great amenities,2,33.98,0.2532
1189.99,1450.0,54.63,1.7,1983,modernized,maisonette,B,central_heating,district_heating,Hessen,4,150.36,109.65,False,True,False,True,2023-07-19,Modern apartment with great amenities,0,37.24,0.334
676.06,901.55,103.31,3.5,2004,modernized,ground_floor,A+,district_heating,oil,Baden_Württemberg,1,132.3,93.19,False,True,False,True,2023-09-07,Modern apartment with great amenities,0,28.24,0.2136
1461.2,1678.34,80.44,2.3,1973,well_kept,roof_storey,A,floor_heating,electricity,Baden_Württemberg,0,117.4,99.73,False,True,False,False,2023-09-02,Modern apartment with great amenities,2,35.44,0.3024
909.81,1118.83,99.24,1.4,1969,modernized,penthouse,F,central_heating,electricity,Baden_Württemberg,4,152.54,56.48,True,True,False,True,2023-09-10,Modern apartment with great amenities,0,36.08,0.3102
1324.64,1594.74,47.06,3.9,2008,mint_condition,penthouse,A,central_heating,electricity,Hessen,3,195.47,74.63,True,False,False,False,2023-11-27,Modern apartment with great amenities,2,31.58,0.3557
822.46,1069.36,87.07,2.4,2017,well_kept,penthouse,A,central_heating,district_heating,Baden_Württemberg,9,130.11,116.79,True,True,True,True,2023-06-13,Modern apartment with great amenities,0,26.78,0.3705
1522.36,1731.7,47.67,1.2,2016,mint_condition,maisonette,H,district_heating,oil,Hamburg,3,95.65,113.7,False,False,False,True,2023-12-17,Modern apartment with great amenities,0,32.06,0.2997
1103.39,1310.97,64.47,3.6,2014,mint_condition,roof_storey,F,gas_heating,gas,Hessen,2,128.1,79.48,True,False,True,False,2023-04-18,Modern apartment with great amenities,1,37.43,0.313
1224.14,1565.23,72.75,4.4,1979,mint_condition,apartment,B,central_heating,oil,Berlin,6,232.79,108.29,True,False,True,False,2023-01-04,Modern apartment with great amenities,2,36.28,0.211
847.77,1126.49,49.56,3.9,2009,first_time_use,penthouse,G,district_heating,oil,Nordrhein_Westfalen,1,161.38,117.34,True,False,True,False,2023-11-07,Modern apartment with great amenities,2,26.72,0.3136
1228.61,1323.86,56.72,4.1,1971,fully_renovated,roof_storey,D,district_heating,district_heating,Bayern,6,52.27,42.98,True,True,False,True,2023-09-11,Modern apartment with great amenities,0,32.06,0.3327
934.07,1237.37,68.11,3.7,2001,well_kept,penthouse,C,central_heating,oil,Berlin,1,221.23,82.06,False,True,True,True,2023-03-15,Modern apartment with great amenities,1,36.55,0.3851
1068.67,1234.51,80.01,5.9,1962,well_kept,roof_storey,A+,district_heating,gas,Bayern,8,76.69,89.15,False,True,False,False,2023-08-10,Modern apartment with great amenities,0,34.32,0.2885
445.95,708.9,86.09,2.6,1994,mint_condition,ground_floor,C,gas_heating,gas,Nordrhein_Westfalen,7,138.05,124.9,True,True,False,True,2023-11-05,Modern apartment with great amenities,2,31.94,0.353
1274.22,1452.9,54.97,2.3,1994,first_time_use,maisonette,E,district_heating,electricity,Hamburg,6,114.23,64.45,False,False,False,False,2023-09-02,Modern apartment with great amenities,1,30.23,0.2478
1384.03,1636.13,80.95,3.6,1968,well_kept,roof_storey,H,floor_heating,district_heating,Baden_Württemberg,4,188.56,63.54,False,True,False,False,2023-10-27,Modern apartment with great amenities,0,39.63,0.2977
1072.18,1302.31,64.21,3.5,1955,modernized,ground_floor,G,gas_heating,electricity,Hessen,3,101.83,128.31,True,True,True,False,2023-04-06,Modern apartment with great amenities,0,27.27,0.2726
702.12,992.31,39.43,1.3,1956,well_kept,penthouse,E,gas_heating,district_heating,Nordrhein_Westfalen,4,245.33,44.86,False,False,True,True,2023-11-18,Modern apartment with great amenities,1,30.01,0.2302
1310.16,1516.5,109.37,1.3,1985,fully_renovated,roof_storey,A+,district_heating,electricity,Hamburg,5,96.29,110.06,False,False,True,True,2023-04-01,Modern apartment with great amenities,1,21.84,0.2857
1625.81,1835.52,69.68,1.4,1990,first_time_use,penthouse,B,floor_heating,oil,Baden_Württemberg,8,50.18,159.53,True,True,True,False,2023-02-24,Modern apartment with great amenities,1,22.5,0.2684
1096.3,1351.85,63.67,3.2,1971,fully_renovated,ground_floor,F,gas_heating,oil,Nordrhein_Westfalen,3,178.77,76.78,True,True,False,False,2023-02-15,Modern apartment with great amenities,1,28.35,0.3149
1576.73,1825.18,70.55,4.7,1998,modernized,ground_floor,B,gas_heating,electricity,Bayern,4,114.8,133.65,True,True,False,False,2023-04-24,Modern apartment with great amenities,0,30.24,0.2816
935.24,1160.22,40.6,1.3,1997,modernized,penthouse,D,central_heating,district_heating,Hamburg,1,149.67,75.31,False,True,True,True,2023-12-04,Modern apartment with great amenities,0,33.68,0.3238
1081.07,1272.35,71.78,5.9,1999,modernized,apartment,A,floor_heating,district_heating,Baden_Württemberg,0,113.05,78.23,False,True,False,True,2023-03-10,Modern apartment with great amenities,1,32.36,0.3415
1155.38,1422.19,126.74,1.3,1994,first_time_use,roof_storey,H,gas_heating,district_heating,Bayern,1,152.84,113.98,False,False,True,False,2023-12-09,Modern apartment with great amenities,1,29.29,0.2782
1133.08,1394.3,84.09,2.1,2022,well_kept,penthouse,A+,central_heating,gas,Nordrhein_Westfalen,5,202.13,59.09,False,False,False,False,2023-01-04,Modern apartment with great amenities,1,23.35,0.2815
668.27,838.34,101.55,5.9,1957,modernized,apartment,E,floor_heating,oil,Berlin,9,47.35,122.72,False,True,False,False,2023-04-14,Modern apartment with great amenities,0,31.27,0.3822
935.78,1263.25,81.85,1.7,1968,fully_renovated,penthouse,A,central_heating,electricity,Baden_Württemberg,4,200.78,126.7,True,True,False,False,2023-11-03,Modern apartment with great amenities,1,29.11,0.2555
1022.12,1177.56,98.85,3.0,1956,modernized,apartment,G,central_heating,oil,Nordrhein_Westfalen,4,64.79,90.65,False,False,False,False,2023-07-24,Modern apartment with great amenities,1,37.1,0.3276
1524.37,1809.16,65.04,5.4,1980,well_kept,ground_floor,E,district_heating,oil,Baden_Württemberg,9,128.28,156.5,False,False,True,True,2023-07-27,Modern apartment with great amenities,2,36.71,0.3953
1259.59,1493.14,64.58,1.0,1958,first_time_use,ground_floor,C,district_heating,oil,Hessen,5,150.08,83.48,False,True,False,False,2023-09-23,Modern apartment with great amenities,1,28.57,0.3578
882.39,1111.0,82.66,5.7,1953,mint_condition,roof_storey,D,district_heating,oil,Bayern,1,71.93,156.68,False,True,True,True,2023-06-12,Modern apartment with great amenities,2,32.41,0.2971
572.87,782.64,45.37,2.9,2010,modernized,apartment,E,gas_heating,district_heating,Hessen,6,117.77,92.0,True,True,False,True,2023-04-15,Modern apartment with great amenities,2,31.86,0.3332
1225.02,1533.22,21.39,2.8,1999,modernized,maisonette,E,central_heating,electricity,Berlin,0,195.38,112.81,True,False,False,False,2023-02-01,Modern apartment with great amenities,2,25.19,0.2961
919.26,988.05,71.02,5.1,2012,well_kept,apartment,E,gas_heating,district_heating,Baden_Württemberg,9,10.42,58.37,True,True,False,False,2023-09-06,Modern apartment with great amenities,2,32.6,0.3596
1019.47,1237.12,93.8,5.1,2007,modernized,ground_floor,H,floor_heating,oil,Baden_Württemberg,4,143.35,74.3,False,True,False,True,2023-02-03,Modern apartment with great amenities,1,25.58,0.2357
876.57,1160.51,46.33,2.2,2008,well_kept,apartment,G,gas_heating,district_heating,Berlin,7,209.46,74.48,False,False,False,True,2023-07-19,Modern apartment with great amenities,0,33.4,0.2006
1086.99,1427.64,102.29,5.5,2001,fully_renovated,ground_floor,E,district_heating,oil,Baden_Württemberg,8,200.6,140.05,False,False,False,False,2023-07-21,Modern apartment with great amenities,0,29.87,0.3195
742.46,1048.39,51.93,4.9,1967,first_time_use,ground_floor,A,central_heating,oil,Hessen,1,172.54,133.4,True,False,False,True,2023-06-21,Modern apartment with great amenities,2,27.82,0.3595
1342.18,1504.03,66.44,5.3,1952,mint_condition,roof_storey,F,district_heating,electricity,Berlin,6,56.0,105.84,False,True,False,False,2023-02-17,Modern apartment with great amenities,2,24.29,0.3447
1632.99,1795.33,44.08,3.2,1955,fully_renovated,roof_storey,E,floor_heating,district_heating,Baden_Württemberg,6,98.66,63.68,False,False,True,True,2023-12-12,Modern apartment with great amenities,2,27.85,0.2952
563.39,836.61,74.59,5.2,1997,well_kept,maisonette,G,central_heating,district_heating,Hessen,2,155.4,117.82,False,False,True,False,2023-08-15,Modern apartment with great amenities,2,38.52,0.3588
818.13,1111.38,96.38,5.3,2010,first_time_use,apartment,A+,central_heating,electricity,Bayern,4,208.2,85.05,False,False,False,False,2023-09-05,Modern apartment with great amenities,1,31.53,0.3053
828.64,1135.37,71.04,3.0,1953,fully_renovated,apartment,E,gas_heating,oil,Bayern,0,178.19,128.54,True,True,False,True,2023-11-08,Modern apartment with great amenities,2,28.89,0.3473
698.34,965.77,84.75,1.8,1956,fully_renovated,roof_storey,D,floor_heating,electricity,Hamburg,5,248.28,19.15,False,True,True,False,2023-08-17,Modern apartment with great amenities,2,29.82,0.2569
1343.71,1638.62,102.51,4.5,1959,fully_renovated,penthouse,A+,floor_heating,electricity,Bayern,5,194.55,100.37,True,False,True,False,2023-08-04,Modern apartment with great amenities,1,28.7,0.2711
933.12,1232.9,47.35,4.6,2013,modernized,ground_floor,A,central_heating,oil,Berlin,7,192.01,107.77,True,True,False,True,2023-01-07,Modern apartment with great amenities,1,40.66,0.2858
1149.41,1509.97,85.87,2.3,1952,mint_condition,roof_storey,B,district_heating,electricity,Baden_Württemberg,9,272.96,87.6,False,True,False,False,2023-01-15,Modern apartment with great amenities,2,29.41,0.3266
1608.44,1871.21,58.75,4.0,2005,modernized,roof_storey,A+,gas_heating,gas,Hamburg,3,174.1,88.67,True,True,True,True,2023-03-22,Modern apartment with great amenities,1,32.09,0.324
1404.88,1611.85,112.61,2.1,2022,fully_renovated,maisonette,H,gas_heating,oil,Hessen,1,122.59,84.38,True,False,False,False,2023-12-22,Modern apartment with great amenities,0,25.28,0.3284
1260.41,1557.52,95.13,2.0,2000,mint_condition,apartment,A,district_heating,electricity,Bayern,2,172.86,124.25,False,False,False,True,2023-06-07,Modern apartment with great amenities,1,32.68,0.2894
794.0,948.99,85.98,5.7,1971,modernized,roof_storey,E,floor_heating,gas,Bayern,5,72.45,82.53,True,False,True,True,2023-09-15,Modern apartment with great amenities,1,36.36,0.2782
752.93,1052.5,90.57,1.3,1950,modernized,ground_floor,D,floor_heating,oil,Baden_Württemberg,1,162.33,137.24,False,False,False,True,2023-02-22,Modern apartment with great amenities,2,26.22,0.3371
712.81,1025.65,72.11,4.7,2017,well_kept,roof_storey,F,district_heating,oil,Bayern,8,189.7,123.15,False,False,True,True,2023-01-21,Modern apartment with great amenities,1,35.85,0.2941
914.69,1198.93,75.88,3.2,1980,first_time_use,ground_floor,D,central_heating,oil,Bayern,2,175.2,109.04,True,True,True,True,2023-06-21,Modern apartment with great amenities,1,23.59,0.2422
1017.22,1256.13,79.67,1.5,1961,well_kept,roof_storey,E,floor_heating,gas,Bayern,3,138.3,100.62,True,False,False,False,2023-12-16,Modern apartment with great amenities,0,32.0,0.2228
1326.82,1608.5,93.9,5.6,1958,fully_renovated,roof_storey,G,gas_heating,district_heating,Hessen,2,142.69,139.0,False,False,True,True,2023-10-24,Modern apartment with great amenities,0,31.72,0.2881
723.06,1005.06,101.24,1.1,1980,well_kept,maisonette,A,gas_heating,district_heating,Berlin,4,151.47,130.53,True,False,False,False,2023-08-26,Modern apartment with great amenities,1,25.68,0.3132
770.72,1092.44,61.98,4.7,1951,mint_condition,maisonette,G,central_heating,oil,Nordrhein_Westfalen,6,222.28,99.44,False,True,False,True,2023-08-01,Modern apartment with great amenities,0,39.71,0.2403
1031.11,1165.29,70.78,4.8,2006,mint_condition,roof_storey,A,district_heating,electricity,Baden_Württemberg,9,152.65,18.47,False,True,True,False,2023-08-05,Modern apartment with great amenities,1,32.52,0.2586
822.0,1102.48,101.69,4.9,1975,first_time_use,apartment,H,central_heating,electricity,Nordrhein_Westfalen,3,174.25,106.24,True,False,False,False,2023-11-27,Modern apartment with great amenities,0,35.94,0.3218
1041.12,1282.99,26.05,4.3,1964,mint_condition,penthouse,B,district_heating,electricity,Nordrhein_Westfalen,7,126.83,115.04,True,True,True,False,2023-11-06,Modern apartment with great amenities,0,35.78,0.2385
2003.87,2236.06,82.25,4.3,2009,mint_condition,penthouse,A,central_heating,electricity,Baden_Württemberg,7,151.22,80.97,True,True,False,True,2023-10-24,Modern apartment with great amenities,0,33.02,0.1969
811.41,1087.66,68.42,4.0,2013,first_time_use,roof_storey,A,district_heating,gas,Hessen,1,125.68,150.58,True,False,False,True,2023-09-21,Modern apartment with great amenities,0,19.29,0.3228
1555.87,1809.29,73.36,4.1,1959,first_time_use,apartment,F,district_heating,gas,Baden_Württemberg,7,138.81,114.61,True,True,True,False,2023-10-02,Modern apartment with great amenities,0,29.01,0.3365
760.38,990.67,72.18,3.0,2001,first_time_use,roof_storey,F,district_heating,electricity,Berlin,7,190.9,39.39,False,True,True,True,2023-04-15,Modern apartment with great amenities,1,29.79,0.323
895.57,1108.26,66.99,2.9,1987,mint_condition,maisonette,E,central_heating,electricity,Berlin,7,159.16,53.53,False,True,False,False,2023-07-06,Modern apartment with great amenities,0,31.48,0.23
952.03,1111.0,87.89,5.6,1951,first_time_use,apartment,A,floor_heating,gas,Nordrhein_Westfalen,1,50.01,108.96,True,False,True,False,2023-04-07,Modern apartment with great amenities,2,40.15,0.3682
916.05,1145.04,85.67,3.0,1996,first_time_use,maisonette,B,central_heating,oil,Hessen,8,140.11,88.89,True,False,True,True,2023-01-15,Modern apartment with great amenities,2,25.39,0.3494
654.62,1000.05,42.76,1.1,2006,mint_condition,penthouse,A,central_heating,oil,Hamburg,7,217.08,128.36,True,False,True,True,2023-11-22,Modern apartment with great amenities,2,31.82,0.2606
1135.06,1387.89,80.65,5.7,2018,fully_renovated,penthouse,E,central_heating,gas,Berlin,6,129.16,123.67,True,True,False,False,2023-06-12,Modern apartment with great amenities,0,29.25,0.3322
930.66,1115.49,69.77,1.9,1951,modernized,ground_floor,C,district_heating,district_heating,Baden_Württemberg,0,89.89,94.95,True,False,False,True,2023-05-10,Modern apartment with great amenities,0,27.17,0.2904
1229.1,1516.97,55.04,2.7,2011,first_time_use,roof_storey,A+,central_heating,gas,Hamburg,1,163.13,124.74,True,False,False,False,2023-12-23,Modern apartment with great amenities,1,38.85,0.3297
1041.17,1231.52,68.86,5.8,2004,fully_renovated,apartment,A+,floor_heating,gas,Hamburg,8,127.7,62.64,False,True,False,True,2023-09-27,Modern apartment with great amenities,0,28.46,0.274
1292.66,1535.82,85.06,2.6,2001,fully_renovated,ground_floor,H,gas_heating,oil,Baden_Württemberg,5,202.92,40.25,True,True,True,True,2023-12-07,Modern apartment with great amenities,2,27.28,0.2308
1079.03,1349.08,57.35,3.2,1980,well_kept,penthouse,A+,district_heating,oil,Nordrhein_Westfalen,0,178.18,91.87,True,False,False,True,2023-05-06,Modern apartment with great amenities,1,20.68,0.2799
494.55,706.08,95.54,1.4,2003,fully_renovated,maisonette,A,gas_heating,district_heating,Berlin,9,135.47,76.06,False,False,True,True,2023-09-07,Modern apartment with great amenities,2,35.59,0.2538
1360.73,1653.7,77.53,5.3,1994,fully_renovated,roof_storey,H,floor_heating,district_heating,Baden_Württemberg,8,184.26,108.7,False,True,True,True,2023-12-19,Modern apartment with great amenities,1,27.87,0.3767
1071.12,1289.9,101.17,5.0,1995,mint_condition,apartment,A+,central_heating,gas,Hessen,9,135.4,83.38,True,False,True,False,2023-04-21,Modern apartment with great amenities,1,22.31,0.267
1042.79,1243.62,62.8,2.6,2014,first_time_use,maisonette,A+,central_heating,gas,Berlin,3,108.84,92.0,True,True,False,False,2023-11-19,Modern apartment with great amenities,2,22.56,0.2506
1263.34,1413.06,71.27,2.4,2020,modernized,penthouse,C,central_heating,district_heating,Hessen,1,48.61,101.12,True,False,True,True,2023-01-20,Modern apartment with great amenities,2,32.66,0.2295
635.93,849.58,88.0,5.1,2016,first_time_use,penthouse,D,gas_heating,oil,Hamburg,1,96.62,117.02,False,True,True,False,2023-06-05,Modern apartment with great amenities,1,29.88,0.2747
1225.94,1463.17,68.52,3.1,2021,modernized,roof_storey,A+,floor_heating,gas,Hessen,2,134.09,103.15,True,False,False,False,2023-07-17,Modern apartment with great amenities,1,32.79,0.3119
1194.22,1374.63,82.06,3.8,1966,first_time_use,apartment,A+,gas_heating,gas,Bayern,5,63.16,117.25,True,True,True,True,2023-04-01,Modern apartment with great amenities,2,32.17,0.1991
1220.57,1519.47,80.51,3.8,1975,well_kept,roof_storey,H,floor_heating,gas,Nordrhein_Westfalen,7,201.93,96.97,True,False,False,False,2023-02-25,Modern apartment with great amenities,1,31.72,0.3099
1164.16,1419.75,84.98,5.6,2012,fully_renovated,ground_floor,D,gas_heating,electricity,Bayern,4,155.7,99.9,True,True,True,False,2023-12-13,Modern apartment with great amenities,2,26.59,0.2475
1123.79,1345.41,55.57,5.0,1999,mint_condition,maisonette,B,gas_heating,district_heating,Baden_Württemberg,5,96.84,124.77,True,True,False,True,2023-07-03,Modern apartment with great amenities,0,32.26,0.3828
1126.96,1402.82,85.68,2.6,1992,first_time_use,maisonette,C,central_heating,electricity,Nordrhein_Westfalen,3,179.83,96.03,True,True,False,True,2023-02-08,Modern apartment with great amenities,2,29.67,0.3012
450.86,645.26,69.23,4.1,1963,fully_renovated,maisonette,C,gas_heating,gas,Baden_Württemberg,7,97.93,96.47,False,False,False,True,2023-10-04,Modern apartment with great amenities,1,25.48,0.2644
1148.47,1385.68,88.63,4.6,1974,first_time_use,apartment,H,gas_heating,gas,Berlin,7,171.11,66.1,False,True,True,False,2023-04-13,Modern apartment with great amenities,1,25.61,0.3445
407.4,661.2,64.94,2.1,1981,fully_renovated,penthouse,G,central_heating,district_heating,Hessen,2,122.41,131.39,False,False,False,False,2023-06-02,Modern apartment with great amenities,2,35.79,0.3242
276.01,516.18,94.09,1.4,1986,first_time_use,ground_floor,D,central_heating,district_heating,Berlin,4,131.68,108.5,False,False,True,False,2023-10-17,Modern apartment with great amenities,1,37.44,0.2885
960.61,1210.89,34.66,5.1,1997,fully_renovated,ground_floor,F,district_heating,district_heating,Hessen,1,174.8,75.47,False,True,True,True,2023-03-19,Modern apartment with great amenities,1,28.44,0.3018
1095.35,1378.96,66.22,4.3,1971,well_kept,maisonette,H,district_heating,oil,Berlin,9,118.65,164.96,True,False,False,True,2023-09-22,Modern apartment with great amenities,1,25.85,0.2977
1322.15,1695.72,64.69,3.1,1986,fully_renovated,roof_storey,A,central_heating,electricity,Hessen,5,188.91,184.66,False,True,True,True,2023-02-17,Modern apartment with great amenities,0,23.92,0.2512
407.33,591.34,52.38,1.8,2004,modernized,apartment,H,gas_heating,district_heating,Nordrhein_Westfalen,0,69.17,114.83,False,False,True,False,2023-10-21,Modern apartment with great amenities,2,27.22,0.2705
928.37,1171.31,87.8,4.6,1996,first_time_use,ground_floor,H,district_heating,electricity,Nordrhein_Westfalen,7,158.36,84.58,True,False,False,True,2023-09-09,Modern apartment with great amenities,2,30.28,0.2812
923.5,1277.34,106.57,5.6,2015,mint_condition,apartment,G,floor_heating,electricity,Nordrhein_Westfalen,2,215.36,138.48,False,True,False,True,2023-02-24,Modern apartment with great amenities,1,31.89,0.3705
656.67,958.47,70.16,2.1,1979,mint_condition,penthouse,A+,district_heating,electricity,Hessen,8,172.29,129.5,True,False,False,False,2023-07-16,Modern apartment with great amenities,1,27.54,0.2267
924.27,1143.15,61.4,3.4,1981,first_time_use,roof_storey,D,gas_heating,oil,Hessen,2,136.76,82.12,True,True,False,False,2023-03-27,Modern apartment with great amenities,1,29.88,0.2948
1311.91,1556.88,85.92,3.5,1992,well_kept,roof_storey,A+,floor_heating,oil,Nordrhein_Westfalen,8,157.9,87.08,True,True,False,False,2023-05-06,Modern apartment with great amenities,1,37.95,0.2924
695.62,968.56,66.95,5.1,1953,fully_renovated,roof_storey,H,gas_heating,district_heating,Hessen,7,146.63,126.31,False,False,False,True,2023-03-14,Modern apartment with great amenities,0,44.01,0.2586
1101.93,1381.92,107.35,5.6,1955,modernized,roof_storey,E,central_heating,electricity,Hessen,9,165.39,114.6,False,False,True,False,2023-01-05,Modern apartment with great amenities,1,32.79,0.3173
914.43,1096.68,75.4,1.9,2017,first_time_use,apartment,G,district_heating,oil,Berlin,3,112.1,70.15,True,True,True,False,2023-07-24,Modern apartment with great amenities,2,33.68,0.3198
1163.47,1534.74,71.93,3.4,1954,modernized,roof_storey,A,floor_heating,oil,Berlin,8,216.29,154.98,True,False,True,True,2023-01-25,Modern apartment with great amenities,0,24.95,0.2497
1092.95,1322.36,73.63,2.2,1964,fully_renovated,maisonette,B,floor_heating,district_heating,Berlin,1,127.43,101.98,True,False,True,True,2023-08-22,Modern apartment with great amenities,2,34.63,0.3119
1464.02,1681.6,56.27,2.8,1991,first_time_use,penthouse,A,gas_heating,oil,Hessen,4,102.42,115.16,False,False,False,True,2023-07-19,Modern apartment with great amenities,1,36.84,0.2333
1542.22,1794.21,65.19,5.8,1980,well_kept,roof_storey,E,central_heating,district_heating,Hessen,7,163.16,88.83,False,True,False,False,2023-12-24,Modern apartment with great amenities,0,30.79,0.215
1388.34,1632.38,81.92,5.3,1954,modernized,apartment,H,central_heating,district_heating,Baden_Württemberg,9,94.31,149.72,False,True,True,True,2023-11-11,Modern apartment with great amenities,1,25.98,0.3802
702.82,863.06,57.92,5.7,2021,first_time_use,penthouse,A+,district_heating,oil,Baden_Württemberg,5,50.59,109.65,True,True,False,True,2023-05-04,Modern apartment with great amenities,2,25.17,0.2768
652.97,886.51,65.21,2.1,2017,fully_renovated,maisonette,E,central_heating,district_heating,Berlin,0,142.3,91.25,False,False,True,True,2023-01-09,Modern apartment with great amenities,1,28.4,0.3828
689.61,950.36,70.44,5.3,1966,fully_renovated,ground_floor,D,central_heating,electricity,Hessen,7,188.42,72.33,True,True,False,True,2023-12-25,Modern apartment with great amenities,0,24.43,0.2045
809.71,1079.48,101.05,6.0,1998,first_time_use,penthouse,D,floor_heating,district_heating,Hamburg,3,188.88,80.89,False,True,True,True,2023-10-11,Modern apartment with great amenities,1,22.4,0.2268
988.29,1254.78,79.01,4.1,2000,fully_renovated,roof_storey,H,floor_heating,gas,Hessen,8,161.26,105.24,False,True,True,False,2023-10-02,Modern apartment with great amenities,0,32.13,0.3429
1164.16,1309.3,87.65,3.9,1992,first_time_use,roof_storey,H,central_heating,district_heating,Hessen,2,35.94,109.21,True,False,False,False,2023-02-18,Modern apartment with great amenities,1,29.36,0.3211
784.46,1143.64,78.86,4.5,1959,fully_renovated,penthouse,H,central_heating,electricity,Hamburg,6,289.69,69.49,True,False,False,True,2023-04-12,Modern apartment with great amenities,0,30.19,0.2782
1232.79,1422.29,87.85,5.9,1962,first_time_use,roof_storey,E,floor_heating,electricity,Hessen,6,133.4,56.1,True,False,False,True,2023-12-03,Modern apartment with great amenities,1,32.65,0.343
581.84,811.89,88.62,2.6,1965,modernized,penthouse,A,gas_heating,electricity,Hessen,6,122.09,107.96,False,True,False,False,2023-06-07,Modern apartment with great amenities,1,33.65,0.2544
1075.75,1377.45,78.31,4.5,2006,first_time_use,penthouse,E,gas_heating,gas,Hessen,6,182.64,119.06,False,False,True,False,2023-05-21,Modern apartment with great amenities,0,26.77,0.3021
680.6,870.99,64.28,1.8,1992,mint_condition,ground_floor,D,central_heating,electricity,Hamburg,8,88.35,102.04,True,False,False,True,2023-04-18,Modern apartment with great amenities,0,24.96,0.2743
821.97,1073.33,90.39,4.5,1953,first_time_use,maisonette,F,gas_heating,district_heating,Berlin,4,156.92,94.44,True,False,False,True,2023-02-05,Modern apartment with great amenities,1,16.9,0.2401
1322.68,1516.26,91.22,2.4,1970,modernized,ground_floor,H,gas_heating,electricity,Hessen,7,105.71,87.87,True,True,False,True,2023-02-01,Modern apartment with great amenities,0,33.24,0.2979
1352.9,1612.52,100.83,2.9,1957,mint_condition,apartment,E,district_heating,electricity,Baden_Württemberg,3,184.82,74.8,False,True,False,False,2023-09-09,Modern apartment with great amenities,0,20.67,0.3468
762.31,1053.3,103.96,5.4,1950,mint_condition,penthouse,A,district_heating,district_heating,Baden_Württemberg,7,173.02,117.97,True,True,False,False,2023-04-22,Modern apartment with great amenities,2,35.88,0.2931
645.19,802.22,93.29,2.3,1994,well_kept,ground_floor,A,gas_heating,electricity,Baden_Württemberg,1,64.94,92.1,True,False,True,False,2023-03-16,Modern apartment with great amenities,1,21.75,0.266
940.3,1238.24,94.6,2.2,1977,modernized,penthouse,H,gas_heating,district_heating,Bayern,9,171.37,126.57,True,False,False,False,2023-08-27,Modern apartment with great amenities,0,39.23,0.2883
1038.87,1275.67,80.62,4.2,1973,fully_renovated,roof_storey,B,floor_heating,gas,Hamburg,0,139.85,96.95,False,False,True,False,2023-02-20,Modern apartment with great amenities,1,25.8,0.2567
649.33,929.23,105.55,3.9,1968,mint_condition,penthouse,A,gas_heating,oil,Baden_Württemberg,8,181.84,98.06,False,False,False,True,2023-10-12,Modern apartment with great amenities,2,29.45,0.2262
903.33,1128.34,79.54,5.9,1966,mint_condition,apartment,C,district_heating,district_heating,Hamburg,9,132.04,92.97,True,False,False,True,2023-01-22,Modern apartment with great amenities,1,30.35,0.3404
740.77,1042.03,26.83,4.9,1956,first_time_use,roof_storey,B,gas_heating,oil,Nordrhein_Westfalen,6,208.55,92.7,False,False,False,True,2023-08-12,Modern apartment with great amenities,2,19.74,0.3215
745.55,1003.53,48.17,4.0,1998,mint_condition,ground_floor,A,floor_heating,gas,Bayern,0,132.38,125.61,True,False,True,False,2023-10-11,Modern apartment with great amenities,2,26.94,0.3601
627.69,883.34,80.59,1.3,1976,mint_condition,apartment,G,central_heating,district_heating,Baden_Württemberg,2,183.09,72.56,False,True,False,False,2023-12-16,Modern apartment with great amenities,2,38.93,0.3277
1570.62,1859.51,62.69,1.1,1958,modernized,ground_floor,A,district_heating,gas,Berlin,9,168.71,120.18,False,True,False,False,2023-12-26,Modern apartment with great amenities,1,27.35,0.3398
499.82,728.0,85.04,1.7,1965,well_kept,apartment,A+,floor_heating,gas,Nordrhein_Westfalen,3,119.49,108.7,True,False,True,True,2023-08-21,Modern apartment with great amenities,1,32.92,0.301
925.34,1135.76,62.6,1.7,1954,fully_renovated,apartment,C,district_heating,gas,Bayern,7,56.75,153.67,True,False,True,True,2023-04-20,Modern apartment with great amenities,1,28.46,0.2226
945.12,1248.58,63.11,1.5,1978,fully_renovated,apartment,C,district_heating,oil,Berlin,4,199.21,104.25,False,True,False,False,2023-02-02,Modern apartment with great amenities,0,37.41,0.328
1067.54,1219.28,66.23,2.4,1973,mint_condition,apartment,D,district_heating,gas,Hamburg,6,79.6,72.14,False,False,False,True,2023-01-17,Modern apartment with great amenities,1,31.33,0.2579
1006.16,1261.42,72.64,5.6,2010,well_kept,penthouse,D,district_heating,gas,Bayern,8,156.98,98.28,False,True,False,True,2023-09-04,Modern apartment with great amenities,2,33.25,0.2639
1221.46,1417.88,55.54,4.0,2016,modernized,penthouse,G,floor_heating,district_heating,Hamburg,7,132.4,64.02,False,True,True,True,2023-04-04,Modern apartment with great amenities,1,25.22,0.3326
856.18,1086.32,92.1,3.5,1964,modernized,maisonette,A,gas_heating,district_heating,Hessen,0,110.69,119.46,False,False,True,False,2023-05-13,Modern apartment with great amenities,0,31.55,0.2047
775.68,1020.8,95.64,5.6,1973,fully_renovated,apartment,E,floor_heating,district_heating,Baden_Württemberg,0,121.78,123.34,False,False,False,False,2023-01-16,Modern apartment with great amenities,2,31.4,0.3193
639.88,826.12,43.3,1.1,1961,well_kept,maisonette,E,floor_heating,electricity,Hamburg,6,96.48,89.76,True,False,False,False,2023-08-07,Modern apartment with great amenities,2,25.88,0.3517
576.27,881.89,52.64,2.6,1978,modernized,penthouse,D,gas_heating,oil,Hamburg,9,175.78,129.85,False,True,False,False,2023-05-12,Modern apartment with great amenities,2,29.27,0.2985
1210.43,1475.16,84.68,4.6,1974,mint_condition,maisonette,E,floor_heating,gas,Hamburg,3,166.77,97.96,True,False,False,False,2023-01-26,Modern apartment with great amenities,0,32.98,0.2109
1023.55,1267.65,92.72,4.2,1985,mint_condition,roof_storey,G,gas_heating,oil,Baden_Württemberg,5,172.25,71.85,False,False,True,False,2023-02-17,Modern apartment with great amenities,0,37.47,0.3403
1330.13,1450.93,127.43,4.5,2016,fully_renovated,penthouse,A+,district_heating,gas,Berlin,2,59.41,61.38,False,False,True,False,2023-10-02,Modern apartment with great amenities,2,38.87,0.3619
710.45,949.22,79.55,2.1,1997,mint_condition,apartment,A,floor_heating,gas,Hamburg,9,163.78,74.99,True,True,True,False,2023-11-11,Modern apartment with great amenities,2,31.0,0.2939
404.74,622.92,57.01,1.0,1978,mint_condition,roof_storey,F,central_heating,oil,Nordrhein_Westfalen,2,84.73,133.46,False,True,False,True,2023-04-03,Modern apartment with great amenities,1,32.49,0.3792
721.13,1008.91,70.02,4.6,2017,mint_condition,ground_floor,F,gas_heating,district_heating,Hamburg,3,185.18,102.6,False,True,False,False,2023-04-14,Modern apartment with great amenities,2,24.02,0.2499
1203.82,1456.39,63.77,5.3,2010,well_kept,roof_storey,B,central_heating,oil,Bayern,1,168.32,84.25,True,False,True,True,2023-06-01,Modern apartment with great amenities,1,32.08,0.3031
1043.24,1360.02,111.23,2.4,1970,fully_renovated,maisonette,F,district_heating,gas,Bayern,7,173.05,143.74,False,True,True,False,2023-01-13,Modern apartment with great amenities,2,25.58,0.3163
1050.93,1355.39,84.67,3.4,2021,well_kept,ground_floor,D,district_heating,gas,Berlin,2,222.93,81.52,True,False,False,True,2023-07-09,Modern apartment with great amenities,1,34.61,0.292
862.09,1114.49,89.32,5.8,2000,fully_renovated,ground_floor,B,district_heating,gas,Berlin,9,165.46,86.94,False,False,True,True,2023-04-09,Modern apartment with great amenities,0,34.37,0.3145
1283.44,1486.3,93.26,4.1,2000,modernized,ground_floor,C,district_heating,oil,Bayern,5,110.5,92.36,True,False,False,True,2023-12-18,Modern apartment with great amenities,0,33.01,0.2638
1066.33,1251.63,78.38,5.6,1970,modernized,ground_floor,D,central_heating,electricity,Berlin,8,83.2,102.1,False,True,True,True,2023-07-07,Modern apartment with great amenities,0,43.79,0.2891
780.1,1049.3,81.08,2.1,2021,fully_renovated,maisonette,G,gas_heating,electricity,Hessen,3,187.96,81.24,False,True,True,True,2023-05-02,Modern apartment with great amenities,2,37.15,0.3353
932.91,1257.13,53.02,5.7,1964,fully_renovated,penthouse,A+,gas_heating,electricity,Berlin,6,183.33,140.9,True,True,True,True,2023-11-08,Modern apartment with great amenities,0,28.72,0.2963
1065.12,1217.21,67.6,5.6,1996,fully_renovated,roof_storey,G,floor_heating,district_heating,Hessen,3,67.38,84.7,False,True,False,False,2023-02-05,Modern apartment with great amenities,1,27.2,0.4
774.03,1048.78,83.77,4.0,1964,mint_condition,penthouse,A+,gas_heating,electricity,Baden_Württemberg,6,138.22,136.54,False,False,True,True,2023-07-01,Modern apartment with great amenities,2,27.31,0.2505
1077.36,1331.24,65.69,5.1,1958,fully_renovated,ground_floor,D,central_heating,oil,Bayern,2,154.3,99.58,False,False,True,False,2023-05-24,Modern apartment with great amenities,2,35.12,0.2437
1152.98,1375.23,85.99,2.0,1994,modernized,apartment,H,district_heating,electricity,Hessen,9,116.96,105.29,True,False,False,True,2023-10-14,Modern apartment with great amenities,1,28.3,0.2853
1346.3,1625.93,79.88,1.6,1951,fully_renovated,apartment,A+,district_heating,electricity,Bayern,4,187.28,92.35,False,False,False,False,2023-08-26,Modern apartment with great amenities,2,32.7,0.2852
888.99,1125.97,91.38,3.1,2006,mint_condition,penthouse,A+,district_heating,district_heating,Bayern,1,147.06,89.92,True,False,False,False,2023-04-03,Modern apartment with great amenities,1,25.77,0.2904
1008.25,1245.54,107.06,3.1,1978,mint_condition,roof_storey,H,district_heating,district_heating,Hamburg,4,161.29,76.0,False,False,True,True,2023-01-17,Modern apartment with great amenities,0,36.87,0.3678
998.65,1359.65,56.4,4.4,1977,well_kept,penthouse,F,district_heating,gas,Berlin,6,225.14,135.85,True,True,True,True,2023-04-04,Modern apartment with great amenities,1,20.23,0.3619
885.71,1200.19,55.14,3.7,1986,well_kept,ground_floor,F,gas_heating,gas,Bayern,5,168.99,145.48,False,False,False,False,2023-05-14,Modern apartment with great amenities,2,22.46,0.2064
1477.72,1788.82,71.87,3.9,1995,first_time_use,maisonette,B,district_heating,electricity,Bayern,0,198.04,113.06,True,True,False,True,2023-09-08,Modern apartment with great amenities,0,29.35,0.2867
433.01,732.47,92.12,3.6,1981,well_kept,penthouse,A+,floor_heating,oil,Hessen,3,193.26,106.2,False,True,False,False,2023-12-07,Modern apartment with great amenities,0,34.72,0.1829
655.39,1007.5,56.3,2.9,1955,first_time_use,ground_floor,H,floor_heating,gas,Baden_Württemberg,0,189.07,163.04,False,True,False,True,2023-11-26,Modern apartment with great amenities,0,29.65,0.2851
893.75,1192.31,79.49,5.9,1999,fully_renovated,maisonette,F,gas_heating,district_heating,Berlin,7,185.44,113.12,False,False,True,False,2023-08-17,Modern apartment with great amenities,2,27.93,0.2384
926.69,1179.84,108.14,4.8,1955,mint_condition,apartment,D,gas_heating,electricity,Baden_Württemberg,6,157.52,95.63,False,False,True,True,2023-01-12,Modern apartment with great amenities,1,24.9,0.2781
687.31,869.99,115.07,2.8,1992,modernized,apartment,B,district_heating,gas,Baden_Württemberg,8,119.88,62.8,False,True,False,True,2023-08-13,Modern apartment with great amenities,2,29.3,0.3765
894.63,1112.36,75.75,3.0,1996,mint_condition,maisonette,E,floor_heating,district_heating,Berlin,4,84.46,133.28,False,False,True,True,2023-05-09,Modern apartment with great amenities,0,22.13,0.3647
724.05,994.06,108.61,1.0,2006,fully_renovated,maisonette,C,floor_heating,district_heating,Hamburg,4,206.74,63.27,True,False,True,False,2023-09-26,Modern apartment with great amenities,0,29.06,0.3429
796.14,1143.31,65.79,2.9,1991,well_kept,roof_storey,F,gas_heating,gas,Berlin,8,203.91,143.25,False,True,True,True,2023-12-16,Modern apartment with great amenities,2,30.35,0.2396
1284.4,1521.62,51.42,2.5,2006,fully_renovated,roof_storey,B,floor_heating,district_heating,Hamburg,1,107.25,129.98,True,False,True,False,2023-05-24,Modern apartment with great amenities,0,32.15,0.1732
1721.54,2026.1,80.87,4.7,1962,fully_renovated,maisonette,D,gas_heating,gas,Nordrhein_Westfalen,4,207.03,97.52,True,False,False,True,2023-10-07,Modern apartment with great amenities,2,18.04,0.2777
972.05,1239.52,75.21,1.1,1976,modernized,ground_floor,F,gas_heating,district_heating,Baden_Württemberg,7,158.43,109.04,False,False,True,False,2023-08-01,Modern apartment with great amenities,2,25.41,0.3275
881.58,1169.54,120.2,2.8,1982,fully_renovated,roof_storey,A,central_heating,district_heating,Bayern,1,205.13,82.83,False,True,False,False,2023-07-25,Modern apartment with great amenities,1,35.58,0.3645
950.82,1205.96,60.76,4.6,2018,modernized,roof_storey,D,central_heating,district_heating,Hamburg,2,139.98,115.16,True,True,False,False,2023-05-05,Modern apartment with great amenities,0,27.63,0.1777
753.81,926.49,66.52,4.7,2013,modernized,ground_floor,A,district_heating,district_heating,Berlin,9,106.49,66.19,False,True,True,True,2023-10-25,Modern apartment with great amenities,1,36.84,0.3111
839.21,1075.71,81.24,5.6,1981,modernized,ground_floor,E,district_heating,electricity,Hamburg,7,137.52,98.99,True,True,False,True,2023-02-04,Modern apartment with great amenities,1,32.45,0.3243
1101.7,1323.63,68.66,1.8,1975,modernized,penthouse,G,gas_heating,gas,Bayern,2,160.3,61.63,False,True,False,False,2023-03-27,Modern apartment with great amenities,0,24.88,0.3098
1274.32,1565.34,85.05,1.9,1996,modernized,apartment,G,district_heating,oil,Baden_Württemberg,6,190.85,100.16,False,True,False,True,2023-12-08,Modern apartment with great amenities,1,26.29,0.4015
744.24,983.76,102.07,2.0,1996,well_kept,ground_floor,A+,central_heating,oil,Berlin,4,109.79,129.73,True,False,True,True,2023-06-23,Modern apartment with great amenities,2,29.22,0.2499
838.45,1140.23,65.03,3.7,2022,mint_condition,ground_floor,B,central_heating,electricity,Bayern,0,147.67,154.11,True,True,False,False,2023-02-22,Modern apartment with great amenities,2,33.56,0.2617
799.0,1039.45,89.76,4.8,1968,first_time_use,maisonette,C,gas_heating,electricity,Baden_Württemberg,3,128.26,112.19,True,False,True,False,2023-01-17,Modern apartment with great amenities,1,33.17,0.2642
929.12,1268.99,76.22,6.0,1981,modernized,apartment,A+,district_heating,district_heating,Hessen,2,185.57,154.29,False,True,False,False,2023-07-16,Modern apartment with great amenities,1,31.9,0.2263
843.79,1080.99,92.1,3.6,2010,mint_condition,roof_storey,D,district_heating,electricity,Berlin,4,175.65,61.56,True,True,False,False,2023-01-01,Modern apartment with great amenities,0,35.81,0.2449
1348.05,1642.77,94.38,3.9,1985,first_time_use,roof_storey,B,floor_heating,oil,Nordrhein_Westfalen,9,183.2,111.53,True,False,False,True,2023-10-15,Modern apartment with great amenities,1,34.69,0.2473
845.35,1109.49,76.04,1.1,1995,fully_renovated,penthouse,A+,central_heating,gas,Hamburg,6,90.24,173.89,True,True,True,False,2023-06-20,Modern apartment with great amenities,0,35.42,0.2333
677.18,950.66,90.3,3.1,1985,mint_condition,apartment,C,floor_heating,electricity,Hessen,7,122.42,151.07,False,False,False,False,2023-08-10,Modern apartment with great amenities,2,20.14,0.3467
924.8,1129.88,62.35,1.1,2002,fully_renovated,roof_storey,B,district_heating,oil,Berlin,9,112.97,92.12,True,False,True,False,2023-05-26,Modern apartment with great amenities,0,28.91,0.2637
482.72,830.59,88.19,3.1,1975,well_kept,ground_floor,A,floor_heating,district_heating,Baden_Württemberg,6,228.29,119.58,False,True,True,True,2023-12-11,Modern apartment with great amenities,0,31.8,0.3376
877.84,1228.77,74.01,5.1,2001,first_time_use,maisonette,A,central_heating,oil,Nordrhein_Westfalen,4,192.57,158.35,False,False,False,True,2023-10-15,Modern apartment with great amenities,1,19.03,0.3233
669.8,915.07,91.52,2.6,1978,well_kept,penthouse,F,gas_heating,gas,Nordrhein_Westfalen,3,169.32,75.96,True,False,False,True,2023-02-18,Modern apartment with great amenities,0,30.94,0.3878
1136.38,1401.53,80.24,3.5,1973,modernized,ground_floor,D,floor_heating,electricity,Bayern,1,124.65,140.5,True,False,True,False,2023-02-11,Modern apartment with great amenities,1,37.18,0.2776
1185.44,1448.77,87.03,3.5,1967,modernized,roof_storey,G,gas_heating,oil,Bayern,7,144.35,118.98,False,True,False,True,2023-07-05,Modern apartment with great amenities,0,26.5,0.2855
1130.78,1376.02,63.39,5.1,1987,modernized,maisonette,C,floor_heating,district_heating,Nordrhein_Westfalen,9,118.68,126.56,False,True,False,True,2023-01-12,Modern apartment with great amenities,0,32.6,0.3006
1584.47,1740.49,99.44,4.0,1971,well_kept,maisonette,A+,floor_heating,gas,Hessen,4,124.84,31.18,True,False,False,False,2023-08-22,Modern apartment with great amenities,2,33.57,0.2654
781.56,1078.53,74.5,2.7,1952,first_time_use,ground_floor,C,district_heating,oil,Berlin,8,179.19,117.77,True,False,True,False,2023-01-24,Modern apartment with great amenities,2,23.64,0.323
1086.98,1343.31,88.16,4.7,1986,first_time_use,penthouse,F,floor_heating,gas,Baden_Württemberg,6,144.62,111.7,True,True,False,True,2023-02-25,Modern apartment with great amenities,2,36.04,0.3274
738.69,994.24,58.69,2.3,2019,mint_condition,roof_storey,D,central_heating,electricity,Baden_Württemberg,1,190.15,65.41,False,True,True,True,2023-04-15,Modern apartment with great amenities,1,29.27,0.3033
1783.0,2003.78,76.12,4.9,2011,well_kept,apartment,A,gas_heating,district_heating,Berlin,7,142.49,78.29,True,True,False,True,2023-04-21,Modern apartment with great amenities,2,33.01,0.3033
1147.64,1306.07,74.69,1.8,2004,modernized,roof_storey,H,floor_heating,district_heating,Hessen,3,58.36,100.07,True,False,False,False,2023-11-10,Modern apartment with great amenities,1,27.1,0.2262
1194.64,1475.67,89.42,3.8,2019,fully_renovated,penthouse,F,district_heating,electricity,Hessen,2,177.7,103.33,True,False,True,False,2023-09-12,Modern apartment with great amenities,1,37.9,0.2841
1159.12,1390.43,59.17,2.9,1996,first_time_use,ground_floor,H,district_heating,oil,Berlin,2,116.45,114.86,False,True,False,False,2023-05-14,Modern apartment with great amenities,2,28.82,0.3311
700.76,940.05,91.89,3.5,1979,fully_renovated,roof_storey,E,gas_heating,district_heating,Nordrhein_Westfalen,4,115.99,123.3,True,True,True,False,2023-12-17,Modern apartment with great amenities,1,27.43,0.3298
1012.04,1255.02,58.4,5.2,1972,first_time_use,roof_storey,D,district_heating,gas,Nordrhein_Westfalen,4,144.57,98.41,False,False,False,False,2023-02-06,Modern apartment with great amenities,1,30.22,0.3522
1272.95,1435.12,69.34,3.9,2008,mint_condition,ground_floor,C,district_heating,oil,Baden_Württemberg,9,75.05,87.12,True,False,False,True,2023-04-19,Modern apartment with great amenities,0,27.72,0.3401
829.72,1201.06,75.44,4.3,2014,mint_condition,penthouse,D,district_heating,district_heating,Bayern,8,251.97,119.37,False,True,False,False,2023-11-25,Modern apartment with great amenities,2,34.55,0.3024
1033.88,1250.29,75.86,4.3,2018,mint_condition,apartment,D,central_heating,electricity,Baden_Württemberg,1,143.97,72.44,False,True,False,False,2023-04-17,Modern apartment with great amenities,1,25.51,0.3095
746.45,1002.26,64.11,3.4,1990,first_time_use,roof_storey,A+,district_heating,electricity,Hamburg,6,155.52,100.29,False,True,False,True,2023-05-05,Modern apartment with great amenities,2,30.69,0.3845
1176.33,1417.57,60.54,4.7,1994,first_time_use,maisonette,C,floor_heating,gas,Berlin,1,135.72,105.52,True,False,False,False,2023-11-07,Modern apartment with great amenities,1,36.24,0.2871
1112.03,1390.97,76.76,2.7,2010,mint_condition,ground_floor,E,gas_heating,electricity,Baden_Württemberg,5,199.73,79.2,False,True,True,True,2023-05-11,Modern apartment with great amenities,2,25.64,0.2905
1209.2,1431.83,54.3,6.0,1973,mint_condition,penthouse,D,gas_heating,electricity,Bayern,3,160.43,62.2,True,True,False,False,2023-05-15,Modern apartment with great amenities,1,19.51,0.2283
1089.11,1234.41,48.65,3.9,1956,well_kept,apartment,C,floor_heating,district_heating,Baden_Württemberg,1,84.81,60.49,False,True,False,True,2023-04-02,Modern apartment with great amenities,0,31.71,0.2816
1495.39,1794.7,67.97,4.3,1978,modernized,penthouse,A+,central_heating,gas,Berlin,3,192.16,107.15,False,False,True,True,2023-09-24,Modern apartment with great amenities,2,27.71,0.3362
474.34,689.07,72.67,4.6,1962,mint_condition,maisonette,C,floor_heating,oil,Baden_Württemberg,0,100.82,113.91,True,True,False,False,2023-12-05,Modern apartment with great amenities,1,32.26,0.2814
1089.82,1393.41,87.03,1.3,1961,modernized,maisonette,F,gas_heating,district_heating,Nordrhein_Westfalen,7,174.43,129.16,True,True,True,False,2023-08-03,Modern apartment with great amenities,0,27.34,0.3145
900.83,1129.47,84.29,5.2,2007,first_time_use,roof_storey,E,central_heating,district_heating,Hessen,1,133.89,94.75,True,False,True,False,2023-03-21,Modern apartment with great amenities,2,30.94,0.2947
329.48,527.45,73.71,4.8,2001,fully_renovated,apartment,D,central_heating,oil,Baden_Württemberg,2,150.66,47.31,False,False,False,True,2023-09-12,Modern apartment with great amenities,1,27.01,0.3818
1161.86,1446.03,127.99,5.3,2013,fully_renovated,roof_storey,C,district_heating,oil,Bayern,5,179.24,104.93,False,False,True,True,2023-04-08,Modern apartment with great amenities,2,33.43,0.4322
1331.06,1513.55,80.96,4.1,1999,fully_renovated,apartment,F,central_heating,electricity,Nordrhein_Westfalen,8,91.56,90.93,False,False,False,False,2023-11-08,Modern apartment with great amenities,0,35.2,0.3128
592.75,845.62,59.77,3.8,2017,mint_condition,ground_floor,A+,floor_heating,district_heating,Berlin,6,167.29,85.58,True,False,True,False,2023-02-25,Modern apartment with great amenities,2,37.56,0.2423
1179.01,1420.59,101.63,3.1,1978,first_time_use,apartment,A,floor_heating,gas,Bayern,1,139.82,101.76,True,False,False,False,2023-02-04,Modern apartment with great amenities,0,31.74,0.3338
889.21,1182.36,85.45,3.2,1969,first_time_use,ground_floor,A,central_heating,gas,Baden_Württemberg,3,186.0,107.14,False,False,True,False,2023-12-17,Modern apartment with great amenities,1,28.97,0.2499
1208.53,1466.22,101.76,1.0,1963,well_kept,apartment,H,floor_heating,gas,Nordrhein_Westfalen,1,175.9,81.79,False,True,True,False,2023-10-18,Modern apartment with great amenities,0,28.77,0.3157
973.6,1211.05,78.38,2.7,2008,well_kept,apartment,D,gas_heating,district_heating,Baden_Württemberg,1,178.16,59.29,False,False,False,False,2023-01-09,Modern apartment with great amenities,2,28.93,0.4112
696.86,928.9,72.75,3.6,1998,well_kept,roof_storey,B,gas_heating,oil,Hessen,9,123.51,108.53,False,True,True,True,2023-10-12,Modern apartment with great amenities,2,23.2,0.3189
536.0,762.84,112.02,1.2,2001,first_time_use,maisonette,G,district_heating,oil,Hessen,0,143.59,83.25,True,True,True,False,2023-08-04,Modern apartment with great amenities,2,34.91,0.3655
609.86,737.03,67.56,1.8,1999,modernized,ground_floor,A+,district_heating,gas,Berlin,8,80.82,46.35,True,True,True,True,2023-06-12,Modern apartment with great amenities,1,31.0,0.2948
801.36,1083.02,81.26,2.3,2000,mint_condition,maisonette,H,floor_heating,district_heating,Nordrhein_Westfalen,5,140.03,141.63,True,False,False,True,2023-12-05,Modern apartment with great amenities,2,16.77,0.3056
1567.37,1762.65,115.85,5.2,1973,fully_renovated,apartment,A+,district_heating,district_heating,Baden_Württemberg,6,140.5,54.78,False,False,False,False,2023-06-17,Modern apartment with great amenities,1,31.71,0.2215
830.34,1070.29,102.81,4.8,1989,fully_renovated,maisonette,B,district_heating,oil,Bayern,4,167.72,72.23,True,False,False,False,2023-07-25,Modern apartment with great amenities,1,30.45,0.3442
794.88,1040.59,92.46,3.6,1987,modernized,penthouse,F,floor_heating,electricity,Berlin,4,169.7,76.01,True,True,True,False,2023-07-01,Modern apartment with great amenities,0,37.6,0.1898
1394.8,1715.37,71.49,5.0,1957,fully_renovated,ground_floor,C,central_heating,electricity,Hamburg,8,177.91,142.66,False,False,False,True,2023-06-05,Modern apartment with great amenities,0,32.24,0.2937
1006.43,1324.29,103.71,5.6,1964,modernized,ground_floor,A,gas_heating,oil,Bayern,7,214.26,103.6,False,False,True,False,2023-01-02,Modern apartment with great amenities,0,26.14,0.3014
567.87,797.32,89.99,4.4,2020,well_kept,maisonette,A+,central_heating,district_heating,Bayern,4,83.26,146.19,True,False,False,False,2023-10-02,Modern apartment with great amenities,2,28.59,0.265
1072.19,1305.98,50.62,4.4,2021,fully_renovated,penthouse,B,gas_heating,oil,Berlin,1,113.94,119.85,False,False,True,False,2023-11-08,Modern apartment with great amenities,1,36.57,0.2409
1250.95,1471.68,77.37,5.6,1975,well_kept,apartment,B,gas_heating,oil,Hessen,3,109.76,110.98,False,True,True,True,2023-10-01,Modern apartment with great amenities,1,34.9,0.3268
642.24,993.57,49.09,4.7,1953,well_kept,ground_floor,B,floor_heating,oil,Baden_Württemberg,5,235.79,115.54,False,False,True,False,2023-03-15,Modern apartment with great amenities,1,23.36,0.2209
918.23,1095.88,72.96,3.3,1988,fully_renovated,apartment,E,floor_heating,gas,Bayern,9,120.97,56.68,True,True,True,False,2023-10-08,Modern apartment with great amenities,2,38.81,0.347
1314.73,1550.73,34.15,4.7,1993,mint_condition,maisonette,H,district_heating,district_heating,Hamburg,8,139.4,96.6,False,True,False,True,2023-02-14,Modern apartment with great amenities,1,28.41,0.2425
537.97,749.46,71.79,4.7,2021,fully_renovated,apartment,G,floor_heating,electricity,Hessen,9,120.03,91.46,False,False,True,True,2023-04-19,Modern apartment with great amenities,1,34.3,0.2318
1134.42,1442.85,90.68,1.7,1993,first_time_use,penthouse,G,district_heating,oil,Berlin,0,231.95,76.48,True,True,False,False,2023-09-07,Modern apartment with great amenities,2,32.59,0.3102
1348.61,1666.53,75.41,5.9,1970,modernized,apartment,G,district_heating,oil,Bayern,1,185.97,131.96,True,False,False,True,2023-10-20,Modern apartment with great amenities,0,30.56,0.32
1019.8,1299.09,79.9,1.2,1969,mint_condition,penthouse,F,gas_heating,electricity,Nordrhein_Westfalen,8,139.94,139.36,True,False,True,True,2023-08-16,Modern apartment with great amenities,0,25.59,0.3116
549.23,801.72,79.27,5.0,1964,first_time_use,penthouse,F,gas_heating,oil,Hamburg,9,106.95,145.54,False,False,False,False,2023-03-25,Modern apartment with great amenities,2,30.76,0.2645
1171.66,1455.19,92.89,1.2,1961,well_kept,maisonette,H,gas_heating,oil,Berlin,6,182.27,101.26,False,False,False,True,2023-04-27,Modern apartment with great amenities,1,34.55,0.3097
996.99,1193.06,56.97,4.6,1962,fully_renovated,roof_storey,C,gas_heating,gas,Hessen,9,119.54,76.53,True,True,False,False,2023-04-12,Modern apartment with great amenities,1,26.37,0.3568
1160.44,1438.95,76.32,3.5,1989,first_time_use,apartment,A,gas_heating,district_heating,Bayern,0,201.23,77.28,False,False,True,True,2023-02-16,Modern apartment with great amenities,0,22.94,0.2472
807.81,1043.06,63.81,4.7,2019,modernized,roof_storey,B,district_heating,oil,Nordrhein_Westfalen,9,152.05,83.21,False,True,True,True,2023-12-22,Modern apartment with great amenities,2,28.23,0.3246
1234.01,1480.73,70.54,1.2,1998,first_time_use,ground_floor,C,district_heating,electricity,Berlin,6,167.18,79.54,True,False,True,False,2023-03-25,Modern apartment with great amenities,0,27.06,0.3486
617.48,1035.16,96.29,2.0,2004,modernized,roof_storey,G,central_heating,gas,Bayern,8,318.41,99.26,True,True,False,False,2023-04-26,Modern apartment with great amenities,2,30.56,0.2836
900.2,1207.22,62.88,1.7,1990,well_kept,penthouse,A+,district_heating,electricity,Nordrhein_Westfalen,0,190.24,116.77,False,False,True,False,2023-10-14,Modern apartment with great amenities,0,30.83,0.3026
1140.35,1502.69,42.78,1.5,1973,mint_condition,penthouse,B,gas_heating,district_heating,Bayern,2,219.98,142.37,True,True,True,False,2023-08-14,Modern apartment with great amenities,0,32.13,0.2994
1357.99,1640.77,97.09,3.5,2013,first_time_use,penthouse,C,floor_heating,gas,Bayern,9,126.04,156.74,False,True,False,True,2023-04-26,Modern apartment with great amenities,2,27.55,0.2371
1139.39,1323.08,112.69,1.6,1960,fully_renovated,penthouse,D,district_heating,oil,Hessen,9,113.2,70.49,False,True,True,True,2023-07-05,Modern apartment with great amenities,1,30.13,0.3331
734.19,1035.72,103.31,2.5,1984,modernized,roof_storey,F,gas_heating,district_heating,Baden_Württemberg,3,197.05,104.48,True,False,True,True,2023-09-15,Modern apartment with great amenities,0,35.69,0.1914
879.26,1037.05,108.39,1.3,1992,modernized,ground_floor,H,central_heating,electricity,Baden_Württemberg,7,86.07,71.73,False,False,True,False,2023-03-03,Modern apartment with great amenities,1,35.74,0.2481
647.59,868.35,92.11,2.6,2011,well_kept,ground_floor,C,gas_heating,electricity,Baden_Württemberg,7,88.32,132.44,False,True,False,False,2023-07-10,Modern apartment with great amenities,1,28.46,0.3129
1288.4,1569.2,78.67,6.0,2017,well_kept,penthouse,H,district_heating,district_heating,Berlin,4,115.73,165.08,True,True,True,True,2023-03-02,Modern apartment with great amenities,1,29.44,0.2706
1056.54,1195.67,91.45,5.3,1950,fully_renovated,roof_storey,E,district_heating,electricity,Bayern,0,48.62,90.5,True,True,False,True,2023-02-09,Modern apartment with great amenities,0,33.09,0.3152
219.02,485.51,82.75,4.4,1969,mint_condition,ground_floor,C,district_heating,district_heating,Hamburg,9,188.24,78.26,False,True,True,True,2023-09-18,Modern apartment with great amenities,2,25.52,0.2844
1107.4,1287.03,82.74,5.3,2017,first_time_use,roof_storey,H,gas_heating,oil,Baden_Württemberg,4,99.47,80.16,True,False,False,False,2023-08-12,Modern apartment with great amenities,0,36.97,0.2722
1243.84,1478.05,72.8,2.4,1988,fully_renovated,apartment,G,district_heating,gas,Hamburg,3,153.44,80.78,True,False,True,False,2023-10-17,Modern apartment with great amenities,2,24.15,0.3002
922.14,1191.96,59.44,2.0,1950,fully_renovated,penthouse,A+,district_heating,gas,Hessen,3,143.99,125.83,False,False,True,True,2023-06-18,Modern apartment with great amenities,1,32.04,0.3114
1195.47,1473.02,88.75,4.5,2005,mint_condition,maisonette,E,floor_heating,oil,Berlin,3,173.42,104.14,False,True,True,False,2023-08-17,Modern apartment with great amenities,0,34.52,0.2609
1016.58,1310.36,52.92,5.1,2018,first_time_use,maisonette,C,central_heating,district_heating,Hessen,2,197.85,95.93,True,True,False,False,2023-09-27,Modern apartment with great amenities,2,25.13,0.3212
618.92,892.47,93.77,4.8,1994,mint_condition,roof_storey,A,gas_heating,district_heating,Berlin,1,175.35,98.21,False,True,True,True,2023-11-07,Modern apartment with great amenities,1,37.44,0.321
1558.81,1793.77,80.31,1.8,1998,well_kept,roof_storey,C,district_heating,oil,Berlin,7,114.35,120.61,False,True,False,False,2023-09-16,Modern apartment with great amenities,1,31.87,0.2822
1446.09,1773.85,48.01,4.7,1958,first_time_use,penthouse,D,gas_heating,gas,Berlin,8,236.53,91.23,True,True,False,True,2023-11-01,Modern apartment with great amenities,0,31.18,0.2543
762.96,986.07,100.25,3.6,2017,first_time_use,penthouse,F,gas_heating,gas,Hessen,6,161.17,61.94,True,False,False,True,2023-06-13,Modern apartment with great amenities,2,44.87,0.3175
568.76,659.11,63.01,4.3,1986,fully_renovated,penthouse,G,gas_heating,gas,Hamburg,8,27.86,62.49,True,True,False,True,2023-07-13,Modern apartment with great amenities,0,33.7,0.2834
1248.86,1575.16,90.63,2.0,1982,fully_renovated,roof_storey,A+,floor_heating,electricity,Baden_Württemberg,5,192.55,133.76,True,False,False,True,2023-11-17,Modern apartment with great amenities,1,26.84,0.3017
1066.21,1424.14,68.4,5.3,1955,fully_renovated,apartment,G,district_heating,oil,Baden_Württemberg,2,262.04,95.88,True,False,True,False,2023-04-08,Modern apartment with great amenities,2,40.88,0.3063
1050.67,1257.63,78.02,2.2,2005,fully_renovated,apartment,A+,gas_heating,oil,Hessen,7,123.04,83.91,True,False,False,True,2023-10-14,Modern apartment with great amenities,0,28.98,0.2431
461.65,708.46,64.01,3.0,2015,first_time_use,maisonette,C,floor_heating,gas,Baden_Württemberg,8,109.81,137.0,True,True,False,True,2023-01-05,Modern apartment with great amenities,2,31.06,0.2541
909.77,1163.15,77.06,5.0,1974,first_time_use,maisonette,A+,floor_heating,oil,Nordrhein_Westfalen,8,163.74,89.64,True,True,True,True,2023-09-11,Modern apartment with great amenities,2,31.8,0.3149
1468.67,1634.07,49.92,5.1,1968,fully_renovated,apartment,H,district_heating,electricity,Hamburg,8,135.62,29.78,True,True,False,False,2023-05-12,Modern apartment with great amenities,1,23.06,0.2933
984.95,1238.0,14.9,4.6,1954,well_kept,maisonette,D,district_heating,district_heating,Berlin,3,157.42,95.63,False,False,False,False,2023-03-02,Modern apartment with great amenities,2,30.05,0.2746
1271.83,1606.68,77.79,2.2,1971,fully_renovated,penthouse,A+,floor_heating,oil,Baden_Württemberg,8,181.55,153.3,False,True,True,False,2023-05-23,Modern apartment with great amenities,1,24.29,0.248
906.88,1112.85,92.97,3.3,2010,modernized,maisonette,B,gas_heating,oil,Hamburg,6,123.26,82.71,False,False,True,False,2023-09-17,Modern apartment with great amenities,2,25.39,0.35
1534.96,1762.15,70.2,5.7,1982,well_kept,penthouse,B,floor_heating,gas,Hamburg,4,120.61,106.58,False,True,True,True,2023-06-04,Modern apartment with great amenities,0,31.41,0.3007
1146.98,1366.33,56.42,4.4,1988,fully_renovated,ground_floor,G,central_heating,district_heating,Hessen,0,141.45,77.9,True,True,False,False,2023-03-19,Modern apartment with great amenities,0,35.33,0.3181
1014.46,1308.3,79.43,2.0,2013,well_kept,apartment,B,floor_heating,district_heating,Hamburg,0,194.73,99.11,False,False,True,True,2023-10-19,Modern apartment with great amenities,0,20.93,0.3033
285.91,524.29,78.14,4.7,1973,fully_renovated,roof_storey,H,district_heating,electricity,Bayern,4,130.6,107.78,False,False,False,False,2023-02-10,Modern apartment with great amenities,2,22.73,0.2431
1307.4,1562.21,109.08,2.5,1994,fully_renovated,roof_storey,E,central_heating,electricity,Baden_Württemberg,2,186.19,68.62,True,False,False,False,2023-11-19,Modern apartment with great amenities,1,25.48,0.3018
1362.4,1620.06,87.25,4.1,1955,fully_renovated,penthouse,E,floor_heating,district_heating,Baden_Württemberg,6,154.56,103.11,False,False,True,False,2023-05-13,Modern apartment with great amenities,2,33.84,0.2761
1033.4,1297.08,89.01,1.7,1956,fully_renovated,maisonette,F,floor_heating,electricity,Bayern,2,129.06,134.62,True,False,False,False,2023-04-01,Modern apartment with great amenities,1,30.53,0.2426
656.93,851.2,120.87,1.2,1951,fully_renovated,apartment,A+,floor_heating,gas,Hessen,2,73.22,121.06,True,False,True,False,2023-01-07,Modern apartment with great amenities,2,27.08,0.3207
869.96,1148.8,99.81,2.1,1993,mint_condition,penthouse,A+,gas_heating,electricity,Bayern,1,168.96,109.87,False,False,False,False,2023-09-10,Modern apartment with great amenities,1,32.93,0.27
796.52,1064.31,67.81,2.8,1974,well_kept,ground_floor,H,gas_heating,district_heating,Baden_Württemberg,8,155.99,111.79,False,True,False,False,2023-12-22,Modern apartment with great amenities,0,29.32,0.2502
718.49,930.92,47.42,3.6,2012,mint_condition,apartment,D,district_heating,oil,Bayern,5,137.31,75.13,True,False,False,False,2023-09-13,Modern apartment with great amenities,0,25.51,0.2898
921.1,1189.78,95.43,3.7,1963,well_kept,ground_floor,A,district_heating,district_heating,Hessen,4,135.34,133.35,False,True,True,False,2023-04-17,Modern apartment with great amenities,2,23.71,0.251
1634.47,1937.41,86.15,2.7,2005,first_time_use,penthouse,B,floor_heating,gas,Bayern,5,211.17,91.76,False,True,False,True,2023-10-12,Modern apartment with great amenities,0,25.51,0.3205
1166.83,1238.79,80.79,1.2,2000,modernized,maisonette,C,floor_heating,gas,Baden_Württemberg,1,46.24,25.72,False,False,False,True,2023-12-10,Modern apartment with great amenities,2,32.85,0.2869
192.71,568.75,84.73,5.0,1959,fully_renovated,roof_storey,B,central_heating,oil,Nordrhein_Westfalen,5,237.83,138.2,False,True,True,True,2023-08-08,Modern apartment with great amenities,2,28.48,0.302
928.2,1170.92,78.42,3.6,2020,fully_renovated,roof_storey,H,gas_heating,electricity,Berlin,9,116.5,126.23,True,True,True,False,2023-09-03,Modern apartment with great amenities,1,29.65,0.2313
248.2,605.97,78.6,4.4,1994,first_time_use,penthouse,A+,central_heating,gas,Berlin,4,174.44,183.33,False,True,False,True,2023-11-24,Modern apartment with great amenities,0,38.09,0.2561
801.91,1132.85,72.78,2.3,1998,first_time_use,maisonette,A+,central_heating,district_heating,Bayern,5,224.3,106.64,False,True,False,False,2023-07-14,Modern apartment with great amenities,2,41.79,0.262
934.2,1141.3,117.76,4.0,2011,modernized,apartment,G,gas_heating,electricity,Berlin,1,122.09,85.01,True,False,False,False,2023-04-10,Modern apartment with great amenities,0,18.4,0.3016
1163.31,1426.67,108.46,1.6,2011,first_time_use,penthouse,A+,central_heating,oil,Nordrhein_Westfalen,0,173.94,89.42,True,True,True,True,2023-05-03,Modern apartment with great amenities,2,31.08,0.2876
1111.54,1431.68,69.51,2.2,1959,well_kept,apartment,C,floor_heating,district_heating,Hessen,2,174.19,145.95,True,False,False,True,2023-01-02,Modern apartment with great amenities,2,33.91,0.3081
1157.5,1396.24,51.21,1.4,1999,first_time_use,maisonette,F,district_heating,district_heating,Berlin,7,114.98,123.75,True,True,True,True,2023-11-01,Modern apartment with great amenities,1,39.12,0.257
975.84,1200.77,92.85,3.8,2020,fully_renovated,penthouse,C,gas_heating,gas,Hessen,1,85.36,139.58,True,True,True,True,2023-03-08,Modern apartment with great amenities,1,27.42,0.2726
1188.59,1411.33,63.62,5.9,1981,modernized,roof_storey,D,floor_heating,electricity,Berlin,3,144.93,77.81,True,True,True,True,2023-12-05,Modern apartment with great amenities,2,23.17,0.3349
1062.44,1314.19,63.94,3.4,1996,mint_condition,penthouse,G,floor_heating,oil,Bayern,5,174.05,77.71,False,True,False,True,2023-06-21,Modern apartment with great amenities,1,36.04,0.3262
1250.09,1551.56,98.44,4.3,1992,well_kept,maisonette,F,district_heating,oil,Hamburg,4,217.97,83.51,True,False,True,True,2023-03-23,Modern apartment with great amenities,0,26.25,0.3552
1208.29,1472.83,65.4,2.3,2002,first_time_use,apartment,E,floor_heating,gas,Nordrhein_Westfalen,4,185.85,78.68,True,True,True,True,2023-08-10,Modern apartment with great amenities,0,28.56,0.2313
758.32,996.85,57.12,5.3,1970,modernized,penthouse,G,district_heating,gas,Hessen,5,129.68,108.85,True,True,True,False,2023-03-03,Modern apartment with great amenities,2,36.54,0.319
749.09,906.27,64.45,5.4,1976,mint_condition,penthouse,B,central_heating,electricity,Berlin,8,87.09,70.09,True,True,False,True,2023-01-01,Modern apartment with great amenities,2,30.47,0.3641
901.89,1174.28,113.55,2.8,1979,modernized,apartment,C,district_heating,electricity,Berlin,8,122.1,150.28,False,False,False,False,2023-01-15,Modern apartment with great amenities,1,32.4,0.2377
913.8,1068.47,85.13,2.3,2005,fully_renovated,roof_storey,A,central_heating,district_heating,Berlin,3,60.75,93.93,False,False,False,True,2023-02-26,Modern apartment with great amenities,1,35.29,0.2946
384.48,631.86,77.23,2.3,1950,modernized,penthouse,H,floor_heating,gas,Hamburg,5,90.65,156.73,False,False,False,False,2023-09-24,Modern apartment with great amenities,0,29.57,0.3053
1079.57,1315.24,79.93,2.4,1997,mint_condition,penthouse,C,floor_heating,district_heating,Bayern,8,106.6,129.07,False,True,False,False,2023-05-11,Modern apartment with great amenities,0,27.47,0.3597
725.4,1026.58,86.72,6.0,1984,first_time_use,ground_floor,D,floor_heating,district_heating,Berlin,7,133.95,167.23,False,False,True,False,2023-12-05,Modern apartment with great amenities,0,33.8,0.2313
789.17,927.24,81.35,2.5,2007,modernized,roof_storey,A,gas_heating,gas,Nordrhein_Westfalen,5,52.0,86.07,False,True,True,True,2023-11-11,Modern apartment with great amenities,0,29.77,0.282
887.81,1069.85,70.63,1.7,1976,first_time_use,roof_storey,B,floor_heating,gas,Berlin,6,81.86,100.17,False,True,True,True,2023-06-24,Modern apartment with great amenities,0,26.69,0.2881
781.99,1073.74,54.17,5.6,2020,mint_condition,maisonette,C,central_heating,district_heating,Berlin,9,183.42,108.33,False,True,True,False,2023-03-22,Modern apartment with great amenities,1,33.26,0.3078
1340.02,1542.31,57.15,2.3,1987,modernized,roof_storey,A,central_heating,oil,Nordrhein_Westfalen,2,122.73,79.55,True,True,False,False,2023-11-17,Modern apartment with great amenities,0,30.86,0.2266
1351.49,1686.54,100.42,2.4,1977,well_kept,apartment,A,gas_heating,oil,Hessen,9,203.57,131.48,True,False,True,True,2023-07-07,Modern apartment with great amenities,1,42.62,0.3603
882.6,1114.59,80.64,1.3,2008,mint_condition,penthouse,A,central_heating,gas,Nordrhein_Westfalen,7,123.05,108.94,False,True,False,True,2023-11-16,Modern apartment with great amenities,1,29.69,0.3505
721.64,924.56,80.72,4.3,1972,first_time_use,roof_storey,B,district_heating,electricity,Hessen,2,155.95,46.97,True,False,False,True,2023-11-21,Modern apartment with great amenities,2,22.26,0.2116
1049.67,1226.15,82.84,2.1,2013,first_time_use,roof_storey,F,central_heating,district_heating,Baden_Württemberg,5,112.84,63.65,False,False,True,True,2023-03-18,Modern apartment with great amenities,2,23.79,0.255
894.12,1170.02,75.59,3.2,1992,well_kept,roof_storey,G,central_heating,gas,Berlin,4,186.38,89.51,False,True,False,True,2023-08-26,Modern apartment with great amenities,2,25.19,0.2919
396.13,680.86,86.95,5.8,2021,modernized,roof_storey,D,gas_heating,electricity,Berlin,5,198.3,86.43,True,True,False,False,2023-10-03,Modern apartment with great amenities,2,33.65,0.3603
883.42,1148.65,88.51,3.3,1955,mint_condition,ground_floor,A,district_heating,oil,Baden_Württemberg,1,137.94,127.28,False,False,True,False,2023-07-03,Modern apartment with great amenities,0,24.96,0.2899
1310.99,1592.43,68.87,2.0,1962,well_kept,maisonette,D,central_heating,oil,Hamburg,1,147.07,134.38,False,True,False,True,2023-08-05,Modern apartment with great amenities,2,33.96,0.2443
746.37,963.28,85.46,5.4,2022,mint_condition,roof_storey,E,central_heating,oil,Berlin,9,199.36,17.55,True,True,False,True,2023-03-25,Modern apartment with great amenities,2,33.41,0.3348
1006.09,1279.8,69.46,4.3,1950,well_kept,roof_storey,B,district_heating,oil,Berlin,4,154.64,119.07,True,False,False,True,2023-11-20,Modern apartment with great amenities,0,35.06,0.2951
934.37,1116.48,89.17,3.9,2016,well_kept,maisonette,D,gas_heating,electricity,Berlin,9,84.16,97.95,True,False,True,True,2023-08-17,Modern apartment with great amenities,2,30.86,0.3317
1207.61,1533.63,28.05,4.0,2011,well_kept,apartment,D,floor_heating,gas,Baden_Württemberg,6,252.85,73.18,False,True,False,False,2023-04-19,Modern apartment with great amenities,2,18.04,0.2846
779.96,1068.75,71.27,2.5,1986,first_time_use,penthouse,F,central_heating,district_heating,Bayern,6,221.36,67.43,True,True,True,False,2023-03-02,Modern apartment with great amenities,2,29.15,0.2757
907.16,1095.49,63.04,1.5,2006,mint_condition,apartment,E,floor_heating,district_heating,Bayern,1,167.68,20.65,False,False,False,True,2023-09-22,Modern apartment with great amenities,0,29.51,0.2612
857.02,987.01,63.25,4.4,1950,well_kept,penthouse,G,district_heating,district_heating,Berlin,8,51.08,78.91,True,True,True,True,2023-04-13,Modern apartment with great amenities,1,38.34,0.3258
868.4,1169.5,71.24,1.7,2004,mint_condition,penthouse,E,central_heating,gas,Hamburg,4,222.91,78.2,False,True,False,True,2023-03-14,Modern apartment with great amenities,0,33.16,0.2819
813.77,1113.15,71.51,1.0,1982,mint_condition,penthouse,F,gas_heating,electricity,Nordrhein_Westfalen,7,155.42,143.96,False,False,False,False,2023-07-26,Modern apartment with great amenities,0,31.26,0.3393
1169.19,1330.54,97.96,1.7,1979,mint_condition,ground_floor,E,floor_heating,gas,Bayern,7,51.9,109.46,False,False,True,True,2023-06-17,Modern apartment with great amenities,0,27.99,0.3081
1383.57,1725.23,140.27,5.1,1993,modernized,ground_floor,C,gas_heating,district_heating,Hessen,5,222.41,119.26,False,False,True,False,2023-04-22,Modern apartment with great amenities,2,24.88,0.2724
799.5,1003.74,106.5,1.2,2020,fully_renovated,maisonette,D,floor_heating,district_heating,Bayern,2,132.48,71.75,True,True,True,True,2023-01-09,Modern apartment with great amenities,0,41.06,0.3103
750.25,996.35,108.8,3.2,2003,first_time_use,maisonette,B,district_heating,electricity,Berlin,6,137.53,108.57,False,True,True,True,2023-02-02,Modern apartment with great amenities,1,34.03,0.2748
1101.85,1435.89,64.74,1.4,1999,mint_condition,penthouse,F,gas_heating,oil,Bayern,1,233.1,100.95,True,False,True,False,2023-09-08,Modern apartment with great amenities,1,28.17,0.2456
1264.19,1527.26,88.86,3.0,2012,well_kept,apartment,C,floor_heating,electricity,Hessen,3,167.02,96.05,True,True,True,False,2023-11-22,Modern apartment with great amenities,2,26.23,0.2072
745.7,905.81,54.05,3.7,1996,mint_condition,apartment,H,central_heating,oil,Bayern,6,111.01,49.1,False,False,False,True,2023-10-11,Modern apartment with great amenities,0,24.58,0.2832
911.61,1065.36,60.28,5.4,2019,modernized,maisonette,A+,district_heating,district_heating,Baden_Württemberg,1,103.77,49.98,True,True,False,False,2023-04-09,Modern apartment with great amenities,0,27.9,0.2816
1091.35,1133.17,93.67,2.9,1971,mint_condition,penthouse,A+,central_heating,oil,Baden_Württemberg,0,23.88,65.7,True,False,False,True,2023-10-18,Modern apartment with great amenities,1,34.25,0.346
763.12,898.02,70.62,1.9,1973,modernized,roof_storey,C,central_heating,oil,Berlin,6,110.79,24.12,False,True,True,False,2023-12-04,Modern apartment with great amenities,2,22.49,0.3178
1087.79,1303.01,81.35,3.6,1972,mint_condition,penthouse,D,floor_heating,gas,Nordrhein_Westfalen,5,152.45,62.76,False,True,True,True,2023-03-15,Modern apartment with great amenities,1,31.3,0.337
1289.56,1537.15,68.03,3.8,1971,well_kept,ground_floor,H,gas_heating,gas,Bayern,5,182.44,65.15,True,True,False,True,2023-01-26,Modern apartment with great amenities,2,21.98,0.4106
532.68,847.08,95.18,2.6,1977,fully_renovated,ground_floor,A+,gas_heating,district_heating,Bayern,2,165.78,148.62,True,True,False,False,2023-03-27,Modern apartment with great amenities,0,23.39,0.3352
1179.35,1454.55,78.42,4.5,2013,fully_renovated,maisonette,F,floor_heating,gas,Baden_Württemberg,2,174.53,100.67,True,True,True,False,2023-03-07,Modern apartment with great amenities,1,31.18,0.2835
824.41,1164.57,41.27,5.0,2001,mint_condition,apartment,G,central_heating,gas,Bayern,8,242.63,97.52,True,True,True,False,2023-01-18,Modern apartment with great amenities,2,17.46,0.248
816.98,1080.42,133.69,5.5,1992,first_time_use,penthouse,E,floor_heating,electricity,Bayern,6,122.24,141.2,True,False,False,False,2023-02-05,Modern apartment with great amenities,0,39.49,0.3779
850.47,1092.92,89.73,2.0,2020,first_time_use,apartment,H,gas_heating,gas,Baden_Württemberg,9,158.28,84.16,True,True,False,False,2023-05-19,Modern apartment with great amenities,0,27.37,0.3127
928.5,1174.85,86.66,1.8,1950,well_kept,maisonette,E,district_heating,electricity,Baden_Württemberg,9,113.9,132.45,False,True,False,False,2023-03-25,Modern apartment with great amenities,0,34.58,0.3908
1130.42,1401.03,81.88,4.8,1961,well_kept,apartment,A,floor_heating,electricity,Nordrhein_Westfalen,9,168.1,102.51,False,False,False,True,2023-07-27,Modern apartment with great amenities,0,30.21,0.2483
969.92,1150.63,87.46,3.1,1956,modernized,penthouse,G,district_heating,electricity,Baden_Württemberg,9,122.75,57.96,False,True,False,False,2023-11-01,Modern apartment with great amenities,2,22.02,0.3804
749.1,944.7,60.49,2.7,1977,first_time_use,maisonette,G,central_heating,district_heating,Baden_Württemberg,5,138.39,57.21,False,False,True,True,2023-03-17,Modern apartment with great amenities,1,29.86,0.3413
762.99,1065.59,102.18,4.5,1985,well_kept,ground_floor,H,gas_heating,gas,Nordrhein_Westfalen,4,176.81,125.79,False,False,True,True,2023-08-18,Modern apartment with great amenities,2,36.26,0.3323
959.01,1160.85,24.26,1.7,1959,mint_condition,ground_floor,C,gas_heating,district_heating,Berlin,3,100.07,101.78,True,True,False,True,2023-05-25,Modern apartment with great amenities,1,33.16,0.2975
1795.85,2003.59,58.56,5.8,2004,fully_renovated,maisonette,D,gas_heating,electricity,Hessen,7,70.16,137.57,False,False,False,True,2023-02-19,Modern apartment with great amenities,2,33.22,0.3044
1334.1,1574.14,109.82,1.5,1963,well_kept,roof_storey,E,floor_heating,district_heating,Baden_Württemberg,9,163.74,76.3,True,False,False,False,2023-05-12,Modern apartment with great amenities,2,31.1,0.2056
811.69,993.51,77.14,5.0,1954,modernized,ground_floor,H,gas_heating,gas,Hamburg,9,78.23,103.6,False,False,True,True,2023-11-01,Modern apartment with great amenities,1,23.85,0.2544
579.35,753.6,52.33,2.0,2011,modernized,roof_storey,A+,district_heating,oil,Berlin,5,61.68,112.56,True,False,False,False,2023-07-02,Modern apartment with great amenities,2,37.99,0.3266
1038.7,1298.46,49.04,1.8,2001,modernized,roof_storey,A+,gas_heating,district_heating,Nordrhein_Westfalen,2,147.07,112.69,True,False,False,False,2023-12-24,Modern apartment with great amenities,0,33.29,0.3048
1004.84,1306.66,54.77,1.9,2009,modernized,ground_floor,A,gas_heating,gas,Hessen,8,174.91,126.91,False,True,True,True,2023-03-12,Modern apartment with great amenities,2,21.24,0.3117
615.06,876.1,51.06,3.2,1997,fully_renovated,ground_floor,H,floor_heating,gas,Baden_Württemberg,7,125.24,135.81,True,False,False,True,2023-10-16,Modern apartment with great amenities,0,40.09,0.3799
871.81,1172.61,123.81,4.5,1984,first_time_use,penthouse,B,gas_heating,gas,Hamburg,2,204.61,96.2,True,False,False,True,2023-08-02,Modern apartment with great amenities,1,26.03,0.194
1098.4,1409.84,96.54,4.2,1996,first_time_use,penthouse,C,gas_heating,gas,Baden_Württemberg,8,202.58,108.86,True,True,True,True,2023-08-21,Modern apartment with great amenities,1,38.95,0.2135
1309.51,1486.99,88.95,4.8,2001,modernized,maisonette,A+,gas_heating,district_heating,Nordrhein_Westfalen,9,89.14,88.34,True,False,True,False,2023-02-03,Modern apartment with great amenities,0,38.5,0.3332
1020.27,1305.22,51.96,1.2,1980,mint_condition,roof_storey,E,central_heating,oil,Hessen,6,180.89,104.07,True,False,False,False,2023-03-26,Modern apartment with great amenities,0,33.27,0.2921
984.25,1073.77,58.6,3.1,1986,mint_condition,apartment,B,central_heating,district_heating,Berlin,6,2.56,86.96,True,True,True,False,2023-11-04,Modern apartment with great amenities,2,26.17,0.3158
1200.35,1486.28,52.59,4.1,1966,mint_condition,ground_floor,D,district_heating,gas,Bayern,8,127.93,158.0,True,False,False,False,2023-09-08,Modern apartment with great amenities,2,22.11,0.3297
804.98,1064.5,108.33,3.6,2017,well_kept,apartment,F,district_heating,gas,Nordrhein_Westfalen,2,166.24,93.29,False,False,True,True,2023-02-04,Modern apartment with great amenities,0,34.0,0.2942
1432.41,1627.12,100.67,5.4,1968,modernized,roof_storey,F,gas_heating,electricity,Hessen,0,83.16,111.56,True,True,False,False,2023-09-26,Modern apartment with great amenities,1,27.92,0.2596
990.9,1198.77,78.98,3.3,1954,fully_renovated,penthouse,C,central_heating,gas,Hessen,7,132.37,75.5,False,False,False,False,2023-11-16,Modern apartment with great amenities,1,32.52,0.3241
856.64,1140.47,107.8,4.6,2007,fully_renovated,roof_storey,D,district_heating,gas,Baden_Württemberg,2,163.49,120.35,False,True,True,True,2023-03-24,Modern apartment with great amenities,0,22.33,0.3538
1465.53,1691.4,86.52,3.2,2002,well_kept,roof_storey,B,gas_heating,gas,Nordrhein_Westfalen,9,151.85,74.02,True,False,True,False,2023-12-14,Modern apartment with great amenities,1,31.62,0.2417
1145.52,1407.55,97.6,4.8,2015,mint_condition,maisonette,G,district_heating,oil,Hessen,3,141.4,120.62,True,True,True,False,2023-03-04,Modern apartment with great amenities,1,23.81,0.2907
724.9,986.71,95.28,3.7,1959,well_kept,penthouse,D,district_heating,electricity,Hessen,7,159.75,102.06,True,False,True,False,2023-07-24,Modern apartment with great amenities,2,34.76,0.2199
588.81,852.19,58.59,5.9,1995,fully_renovated,ground_floor,A,floor_heating,gas,Nordrhein_Westfalen,2,129.73,133.64,True,True,False,False,2023-03-02,Modern apartment with great amenities,1,31.14,0.2699
966.89,1134.29,102.6,3.4,1983,modernized,penthouse,F,central_heating,electricity,Bayern,9,96.79,70.6,False,True,True,False,2023-06-18,Modern apartment with great amenities,0,34.39,0.3941
869.03,1203.23,90.56,5.3,2009,well_kept,penthouse,E,central_heating,gas,Bayern,3,217.68,116.52,False,False,False,False,2023-04-10,Modern apartment with great amenities,2,35.84,0.2204
873.32,1225.29,81.03,5.7,2008,modernized,maisonette,E,district_heating,district_heating,Baden_Württemberg,5,227.8,124.17,False,False,True,False,2023-12-04,Modern apartment with great amenities,2,25.05,0.3081
639.63,813.62,80.75,4.5,1952,fully_renovated,penthouse,D,district_heating,oil,Berlin,6,97.86,76.13,False,True,False,True,2023-09-09,Modern apartment with great amenities,0,24.5,0.2922
1132.8,1358.06,86.95,4.2,1950,fully_renovated,maisonette,F,central_heating,oil,Baden_Württemberg,1,116.6,108.66,False,False,False,True,2023-09-26,Modern apartment with great amenities,0,31.29,0.2982
769.67,946.8,72.65,4.4,2017,fully_renovated,maisonette,G,central_heating,gas,Nordrhein_Westfalen,6,90.21,86.93,False,False,True,True,2023-06-07,Modern apartment with great amenities,0,26.03,0.2886
878.92,1087.75,93.32,5.0,1993,fully_renovated,roof_storey,D,floor_heating,electricity,Baden_Württemberg,2,122.11,86.72,False,False,False,False,2023-10-20,Modern apartment with great amenities,2,35.55,0.3481
1140.07,1365.36,88.04,3.7,1984,well_kept,ground_floor,C,district_heating,oil,Hamburg,9,137.91,87.37,False,True,True,False,2023-02-21,Modern apartment with great amenities,2,31.85,0.2658
495.34,811.91,59.25,5.6,1995,modernized,apartment,E,district_heating,district_heating,Hessen,5,208.59,107.98,False,False,True,True,2023-09-22,Modern apartment with great amenities,0,37.53,0.358
909.71,1115.91,91.61,4.1,1960,mint_condition,ground_floor,D,gas_heating,district_heating,Baden_Württemberg,3,97.22,108.99,True,False,False,True,2023-07-13,Modern apartment with great amenities,2,28.78,0.2978
895.07,1121.97,50.28,2.0,1970,first_time_use,roof_storey,A+,floor_heating,district_heating,Nordrhein_Westfalen,5,115.43,111.47,False,True,True,True,2023-01-14,Modern apartment with great amenities,2,23.5,0.3782
1355.73,1567.26,76.88,5.4,1984,fully_renovated,apartment,F,district_heating,district_heating,Nordrhein_Westfalen,4,143.37,68.16,False,False,False,True,2023-01-17,Modern apartment with great amenities,2,29.3,0.3147
948.85,1172.22,46.12,2.0,1984,first_time_use,ground_floor,A,central_heating,oil,Hamburg,8,155.51,67.86,True,False,False,True,2023-09-05,Modern apartment with great amenities,1,24.34,0.2286
1141.98,1389.54,96.36,3.5,1972,mint_condition,maisonette,D,floor_heating,district_heating,Baden_Württemberg,9,117.63,129.93,True,False,True,False,2023-08-06,Modern apartment with great amenities,0,35.57,0.1784
1061.77,1379.83,108.74,1.7,2005,fully_renovated,roof_storey,H,gas_heating,electricity,Berlin,2,231.51,86.54,False,True,True,False,2023-09-20,Modern apartment with great amenities,1,32.71,0.2828
964.46,1336.35,84.72,4.9,1984,fully_renovated,ground_floor,C,district_heating,electricity,Nordrhein_Westfalen,7,220.98,150.91,True,False,True,True,2023-09-24,Modern apartment with great amenities,2,30.26,0.3062
694.88,991.13,88.14,4.9,2016,fully_renovated,apartment,G,central_heating,gas,Baden_Württemberg,2,166.19,130.06,True,False,True,False,2023-07-23,Modern apartment with great amenities,0,30.8,0.3505
752.43,1120.44,72.59,1.2,1973,fully_renovated,ground_floor,F,floor_heating,district_heating,Baden_Württemberg,0,244.96,123.05,False,False,False,False,2023-12-23,Modern apartment with great amenities,0,32.2,0.3015
915.88,1215.83,83.62,4.7,1971,modernized,ground_floor,H,gas_heating,electricity,Hessen,9,169.94,130.01,True,False,False,False,2023-04-09,Modern apartment with great amenities,0,31.13,0.3354
1183.14,1436.9,68.1,3.9,2017,fully_renovated,penthouse,B,central_heating,gas,Hamburg,5,138.41,115.35,True,False,False,True,2023-09-05,Modern apartment with great amenities,1,22.02,0.2479
1026.65,1194.55,70.58,2.3,1972,well_kept,apartment,E,central_heating,oil,Berlin,1,86.56,81.34,True,False,True,True,2023-03-16,Modern apartment with great amenities,1,27.49,0.3562
1327.98,1579.27,55.19,3.7,1996,first_time_use,penthouse,H,floor_heating,electricity,Hessen,1,127.52,123.77,True,True,False,True,2023-02-05,Modern apartment with great amenities,1,26.0,0.3259
923.2,1261.28,51.01,1.1,1983,mint_condition,penthouse,A,gas_heating,district_heating,Hessen,3,181.59,156.49,False,False,True,False,2023-11-14,Modern apartment with great amenities,0,26.41,0.2899
712.68,955.24,88.3,4.0,1999,first_time_use,penthouse,E,floor_heating,district_heating,Baden_Württemberg,8,167.46,75.1,True,True,True,False,2023-03-09,Modern apartment with great amenities,0,17.21,0.3628
662.37,945.42,84.97,3.2,1962,mint_condition,apartment,H,district_heating,district_heating,Nordrhein_Westfalen,1,144.5,138.55,True,False,False,True,2023-10-01,Modern apartment with great amenities,1,20.67,0.3272
1105.7,1373.22,94.65,2.7,1984,fully_renovated,maisonette,H,district_heating,electricity,Bayern,1,151.15,116.36,False,True,False,True,2023-06-19,Modern apartment with great amenities,1,30.22,0.2486
1187.05,1453.25,76.27,4.6,1992,well_kept,apartment,G,district_heating,gas,Berlin,5,135.0,131.2,True,False,True,True,2023-12-25,Modern apartment with great amenities,0,27.63,0.2903
1211.32,1559.08,46.29,3.7,2002,well_kept,roof_storey,A+,central_heating,electricity,Berlin,7,207.9,139.87,False,True,False,True,2023-08-19,Modern apartment with great amenities,2,31.2,0.2387
1195.69,1339.79,57.22,2.1,1965,fully_renovated,maisonette,E,central_heating,district_heating,Hessen,8,70.03,74.06,True,True,True,False,2023-02-12,Modern apartment with great amenities,1,28.37,0.3843
1221.81,1458.45,81.36,1.2,1992,well_kept,maisonette,D,district_heating,electricity,Berlin,7,100.08,136.56,True,False,True,False,2023-10-12,Modern apartment with great amenities,1,30.76,0.2429
1185.49,1463.82,79.57,1.2,1987,mint_condition,maisonette,C,gas_heating,district_heating,Hessen,3,175.07,103.26,False,False,True,True,2023-02-18,Modern apartment with great amenities,0,24.97,0.3565
1376.35,1615.32,83.38,4.1,1967,modernized,penthouse,G,floor_heating,gas,Baden_Württemberg,9,116.01,122.97,False,False,False,False,2023-03-05,Modern apartment with great amenities,2,27.13,0.2722
605.6,810.55,61.82,1.5,2016,mint_condition,ground_floor,A,district_heating,oil,Hamburg,3,132.67,72.28,True,False,False,True,2023-02-27,Modern apartment with great amenities,1,28.36,0.3385
1020.36,1270.07,86.94,3.5,1996,mint_condition,apartment,E,district_heating,district_heating,Hessen,9,151.24,98.47,False,True,False,True,2023-04-14,Modern apartment with great amenities,2,31.67,0.2771
1243.27,1430.78,74.31,4.5,1990,mint_condition,roof_storey,E,district_heating,district_heating,Bayern,9,114.13,73.38,False,True,True,False,2023-08-09,Modern apartment with great amenities,2,32.52,0.2763
1359.32,1630.89,74.98,3.9,1981,well_kept,ground_floor,H,central_heating,gas,Nordrhein_Westfalen,9,118.6,152.98,False,False,True,False,2023-12-20,Modern apartment with great amenities,2,36.29,0.3451
525.11,850.66,66.53,1.1,1974,mint_condition,maisonette,G,district_heating,gas,Bayern,5,223.56,101.99,True,True,False,False,2023-10-23,Modern apartment with great amenities,0,30.33,0.3359
1022.48,1243.67,104.53,2.1,2008,first_time_use,apartment,E,district_heating,oil,Baden_Württemberg,5,118.19,103.0,True,False,True,False,2023-11-12,Modern apartment with great amenities,2,27.26,0.3101
1270.76,1461.73,92.67,5.3,2014,first_time_use,roof_storey,A+,district_heating,electricity,Hessen,3,91.23,99.74,False,True,True,True,2023-02-22,Modern apartment with great amenities,0,28.0,0.3255
1267.44,1546.52,71.04,5.0,1998,well_kept,penthouse,G,district_heating,oil,Hessen,3,195.48,83.61,False,False,False,False,2023-11-05,Modern apartment with great amenities,1,39.2,0.2985
1158.26,1346.31,106.13,1.3,1978,mint_condition,penthouse,B,floor_heating,electricity,Hessen,1,84.74,103.3,False,False,True,True,2023-03-17,Modern apartment with great amenities,2,28.21,0.2356
717.48,985.59,92.37,5.2,2016,fully_renovated,apartment,G,central_heating,electricity,Baden_Württemberg,4,146.86,121.25,False,False,True,False,2023-09-21,Modern apartment with great amenities,2,29.61,0.2485
1234.32,1539.63,45.97,3.8,2010,modernized,roof_storey,G,floor_heating,gas,Bayern,1,178.57,126.74,False,False,False,False,2023-06-21,Modern apartment with great amenities,0,30.63,0.3275
1117.63,1355.4,59.04,4.7,1984,modernized,ground_floor,D,gas_heating,gas,Nordrhein_Westfalen,0,144.8,92.97,True,True,False,False,2023-04-10,Modern apartment with great amenities,2,27.08,0.3493
963.82,1251.16,125.07,2.6,1985,well_kept,maisonette,E,district_heating,district_heating,Berlin,6,190.55,96.78,False,False,False,True,2023-08-22,Modern apartment with great amenities,0,39.84,0.3654
1166.7,1354.73,101.69,2.1,1990,modernized,maisonette,H,central_heating,oil,Bayern,6,111.3,76.72,True,True,False,False,2023-10-15,Modern apartment with great amenities,1,31.21,0.2721
1179.69,1388.94,83.12,4.0,1955,mint_condition,penthouse,B,central_heating,oil,Baden_Württemberg,5,121.66,87.59,False,True,False,False,2023-09-06,Modern apartment with great amenities,0,31.59,0.2896
781.97,1057.44,92.95,2.9,1970,fully_renovated,roof_storey,A+,district_heating,gas,Nordrhein_Westfalen,1,219.98,55.49,True,False,False,False,2023-03-06,Modern apartment with great amenities,2,20.87,0.3667
614.98,878.75,97.46,4.5,1968,first_time_use,ground_floor,E,gas_heating,oil,Bayern,0,147.63,116.14,False,True,True,False,2023-07-16,Modern apartment with great amenities,1,35.99,0.2898
1126.71,1303.67,84.82,4.8,1964,modernized,maisonette,G,district_heating,electricity,Baden_Württemberg,1,53.75,123.21,False,False,True,False,2023-02-09,Modern apartment with great amenities,1,28.28,0.3344
828.7,1093.2,77.37,1.9,1981,mint_condition,roof_storey,E,central_heating,electricity,Bayern,4,138.56,125.94,True,True,True,True,2023-03-16,Modern apartment with great amenities,0,25.26,0.2767
1680.37,1939.68,66.01,5.0,2011,mint_condition,ground_floor,C,gas_heating,district_heating,Berlin,3,160.66,98.64,False,False,True,False,2023-05-07,Modern apartment with great amenities,2,28.47,0.286
938.67,1188.99,100.36,3.0,2003,first_time_use,roof_storey,A+,floor_heating,district_heating,Hessen,0,155.63,94.68,True,True,True,False,2023-03-15,Modern apartment with great amenities,0,32.19,0.3188
848.34,1133.16,97.69,1.6,2021,first_time_use,penthouse,F,gas_heating,gas,Berlin,3,194.22,90.6,False,True,True,False,2023-08-26,Modern apartment with great amenities,2,23.16,0.32
896.16,1159.97,82.03,3.3,2010,well_kept,roof_storey,B,floor_heating,electricity,Hamburg,6,116.96,146.85,True,False,True,False,2023-07-20,Modern apartment with great amenities,2,32.69,0.3157
1081.67,1380.49,97.59,6.0,2019,first_time_use,apartment,E,central_heating,gas,Nordrhein_Westfalen,6,197.49,101.33,True,True,False,False,2023-06-18,Modern apartment with great amenities,1,31.55,0.2508
511.24,800.99,74.67,3.1,1960,mint_condition,penthouse,E,floor_heating,gas,Hamburg,1,199.71,90.04,False,False,False,True,2023-09-23,Modern apartment with great amenities,2,28.89,0.2326
379.78,588.51,62.95,4.3,1968,modernized,penthouse,D,district_heating,district_heating,Nordrhein_Westfalen,2,117.6,91.13,True,False,False,True,2023-10-27,Modern apartment with great amenities,0,30.72,0.2766
812.45,1106.92,64.68,1.8,2003,fully_renovated,roof_storey,G,central_heating,electricity,Hamburg,9,231.05,63.42,False,False,True,False,2023-04-13,Modern apartment with great amenities,2,31.14,0.321
1188.86,1479.81,88.05,4.0,1985,modernized,maisonette,E,central_heating,oil,Bayern,4,168.81,122.14,False,False,True,True,2023-11-24,Modern apartment with great amenities,2,33.02,0.3448
415.31,643.42,62.34,5.5,2021,well_kept,roof_storey,G,gas_heating,electricity,Nordrhein_Westfalen,0,140.48,87.63,False,True,True,False,2023-10-03,Modern apartment with great amenities,1,24.68,0.3236
1066.63,1331.59,112.58,5.6,2021,fully_renovated,maisonette,D,district_heating,electricity,Nordrhein_Westfalen,3,201.07,63.89,True,True,False,False,2023-03-03,Modern apartment with great amenities,1,30.44,0.2522
1220.35,1398.11,90.42,4.9,1975,first_time_use,roof_storey,E,central_heating,district_heating,Hessen,5,112.9,64.85,True,True,True,True,2023-11-12,Modern apartment with great amenities,2,26.86,0.3707
422.06,702.36,104.82,5.1,1959,mint_condition,penthouse,C,central_heating,gas,Hamburg,4,158.1,122.21,True,True,False,False,2023-12-25,Modern apartment with great amenities,1,30.23,0.381
1145.54,1374.1,108.03,3.8,2003,mint_condition,maisonette,A+,gas_heating,oil,Bayern,6,182.36,46.2,True,True,False,False,2023-02-08,Modern apartment with great amenities,2,32.51,0.303
1262.02,1445.46,72.1,2.7,1990,mint_condition,roof_storey,F,central_heating,gas,Nordrhein_Westfalen,8,133.26,50.18,False,False,True,False,2023-08-01,Modern apartment with great amenities,2,30.37,0.3594
1188.34,1486.09,65.19,5.2,1978,well_kept,penthouse,E,district_heating,electricity,Bayern,7,221.82,75.92,True,True,False,False,2023-02-20,Modern apartment with great amenities,1,28.93,0.3005
752.21,1070.18,65.1,5.0,1965,first_time_use,apartment,E,central_heating,electricity,Baden_Württemberg,1,149.91,168.06,True,False,False,True,2023-02-17,Modern apartment with great amenities,0,27.01,0.2952
1401.94,1665.63,84.85,4.1,1971,mint_condition,penthouse,F,central_heating,oil,Berlin,2,149.68,114.01,False,False,True,True,2023-01-06,Modern apartment with great amenities,2,28.67,0.3339
719.4,983.88,127.81,4.4,2016,well_kept,penthouse,B,central_heating,gas,Bayern,9,199.3,65.18,False,True,True,True,2023-12-01,Modern apartment with great amenities,0,33.83,0.3163
1102.33,1346.52,89.11,4.3,2016,modernized,maisonette,D,floor_heating,oil,Berlin,7,153.91,90.28,False,False,True,False,2023-03-05,Modern apartment with great amenities,0,40.97,0.3591
1445.95,1817.3,108.35,1.8,1977,well_kept,ground_floor,G,district_heating,district_heating,Nordrhein_Westfalen,6,240.48,130.87,False,False,False,True,2023-12-18,Modern apartment with great amenities,2,21.98,0.3073
1191.63,1382.02,83.5,3.8,1993,modernized,apartment,E,gas_heating,oil,Nordrhein_Westfalen,5,121.71,68.67,True,True,False,True,2023-07-08,Modern apartment with great amenities,1,26.97,0.2505
1027.76,1216.38,73.16,3.3,2005,first_time_use,penthouse,A,central_heating,gas,Hessen,4,124.54,64.08,False,True,False,True,2023-11-08,Modern apartment with great amenities,1,24.22,0.3123
994.77,1150.08,79.01,3.5,1976,first_time_use,apartment,A+,central_heating,oil,Hamburg,2,90.48,64.83,False,False,False,False,2023-07-25,Modern apartment with great amenities,1,34.46,0.2049
1380.87,1626.8,65.31,2.7,1973,fully_renovated,roof_storey,D,gas_heating,electricity,Baden_Württemberg,5,108.78,137.16,True,True,True,False,2023-08-26,Modern apartment with great amenities,1,25.34,0.2387
725.45,952.82,111.77,5.9,2000,modernized,maisonette,G,district_heating,electricity,Hessen,5,162.91,64.45,True,True,False,False,2023-07-06,Modern apartment with great amenities,2,27.29,0.3451
1157.15,1422.62,89.69,1.6,1985,well_kept,penthouse,H,central_heating,oil,Hessen,0,149.38,116.09,False,False,False,True,2023-01-18,Modern apartment with great amenities,1,34.17,0.3209
851.49,1033.61,86.52,5.8,2007,fully_renovated,roof_storey,H,floor_heating,electricity,Nordrhein_Westfalen,7,106.08,76.04,False,False,False,True,2023-06-10,Modern apartment with great amenities,0,26.79,0.2771
1049.94,1180.25,102.19,2.2,1977,first_time_use,apartment,G,central_heating,gas,Baden_Württemberg,4,89.13,41.18,True,True,False,False,2023-09-08,Modern apartment with great amenities,2,30.46,0.218
1482.27,1855.54,51.09,3.1,1986,well_kept,maisonette,E,floor_heating,district_heating,Baden_Württemberg,7,207.12,166.15,True,True,False,False,2023-10-07,Modern apartment with great amenities,1,28.21,0.2637
366.44,751.44,110.58,5.3,2005,fully_renovated,roof_storey,G,floor_heating,gas,Baden_Württemberg,1,296.25,88.76,True,True,True,False,2023-10-11,Modern apartment with great amenities,2,27.87,0.2996
1051.93,1218.03,64.26,1.0,2018,well_kept,maisonette,G,district_heating,oil,Bayern,0,69.3,96.8,True,False,True,True,2023-09-06,Modern apartment with great amenities,1,37.61,0.2844
511.55,940.26,100.53,5.0,2014,well_kept,roof_storey,B,floor_heating,gas,Bayern,0,264.19,164.52,True,False,True,True,2023-03-26,Modern apartment with great amenities,2,28.24,0.3182
1444.73,1727.31,68.44,3.9,1950,mint_condition,apartment,A+,district_heating,gas,Bayern,6,147.45,135.13,True,True,False,True,2023-08-21,Modern apartment with great amenities,2,34.38,0.2603
1134.91,1407.89,63.68,4.6,1954,first_time_use,maisonette,C,central_heating,electricity,Baden_Württemberg,3,186.5,86.48,False,True,True,True,2023-06-27,Modern apartment with great amenities,0,24.9,0.3247
1330.34,1583.91,65.06,2.8,2018,modernized,ground_floor,F,gas_heating,electricity,Baden_Württemberg,0,118.06,135.52,False,True,True,False,2023-06-10,Modern apartment with great amenities,0,27.03,0.1938
1370.93,1699.53,79.23,5.3,2020,first_time_use,roof_storey,B,district_heating,gas,Berlin,7,206.99,121.61,True,False,True,False,2023-06-05,Modern apartment with great amenities,0,30.02,0.2155
1072.21,1355.0,74.32,1.4,1976,modernized,ground_floor,F,district_heating,district_heating,Berlin,5,219.94,62.85,True,True,False,False,2023-10-02,Modern apartment with great amenities,2,21.87,0.3019
1120.33,1233.68,80.98,5.0,1995,modernized,maisonette,E,district_heating,oil,Baden_Württemberg,9,2.89,116.25,False,False,True,True,2023-08-06,Modern apartment with great amenities,2,30.57,0.2113
1301.25,1524.08,97.62,4.2,1980,fully_renovated,maisonette,A+,central_heating,gas,Hamburg,1,126.26,96.57,False,True,True,True,2023-10-16,Modern apartment with great amenities,1,23.63,0.3056
735.57,939.88,76.6,3.3,1970,well_kept,roof_storey,B,district_heating,district_heating,Nordrhein_Westfalen,6,136.33,67.98,False,True,True,True,2023-05-09,Modern apartment with great amenities,1,33.3,0.2769
1068.13,1360.08,81.02,3.6,1989,first_time_use,ground_floor,A+,district_heating,district_heating,Berlin,6,178.83,113.12,True,True,True,False,2023-01-24,Modern apartment with great amenities,0,41.58,0.2645
1031.41,1388.68,85.77,2.6,1967,first_time_use,ground_floor,H,district_heating,gas,Hamburg,8,198.39,158.89,True,True,False,True,2023-07-02,Modern apartment with great amenities,2,33.04,0.3323
1136.03,1329.86,80.63,1.5,2006,mint_condition,apartment,D,gas_heating,electricity,Hessen,7,75.26,118.57,True,False,True,False,2023-04-22,Modern apartment with great amenities,1,31.18,0.3386
834.86,1168.29,102.79,4.7,2022,first_time_use,ground_floor,H,floor_heating,oil,Hessen,1,191.17,142.26,False,True,False,False,2023-12-15,Modern apartment with great amenities,0,28.32,0.3596
1223.35,1474.38,90.65,3.9,1971,modernized,penthouse,D,gas_heating,district_heating,Nordrhein_Westfalen,0,153.73,97.3,True,True,True,True,2023-09-26,Modern apartment with great amenities,1,22.31,0.2878
1066.33,1305.7,80.21,1.9,1977,well_kept,ground_floor,F,district_heating,gas,Bayern,4,150.87,88.5,True,False,False,False,2023-05-25,Modern apartment with great amenities,0,32.75,0.3309
1411.91,1689.78,76.33,5.4,2009,well_kept,ground_floor,A+,gas_heating,district_heating,Hessen,4,189.37,88.49,True,True,True,True,2023-11-21,Modern apartment with great amenities,1,16.5,0.3029
852.78,1135.41,79.73,4.1,1975,fully_renovated,roof_storey,G,floor_heating,oil,Nordrhein_Westfalen,9,172.43,110.2,False,False,False,True,2023-12-07,Modern apartment with great amenities,2,31.55,0.3312
1158.18,1439.12,58.58,4.1,1958,well_kept,roof_storey,A+,gas_heating,gas,Nordrhein_Westfalen,1,134.26,146.68,False,True,False,False,2023-12-12,Modern apartment with great amenities,1,23.09,0.3451
1692.84,1957.32,115.49,4.5,2008,mint_condition,maisonette,B,gas_heating,electricity,Nordrhein_Westfalen,9,151.68,112.8,True,False,True,True,2023-07-26,Modern apartment with great amenities,1,20.07,0.2942
1111.37,1304.1,56.1,2.7,1981,fully_renovated,penthouse,A+,gas_heating,district_heating,Nordrhein_Westfalen,3,111.01,81.72,True,True,False,False,2023-01-20,Modern apartment with great amenities,2,28.61,0.3089
987.77,1251.87,68.99,3.5,2000,modernized,roof_storey,B,gas_heating,gas,Baden_Württemberg,5,123.1,140.99,False,True,True,False,2023-04-20,Modern apartment with great amenities,0,23.75,0.1756
895.38,1227.2,75.3,4.0,2022,mint_condition,ground_floor,A+,floor_heating,gas,Hessen,1,201.49,130.33,True,False,False,False,2023-03-06,Modern apartment with great amenities,2,33.58,0.3125
1128.64,1377.48,77.92,5.2,1960,well_kept,penthouse,H,central_heating,gas,Baden_Württemberg,7,93.48,155.36,False,False,True,True,2023-06-14,Modern apartment with great amenities,2,28.27,0.3104
1115.21,1435.04,77.61,5.5,1958,fully_renovated,ground_floor,B,district_heating,district_heating,Hamburg,6,197.28,122.54,False,True,False,True,2023-10-19,Modern apartment with great amenities,2,33.48,0.2581
970.6,1223.22,90.67,5.3,1951,mint_condition,penthouse,E,district_heating,electricity,Baden_Württemberg,2,143.79,108.83,True,True,True,True,2023-01-15,Modern apartment with great amenities,0,25.03,0.2824
871.7,1128.58,42.19,3.2,1999,first_time_use,roof_storey,B,district_heating,district_heating,Nordrhein_Westfalen,2,156.51,100.37,False,False,False,True,2023-12-12,Modern apartment with great amenities,0,26.66,0.3398
1313.0,1602.25,107.75,1.8,2013,first_time_use,apartment,F,central_heating,electricity,Berlin,3,176.28,112.97,True,True,True,True,2023-11-18,Modern apartment with great amenities,2,34.99,0.3685
1068.8,1280.36,63.16,5.5,1953,modernized,roof_storey,F,district_heating,oil,Baden_Württemberg,1,100.91,110.66,True,False,False,False,2023-07-27,Modern apartment with great amenities,1,23.18,0.2532
577.56,817.25,90.16,5.5,1986,modernized,ground_floor,E,central_heating,gas,Hamburg,0,135.22,104.47,True,False,True,False,2023-11-06,Modern apartment with great amenities,2,25.22,0.272
841.97,1076.65,37.63,1.0,1975,modernized,penthouse,E,floor_heating,oil,Baden_Württemberg,1,130.21,104.47,True,True,True,True,2023-02-12,Modern apartment with great amenities,1,27.4,0.3323
556.71,833.67,85.46,3.9,2003,first_time_use,penthouse,G,gas_heating,gas,Berlin,5,191.34,85.62,False,False,False,False,2023-10-19,Modern apartment with great amenities,1,35.44,0.3026
1106.43,1321.59,94.41,5.0,2019,first_time_use,maisonette,D,central_heating,oil,Bayern,0,140.32,74.84,True,True,False,False,2023-09-01,Modern apartment with great amenities,2,23.72,0.2654
1060.55,1329.48,96.32,3.3,1990,fully_renovated,maisonette,G,district_heating,oil,Baden_Württemberg,7,175.8,93.14,True,False,True,False,2023-04-03,Modern apartment with great amenities,1,33.63,0.3327
1139.54,1360.91,105.44,3.4,2000,modernized,apartment,E,central_heating,district_heating,Nordrhein_Westfalen,5,115.45,105.92,False,True,False,False,2023-05-23,Modern apartment with great amenities,0,33.3,0.3037
1336.43,1656.81,84.01,4.2,2021,well_kept,penthouse,D,district_heating,gas,Nordrhein_Westfalen,1,181.96,138.42,False,False,True,True,2023-12-26,Modern apartment with great amenities,1,24.5,0.2627
918.66,1151.67,69.65,3.0,2012,first_time_use,roof_storey,B,gas_heating,electricity,Hamburg,2,126.61,106.39,False,False,True,True,2023-12-14,Modern apartment with great amenities,2,34.1,0.3228
807.2,1092.67,80.54,3.8,2021,first_time_use,maisonette,F,district_heating,gas,Berlin,6,167.76,117.71,True,True,True,False,2023-06-09,Modern apartment with great amenities,1,40.76,0.2741
835.64,1075.18,96.04,3.5,2013,modernized,roof_storey,C,central_heating,gas,Nordrhein_Westfalen,8,155.77,83.76,True,True,False,True,2023-11-03,Modern apartment with great amenities,1,28.96,0.2767
1227.38,1555.93,72.44,3.3,1979,first_time_use,roof_storey,G,central_heating,gas,Hamburg,0,221.68,106.88,True,True,False,True,2023-12-26,Modern apartment with great amenities,1,33.42,0.2398
1022.6,1350.72,104.15,3.2,1972,well_kept,ground_floor,D,district_heating,oil,Berlin,1,238.28,89.84,True,False,False,True,2023-12-13,Modern apartment with great amenities,0,30.38,0.2551
1103.76,1337.76,72.06,2.0,2014,well_kept,roof_storey,D,central_heating,gas,Bayern,7,118.54,115.46,True,False,True,True,2023-03-21,Modern apartment with great amenities,1,29.14,0.2889
862.22,1147.63,65.44,5.1,1974,mint_condition,roof_storey,G,floor_heating,oil,Nordrhein_Westfalen,0,212.35,73.06,False,False,False,True,2023-06-22,Modern apartment with great amenities,0,23.74,0.2327
1211.62,1515.87,55.3,3.0,1958,first_time_use,ground_floor,D,district_heating,electricity,Bayern,2,191.53,112.73,True,True,True,True,2023-07-26,Modern apartment with great amenities,1,28.43,0.1953
1404.65,1617.47,84.53,5.1,1960,well_kept,ground_floor,B,central_heating,electricity,Hessen,9,129.7,83.12,True,True,True,False,2023-08-12,Modern apartment with great amenities,1,22.82,0.3277
1622.32,1883.06,113.19,3.3,1956,mint_condition,apartment,A,floor_heating,district_heating,Hamburg,5,142.76,117.98,True,True,True,False,2023-06-07,Modern apartment with great amenities,2,33.81,0.2964
1242.08,1508.88,53.34,5.4,2005,first_time_use,apartment,B,floor_heating,oil,Hessen,3,166.69,100.11,True,False,False,False,2023-04-23,Modern apartment with great amenities,0,30.16,0.3017
1231.26,1526.44,69.88,2.5,1972,mint_condition,penthouse,H,gas_heating,district_heating,Berlin,1,178.9,116.28,False,False,False,False,2023-11-17,Modern apartment with great amenities,0,31.64,0.3394
1262.02,1429.36,98.93,1.2,1950,modernized,apartment,E,floor_heating,gas,Nordrhein_Westfalen,9,66.28,101.05,True,True,False,True,2023-05-11,Modern apartment with great amenities,2,31.56,0.3179
942.6,1168.79,74.42,1.1,2000,mint_condition,maisonette,B,central_heating,electricity,Hessen,4,117.54,108.64,True,True,False,False,2023-07-22,Modern apartment with great amenities,0,23.33,0.2793
697.22,1030.3,66.4,4.2,1990,well_kept,roof_storey,G,gas_heating,gas,Baden_Württemberg,1,238.16,94.92,True,True,False,True,2023-10-02,Modern apartment with great amenities,0,20.34,0.2389
1118.6,1403.13,40.7,5.1,1984,well_kept,roof_storey,D,central_heating,district_heating,Bayern,0,159.21,125.31,False,False,True,False,2023-10-02,Modern apartment with great amenities,0,30.64,0.2632
403.5,656.88,65.16,1.0,1990,mint_condition,roof_storey,D,district_heating,gas,Hessen,6,150.2,103.18,True,True,False,False,2023-03-09,Modern apartment with great amenities,2,31.79,0.3429
960.67,1123.76,91.27,5.9,1961,first_time_use,ground_floor,B,district_heating,electricity,Baden_Württemberg,1,71.86,91.24,True,True,True,False,2023-05-24,Modern apartment with great amenities,1,38.39,0.3795
676.52,911.73,54.26,3.5,2006,well_kept,ground_floor,A,central_heating,electricity,Hamburg,5,114.34,120.87,True,True,True,False,2023-06-09,Modern apartment with great amenities,2,25.94,0.2375
514.74,803.1,85.9,2.5,1970,first_time_use,maisonette,G,central_heating,electricity,Hessen,9,174.67,113.69,False,True,False,True,2023-03-07,Modern apartment with great amenities,2,15.57,0.2544
593.54,866.0,63.43,4.5,1974,fully_renovated,penthouse,D,district_heating,oil,Bayern,0,124.57,147.89,False,True,True,False,2023-04-11,Modern apartment with great amenities,1,24.16,0.3058
641.57,844.32,67.76,2.7,1953,fully_renovated,ground_floor,F,floor_heating,district_heating,Baden_Württemberg,1,127.37,75.38,False,False,False,True,2023-11-16,Modern apartment with great amenities,2,25.84,0.2728
1313.11,1741.62,106.56,4.0,2001,fully_renovated,ground_floor,A,central_heating,electricity,Baden_Württemberg,1,241.71,186.81,False,True,False,False,2023-04-10,Modern apartment with great amenities,0,24.96,0.3519
1534.16,1764.19,36.65,5.3,1976,mint_condition,ground_floor,H,central_heating,electricity,Bayern,5,167.41,62.62,False,False,False,False,2023-04-22,Modern apartment with great amenities,2,26.36,0.1367
286.69,543.84,47.46,2.4,1979,well_kept,maisonette,E,gas_heating,district_heating,Bayern,4,134.62,122.53,True,True,False,False,2023-11-23,Modern apartment with great amenities,1,26.14,0.2528
996.78,1225.92,92.94,3.7,2020,fully_renovated,maisonette,G,district_heating,gas,Hamburg,4,154.36,74.77,False,True,True,False,2023-08-10,Modern apartment with great amenities,1,30.4,0.3271
938.95,1254.31,55.53,3.7,1952,fully_renovated,penthouse,G,central_heating,electricity,Hessen,3,201.94,113.42,False,True,True,True,2023-11-23,Modern apartment with great amenities,1,32.0,0.2404
722.86,956.97,66.84,1.4,2005,first_time_use,penthouse,F,central_heating,electricity,Baden_Württemberg,5,154.94,79.17,True,False,True,False,2023-08-06,Modern apartment with great amenities,2,19.39,0.3172
728.02,953.56,65.57,2.9,1978,first_time_use,apartment,A+,floor_heating,electricity,Nordrhein_Westfalen,9,93.2,132.34,True,False,True,False,2023-11-03,Modern apartment with great amenities,1,38.28,0.3466
1016.71,1236.21,64.87,3.5,2020,fully_renovated,penthouse,F,floor_heating,district_heating,Hamburg,7,113.68,105.82,False,False,False,False,2023-05-03,Modern apartment with great amenities,0,24.75,0.3118
1200.62,1457.58,80.9,4.1,2011,well_kept,roof_storey,G,central_heating,district_heating,Nordrhein_Westfalen,8,139.23,117.73,False,True,True,True,2023-04-10,Modern apartment with great amenities,1,23.83,0.3282
892.86,1110.6,54.04,5.8,2007,well_kept,roof_storey,B,floor_heating,gas,Bayern,7,132.35,85.39,True,True,True,True,2023-05-18,Modern apartment with great amenities,2,32.53,0.3447
544.98,768.63,83.28,4.4,1956,fully_renovated,maisonette,B,central_heating,oil,Berlin,2,84.07,139.58,True,True,True,False,2023-06-05,Modern apartment with great amenities,1,33.85,0.2623
1680.27,1874.34,60.13,3.6,2009,modernized,apartment,B,central_heating,gas,Hessen,8,124.33,69.74,False,True,True,True,2023-08-06,Modern apartment with great amenities,0,32.3,0.3675
679.47,945.16,88.83,1.4,1957,well_kept,penthouse,B,central_heating,district_heating,Bayern,6,151.82,113.87,False,True,False,False,2023-09-16,Modern apartment with great amenities,2,28.0,0.2126
677.0,973.44,85.96,2.0,1963,fully_renovated,apartment,A,central_heating,gas,Berlin,4,147.97,148.47,False,False,False,False,2023-04-03,Modern apartment with great amenities,1,31.34,0.3711
949.83,1215.41,144.23,3.9,1963,first_time_use,apartment,G,gas_heating,district_heating,Hessen,5,158.23,107.35,False,False,True,True,2023-03-26,Modern apartment with great amenities,1,29.16,0.3885
1571.94,1783.61,89.53,3.9,1961,fully_renovated,apartment,G,floor_heating,oil,Hamburg,3,143.43,68.24,True,False,False,False,2023-05-12,Modern apartment with great amenities,2,24.2,0.2438
731.37,958.91,96.57,3.9,1955,modernized,ground_floor,A+,district_heating,oil,Berlin,7,131.82,95.72,False,True,False,True,2023-10-18,Modern apartment with great amenities,1,32.51,0.2337
1129.5,1328.3,117.66,5.5,2022,fully_renovated,maisonette,A+,gas_heating,district_heating,Hamburg,2,112.3,86.49,False,False,False,False,2023-02-20,Modern apartment with great amenities,0,31.99,0.2752
707.98,907.95,78.82,1.6,1981,modernized,penthouse,E,district_heating,oil,Nordrhein_Westfalen,9,99.12,100.85,False,False,True,True,2023-08-12,Modern apartment with great amenities,2,37.51,0.2207
842.28,1022.33,85.39,2.8,1965,modernized,roof_storey,E,gas_heating,oil,Nordrhein_Westfalen,1,117.14,62.91,True,True,True,True,2023-06-24,Modern apartment with great amenities,0,22.98,0.2841
826.02,1125.54,53.72,3.3,2022,first_time_use,penthouse,A,gas_heating,gas,Baden_Württemberg,5,195.03,104.5,False,True,False,True,2023-12-10,Modern apartment with great amenities,0,30.88,0.3374
1441.69,1784.07,77.46,4.5,1990,modernized,maisonette,H,floor_heating,gas,Baden_Württemberg,9,221.36,121.02,False,False,False,True,2023-06-24,Modern apartment with great amenities,0,34.94,0.2773
1909.05,2118.16,74.94,3.6,2016,first_time_use,maisonette,H,floor_heating,district_heating,Hamburg,1,112.48,96.64,True,True,True,True,2023-02-04,Modern apartment with great amenities,2,26.55,0.3489
1241.55,1465.03,81.45,2.5,1961,modernized,ground_floor,E,district_heating,electricity,Nordrhein_Westfalen,3,147.57,75.91,True,False,False,True,2023-05-21,Modern apartment with great amenities,0,25.65,0.3117
953.16,1166.31,71.7,3.6,1974,first_time_use,ground_floor,G,central_heating,oil,Baden_Württemberg,2,144.17,68.98,True,False,False,False,2023-02-05,Modern apartment with great amenities,2,31.32,0.3586
1227.11,1482.02,75.13,2.2,2022,mint_condition,apartment,C,central_heating,electricity,Nordrhein_Westfalen,8,170.27,84.64,True,True,False,False,2023-12-10,Modern apartment with great amenities,0,31.7,0.2384
1547.9,1816.57,77.16,1.6,1983,mint_condition,ground_floor,H,central_heating,electricity,Hamburg,8,206.88,61.79,False,True,False,True,2023-02-03,Modern apartment with great amenities,0,31.09,0.3263
839.7,1086.12,57.7,3.2,2006,mint_condition,roof_storey,A,central_heating,electricity,Nordrhein_Westfalen,7,108.81,137.61,True,False,False,True,2023-12-17,Modern apartment with great amenities,2,32.73,0.2581
1130.65,1405.4,45.65,1.8,1994,mint_condition,apartment,E,central_heating,gas,Baden_Württemberg,9,193.82,80.94,False,False,False,False,2023-01-12,Modern apartment with great amenities,1,29.21,0.2267
1210.9,1421.17,50.63,5.4,1987,first_time_use,roof_storey,H,district_heating,gas,Nordrhein_Westfalen,1,129.62,80.65,False,True,False,False,2023-08-24,Modern apartment with great amenities,2,25.11,0.1653
539.68,794.8,93.73,1.1,1968,modernized,maisonette,D,gas_heating,electricity,Berlin,1,178.23,76.89,True,False,True,False,2023-04-06,Modern apartment with great amenities,1,33.62,0.3456
593.78,839.75,71.49,1.3,1985,fully_renovated,maisonette,C,floor_heating,electricity,Hamburg,7,177.14,68.83,False,True,False,True,2023-11-24,Modern apartment with great amenities,0,30.41,0.4118
963.66,1227.05,54.84,3.3,1964,mint_condition,penthouse,A+,district_heating,electricity,Nordrhein_Westfalen,7,148.1,115.29,False,True,False,True,2023-05-25,Modern apartment with great amenities,1,19.65,0.2963
668.64,946.99,97.87,3.1,2012,modernized,apartment,B,central_heating,gas,Baden_Württemberg,8,161.99,116.37,False,True,True,False,2023-10-15,Modern apartment with great amenities,1,38.9,0.232
977.28,1172.91,95.48,1.3,1993,fully_renovated,ground_floor,F,gas_heating,gas,Baden_Württemberg,8,105.83,89.79,True,True,True,True,2023-08-04,Modern apartment with great amenities,0,23.27,0.2001
1187.66,1501.6,61.6,5.1,1967,fully_renovated,ground_floor,H,central_heating,oil,Baden_Württemberg,5,177.41,136.53,False,True,True,True,2023-07-19,Modern apartment with great amenities,0,24.77,0.3563
1095.66,1482.79,64.02,4.4,1976,mint_condition,apartment,H,central_heating,gas,Bayern,9,256.84,130.29,True,True,False,True,2023-07-01,Modern apartment with great amenities,2,25.27,0.3271
1046.12,1261.17,93.01,1.4,1981,first_time_use,roof_storey,A,central_heating,gas,Bayern,8,86.33,128.73,True,False,False,True,2023-08-24,Modern apartment with great amenities,0,31.54,0.3043
901.5,1171.22,54.88,4.0,2003,fully_renovated,apartment,F,gas_heating,gas,Hamburg,7,158.33,111.39,True,False,False,True,2023-08-15,Modern apartment with great amenities,1,23.53,0.2219
925.36,1258.63,85.73,1.4,2004,well_kept,penthouse,C,district_heating,gas,Hessen,5,242.37,90.9,True,True,False,False,2023-07-05,Modern apartment with great amenities,0,28.24,0.2701
1241.56,1500.53,94.5,4.3,1978,modernized,maisonette,E,central_heating,oil,Hamburg,2,165.73,93.24,True,True,True,False,2023-10-16,Modern apartment with great amenities,2,20.64,0.2513
1044.12,1388.79,64.97,5.5,1990,fully_renovated,roof_storey,F,district_heating,district_heating,Hamburg,6,244.96,99.71,True,False,False,False,2023-08-27,Modern apartment with great amenities,0,16.78,0.2361
1423.61,1624.2,87.13,1.4,1996,first_time_use,maisonette,F,gas_heating,gas,Hessen,9,126.57,74.01,True,True,False,False,2023-07-16,Modern apartment with great amenities,2,31.6,0.3535
718.74,1045.4,93.95,2.7,1981,well_kept,roof_storey,A+,district_heating,electricity,Hamburg,3,196.63,130.04,True,False,False,True,2023-04-18,Modern apartment with great amenities,2,21.83,0.3116
386.46,613.4,64.68,5.3,1992,fully_renovated,ground_floor,A+,central_heating,district_heating,Hamburg,0,102.15,124.79,False,False,False,False,2023-06-03,Modern apartment with great amenities,1,41.53,0.3001
1189.36,1499.83,58.23,5.1,1952,mint_condition,apartment,H,district_heating,electricity,Nordrhein_Westfalen,0,244.23,66.24,True,True,True,False,2023-04-21,Modern apartment with great amenities,2,34.59,0.2894
658.83,831.76,67.66,5.9,2011,well_kept,apartment,B,district_heating,oil,Hamburg,0,108.78,64.15,True,False,True,False,2023-08-12,Modern apartment with great amenities,2,27.8,0.2776
900.29,1093.44,38.32,1.0,2012,first_time_use,roof_storey,B,district_heating,district_heating,Baden_Württemberg,2,117.51,75.64,False,False,True,False,2023-10-25,Modern apartment with great amenities,1,33.75,0.3318
1170.2,1400.97,125.82,5.5,1991,first_time_use,apartment,H,central_heating,gas,Berlin,4,156.55,74.22,False,False,False,False,2023-07-06,Modern apartment with great amenities,1,20.57,0.291
1061.72,1222.04,73.06,2.6,2013,fully_renovated,apartment,G,floor_heating,district_heating,Berlin,4,94.35,65.97,False,True,True,True,2023-06-09,Modern apartment with great amenities,2,31.61,0.3937
894.83,1178.34,80.09,2.4,2012,modernized,ground_floor,G,floor_heating,electricity,Berlin,7,194.38,89.13,False,True,False,True,2023-01-01,Modern apartment with great amenities,2,28.71,0.3671
1146.79,1462.36,95.91,3.8,1953,fully_renovated,maisonette,B,floor_heating,gas,Nordrhein_Westfalen,8,217.4,98.18,False,False,False,False,2023-07-14,Modern apartment with great amenities,2,28.25,0.285
376.26,561.06,92.97,5.2,1986,first_time_use,maisonette,D,district_heating,district_heating,Bayern,9,83.32,101.47,False,True,False,True,2023-02-11,Modern apartment with great amenities,1,19.4,0.2543
1378.99,1736.88,133.85,4.4,2018,modernized,maisonette,H,floor_heating,oil,Berlin,2,224.49,133.4,True,True,True,False,2023-05-23,Modern apartment with great amenities,0,35.0,0.3606
1739.15,1983.68,59.04,1.3,1951,first_time_use,ground_floor,H,floor_heating,electricity,Nordrhein_Westfalen,0,142.02,102.51,False,True,True,False,2023-08-08,Modern apartment with great amenities,0,33.05,0.2505
650.61,936.28,60.92,3.0,1970,fully_renovated,maisonette,G,gas_heating,oil,Hamburg,7,183.57,102.1,False,True,True,True,2023-03-25,Modern apartment with great amenities,0,28.97,0.2594
1395.91,1664.55,84.87,1.7,1985,first_time_use,maisonette,G,central_heating,electricity,Hessen,7,163.1,105.54,False,True,False,True,2023-10-12,Modern apartment with great amenities,1,27.88,0.2743
831.55,1031.66,99.9,1.2,2004,modernized,penthouse,D,central_heating,gas,Hamburg,6,138.73,61.37,True,True,False,False,2023-12-21,Modern apartment with great amenities,0,32.76,0.2616
766.88,986.75,64.88,3.6,1950,fully_renovated,roof_storey,E,floor_heating,electricity,Bayern,0,148.84,71.02,False,False,True,False,2023-06-25,Modern apartment with great amenities,2,33.94,0.277
1266.16,1617.04,71.56,5.8,2011,well_kept,roof_storey,B,central_heating,district_heating,Nordrhein_Westfalen,2,220.9,129.97,True,False,True,True,2023-06-02,Modern apartment with great amenities,1,24.89,0.3488
1108.57,1259.79,93.17,3.3,2014,first_time_use,apartment,A,gas_heating,electricity,Hessen,5,48.79,102.44,False,False,False,True,2023-09-25,Modern apartment with great amenities,1,33.1,0.2387
1192.14,1441.99,100.62,2.2,2011,well_kept,roof_storey,A,gas_heating,district_heating,Baden_Württemberg,6,189.13,60.72,True,False,False,False,2023-08-12,Modern apartment with great amenities,1,33.08,0.3004
1347.68,1594.14,50.87,6.0,2006,well_kept,ground_floor,C,floor_heating,gas,Hessen,5,185.21,61.25,True,True,True,True,2023-08-05,Modern apartment with great amenities,0,26.34,0.2531
1063.25,1309.14,73.39,2.7,1993,first_time_use,penthouse,B,floor_heating,district_heating,Baden_Württemberg,4,130.38,115.51,False,False,True,True,2023-09-27,Modern apartment with great amenities,1,30.4,0.3095
1032.28,1299.66,62.87,2.2,1954,modernized,penthouse,G,gas_heating,district_heating,Nordrhein_Westfalen,6,138.81,128.58,True,True,False,True,2023-02-22,Modern apartment with great amenities,1,33.16,0.3161
964.58,1343.12,66.98,5.9,2018,well_kept,penthouse,D,district_heating,oil,Baden_Württemberg,4,281.99,96.55,True,True,False,True,2023-05-04,Modern apartment with great amenities,1,34.99,0.2808
659.25,880.52,57.53,3.8,1994,modernized,penthouse,A+,central_heating,oil,Hamburg,8,145.53,75.73,True,True,False,True,2023-10-23,Modern apartment with great amenities,2,31.65,0.3689
1448.2,1748.06,89.3,4.5,1987,fully_renovated,ground_floor,C,district_heating,district_heating,Hessen,1,203.22,96.64,True,True,True,False,2023-10-18,Modern apartment with great amenities,0,28.21,0.3431
1322.81,1595.48,63.65,4.4,1992,first_time_use,ground_floor,C,floor_heating,gas,Berlin,7,200.0,72.67,True,True,False,True,2023-07-23,Modern apartment with great amenities,0,31.08,0.2461
923.36,1130.62,88.16,2.0,2009,well_kept,roof_storey,H,gas_heating,electricity,Bayern,4,59.53,147.74,False,False,True,False,2023-09-01,Modern apartment with great amenities,0,36.63,0.352
1214.61,1555.2,102.25,3.4,2010,mint_condition,ground_floor,B,floor_heating,oil,Bayern,4,214.42,126.16,True,False,False,False,2023-11-06,Modern apartment with great amenities,0,33.74,0.187
1049.43,1277.62,81.45,2.6,1991,well_kept,ground_floor,A+,central_heating,district_heating,Hessen,2,142.78,85.41,True,False,True,False,2023-11-23,Modern apartment with great amenities,0,33.41,0.2985
1489.9,1736.37,76.44,2.6,1957,modernized,ground_floor,F,central_heating,oil,Hamburg,9,107.3,139.18,True,False,True,False,2023-02-06,Modern apartment with great amenities,1,32.44,0.2743
712.55,935.0,96.7,3.8,1986,well_kept,ground_floor,A,central_heating,district_heating,Hessen,2,138.79,83.66,True,False,False,False,2023-12-03,Modern apartment with great amenities,1,34.02,0.3287
1765.37,1975.23,53.81,1.7,2022,first_time_use,apartment,C,district_heating,oil,Bayern,8,151.34,58.52,False,True,True,False,2023-03-07,Modern apartment with great amenities,0,28.67,0.2742
1249.79,1442.13,41.85,4.4,1995,well_kept,ground_floor,B,district_heating,gas,Hamburg,5,87.13,105.21,True,False,False,True,2023-01-09,Modern apartment with great amenities,2,27.87,0.2837
1057.09,1302.61,82.07,4.8,1977,modernized,apartment,H,floor_heating,district_heating,Bayern,7,130.18,115.34,True,False,True,True,2023-06-02,Modern apartment with great amenities,0,35.15,0.3044
885.07,1088.44,68.62,1.2,1957,mint_condition,penthouse,D,floor_heating,district_heating,Baden_Württemberg,6,79.51,123.86,False,True,False,False,2023-02-14,Modern apartment with great amenities,2,37.18,0.2809
1009.66,1374.87,64.98,1.2,1999,well_kept,penthouse,F,floor_heating,electricity,Hessen,6,283.74,81.47,False,True,False,False,2023-11-23,Modern apartment with great amenities,2,29.23,0.1988
967.56,1208.91,67.02,1.2,1966,mint_condition,maisonette,B,floor_heating,gas,Hessen,1,151.45,89.9,False,False,False,True,2023-07-16,Modern apartment with great amenities,1,28.42,0.2175
1215.65,1349.53,86.76,1.0,1974,modernized,ground_floor,E,gas_heating,electricity,Hamburg,7,44.93,88.95,False,True,False,True,2023-05-23,Modern apartment with great amenities,2,26.79,0.3261
837.02,1060.18,88.15,4.5,1961,first_time_use,maisonette,A+,district_heating,gas,Hessen,2,177.03,46.13,False,False,False,True,2023-08-24,Modern apartment with great amenities,0,28.29,0.3451
1162.77,1478.94,111.02,4.2,1976,well_kept,maisonette,H,central_heating,electricity,Hessen,0,205.65,110.51,False,True,True,False,2023-11-15,Modern apartment with great amenities,1,34.98,0.2419
777.02,1052.76,63.01,5.5,1952,modernized,ground_floor,E,gas_heating,oil,Berlin,9,179.42,96.32,False,False,True,False,2023-03-01,Modern apartment with great amenities,1,39.98,0.3793
829.02,1018.33,61.03,5.1,1975,first_time_use,ground_floor,D,gas_heating,oil,Nordrhein_Westfalen,4,84.38,104.93,False,True,True,True,2023-01-13,Modern apartment with great amenities,0,30.62,0.3319
869.82,1118.01,64.15,5.6,2006,mint_condition,roof_storey,C,floor_heating,electricity,Bayern,5,110.41,137.78,False,True,False,True,2023-12-05,Modern apartment with great amenities,0,25.68,0.2575
461.46,817.11,82.61,1.9,2007,fully_renovated,apartment,A+,central_heating,oil,Bayern,0,234.44,121.21,True,False,False,False,2023-01-21,Modern apartment with great amenities,0,33.03,0.252
1487.3,1729.2,91.82,4.6,2001,mint_condition,apartment,A+,gas_heating,district_heating,Berlin,5,127.77,114.13,False,True,True,True,2023-01-06,Modern apartment with great amenities,1,23.11,0.3803
1648.12,1903.72,90.96,1.5,1985,well_kept,penthouse,A,gas_heating,district_heating,Baden_Württemberg,8,169.88,85.73,True,False,True,True,2023-06-19,Modern apartment with great amenities,0,26.83,0.3799
743.89,904.44,80.27,1.1,2011,first_time_use,penthouse,A+,gas_heating,electricity,Baden_Württemberg,1,86.99,73.56,False,True,False,True,2023-12-07,Modern apartment with great amenities,1,38.35,0.2762
896.29,1063.54,75.2,1.1,2000,well_kept,apartment,F,central_heating,electricity,Baden_Württemberg,0,87.91,79.34,False,False,False,False,2023-03-22,Modern apartment with great amenities,1,26.41,0.279
648.85,922.98,87.74,3.6,1989,first_time_use,ground_floor,B,gas_heating,electricity,Hessen,0,159.12,115.01,True,False,True,True,2023-04-12,Modern apartment with great amenities,2,30.28,0.2683
1168.88,1408.99,40.73,5.1,2001,modernized,roof_storey,C,floor_heating,district_heating,Baden_Württemberg,6,154.53,85.57,False,False,False,True,2023-10-07,Modern apartment with great amenities,2,36.18,0.2628
853.89,1150.66,89.27,2.4,2017,mint_condition,ground_floor,H,gas_heating,oil,Hessen,2,167.41,129.36,False,True,True,False,2023-11-08,Modern apartment with great amenities,2,28.89,0.311
355.94,708.46,25.39,6.0,2019,well_kept,roof_storey,H,floor_heating,district_heating,Hessen,7,195.07,157.46,False,True,True,False,2023-12-03,Modern apartment with great amenities,1,30.62,0.2312
1262.04,1562.97,106.96,1.8,2018,fully_renovated,maisonette,H,central_heating,oil,Berlin,3,180.14,120.78,True,True,True,False,2023-07-06,Modern apartment with great amenities,1,38.01,0.3897
1433.55,1679.7,82.36,5.2,2013,mint_condition,ground_floor,G,district_heating,district_heating,Nordrhein_Westfalen,0,185.67,60.48,False,True,False,True,2023-08-04,Modern apartment with great amenities,2,17.44,0.344
877.04,1172.96,88.32,5.2,2018,mint_condition,maisonette,A,gas_heating,oil,Berlin,3,143.76,152.16,True,True,True,False,2023-10-26,Modern apartment with great amenities,1,34.91,0.3275
1450.1,1711.85,31.95,5.2,1975,well_kept,roof_storey,F,gas_heating,gas,Berlin,4,141.16,120.59,False,True,False,False,2023-09-24,Modern apartment with great amenities,2,38.03,0.2976
938.44,1185.24,66.61,1.3,1965,fully_renovated,roof_storey,D,central_heating,oil,Baden_Württemberg,6,164.18,82.61,True,False,True,True,2023-06-10,Modern apartment with great amenities,1,26.05,0.2688
1163.52,1396.42,95.99,5.2,1979,fully_renovated,penthouse,B,floor_heating,gas,Hessen,2,127.27,105.64,False,True,True,False,2023-08-14,Modern apartment with great amenities,0,28.76,0.1817
1118.21,1259.73,69.82,3.7,1950,fully_renovated,maisonette,B,district_heating,gas,Hessen,6,85.81,55.72,False,False,False,False,2023-02-24,Modern apartment with great amenities,0,28.52,0.3445
737.43,1016.93,71.37,4.5,1965,first_time_use,penthouse,A+,central_heating,oil,Hamburg,1,160.06,119.44,False,False,False,True,2023-04-08,Modern apartment with great amenities,1,40.55,0.2978
1224.57,1414.72,76.81,5.7,2004,fully_renovated,maisonette,A+,gas_heating,district_heating,Hamburg,2,122.47,67.68,True,False,False,True,2023-03-25,Modern apartment with great amenities,2,30.59,0.2469
1219.48,1504.94,39.07,2.9,1969,mint_condition,penthouse,B,district_heating,oil,Hamburg,7,205.02,80.44,False,True,True,True,2023-01-20,Modern apartment with great amenities,2,33.82,0.298
1385.98,1616.56,81.51,2.4,2002,first_time_use,apartment,E,floor_heating,oil,Nordrhein_Westfalen,6,120.64,109.94,True,True,True,False,2023-10-23,Modern apartment with great amenities,2,24.68,0.255
665.46,1000.15,104.32,3.8,1971,fully_renovated,apartment,C,gas_heating,oil,Hamburg,3,203.6,131.09,False,False,True,True,2023-08-14,Modern apartment with great amenities,1,35.9,0.3078
1256.87,1499.46,106.25,3.8,1958,mint_condition,penthouse,B,gas_heating,gas,Hessen,7,112.27,130.32,False,False,True,True,2023-12-06,Modern apartment with great amenities,2,34.33,0.2518
774.35,993.81,120.07,3.5,2006,fully_renovated,roof_storey,A,gas_heating,gas,Hessen,3,124.14,95.33,False,True,True,True,2023-03-17,Modern apartment with great amenities,1,21.24,0.3849
911.2,1081.41,42.16,2.5,1967,fully_renovated,apartment,A+,central_heating,district_heating,Hessen,9,58.42,111.8,True,True,True,False,2023-10-09,Modern apartment with great amenities,2,36.42,0.3252
1256.95,1448.91,65.4,4.0,1954,fully_renovated,penthouse,C,floor_heating,district_heating,Berlin,2,80.18,111.79,False,True,False,False,2023-05-09,Modern apartment with great amenities,2,35.23,0.3058
962.26,1276.88,55.54,5.2,1992,mint_condition,penthouse,F,district_heating,oil,Nordrhein_Westfalen,6,199.17,115.45,True,False,True,True,2023-09-17,Modern apartment with great amenities,2,44.77,0.2828
859.46,1120.31,57.08,2.7,1965,modernized,penthouse,F,floor_heating,gas,Nordrhein_Westfalen,1,177.94,82.91,False,True,True,True,2023-04-23,Modern apartment with great amenities,2,32.35,0.2288
1033.07,1261.78,46.66,4.1,2001,modernized,penthouse,A,central_heating,gas,Hessen,9,106.46,122.26,True,True,True,True,2023-09-20,Modern apartment with great amenities,0,34.84,0.2426
1811.5,2084.88,107.83,4.5,1970,well_kept,ground_floor,E,floor_heating,oil,Hamburg,5,156.24,117.14,True,False,True,False,2023-03-21,Modern apartment with great amenities,2,34.38,0.2806
1106.68,1345.49,80.13,5.3,1995,modernized,roof_storey,F,district_heating,district_heating,Berlin,4,179.79,59.01,False,True,False,True,2023-07-14,Modern apartment with great amenities,0,19.45,0.2354
661.42,768.96,19.95,5.6,1967,fully_renovated,maisonette,D,central_heating,gas,Hessen,1,60.46,47.07,True,True,False,True,2023-01-02,Modern apartment with great amenities,2,18.18,0.3443
833.66,1066.16,106.54,1.7,2008,well_kept,penthouse,H,gas_heating,electricity,Nordrhein_Westfalen,0,81.71,150.79,False,True,True,True,2023-07-26,Modern apartment with great amenities,2,31.03,0.2851
586.55,873.34,51.19,4.9,2008,first_time_use,maisonette,C,floor_heating,oil,Hessen,2,153.16,133.62,True,True,True,True,2023-07-01,Modern apartment with great amenities,0,33.02,0.2589
1505.49,1761.37,107.03,3.4,1961,well_kept,penthouse,C,gas_heating,electricity,Nordrhein_Westfalen,1,162.2,93.68,False,False,True,True,2023-08-11,Modern apartment with great amenities,2,33.62,0.2156
1075.61,1326.09,74.17,2.9,1968,mint_condition,maisonette,E,district_heating,gas,Hessen,3,187.81,62.68,True,False,False,False,2023-09-02,Modern apartment with great amenities,1,31.62,0.2485
1139.82,1438.74,88.23,1.3,1978,fully_renovated,ground_floor,C,central_heating,electricity,Baden_Württemberg,7,193.72,105.2,True,True,False,True,2023-01-08,Modern apartment with great amenities,2,34.4,0.301
1279.02,1626.81,73.07,4.4,1983,well_kept,ground_floor,E,district_heating,district_heating,Hamburg,2,193.12,154.67,False,False,False,True,2023-06-04,Modern apartment with great amenities,0,20.58,0.2912
801.27,1042.33,88.59,5.5,1976,first_time_use,ground_floor,G,district_heating,oil,Hamburg,9,118.0,123.06,False,True,False,True,2023-09-26,Modern apartment with great amenities,2,28.16,0.3138
1261.7,1518.59,67.74,4.8,1985,modernized,maisonette,F,central_heating,gas,Hamburg,0,144.71,112.18,True,False,True,True,2023-02-23,Modern apartment with great amenities,1,21.35,0.3207
1608.19,1877.97,88.51,5.7,2006,mint_condition,roof_storey,H,floor_heating,electricity,Bayern,5,157.87,111.91,False,True,True,True,2023-02-16,Modern apartment with great amenities,2,30.76,0.3856
927.6,1178.22,104.93,2.5,2008,modernized,ground_floor,E,central_heating,district_heating,Baden_Württemberg,0,171.0,79.62,True,True,True,True,2023-05-08,Modern apartment with great amenities,2,25.13,0.2555
800.39,1030.67,62.67,4.3,1984,mint_condition,ground_floor,D,gas_heating,oil,Hessen,9,144.93,85.36,True,True,False,False,2023-06-02,Modern apartment with great amenities,2,34.34,0.2771
752.66,944.78,75.14,4.8,1959,fully_renovated,roof_storey,E,district_heating,oil,Berlin,2,133.04,59.08,False,False,True,True,2023-10-24,Modern apartment with great amenities,2,36.77,0.3281
656.45,870.05,76.85,5.3,1990,fully_renovated,roof_storey,E,district_heating,oil,Nordrhein_Westfalen,3,139.08,74.52,False,True,True,False,2023-08-01,Modern apartment with great amenities,2,24.71,0.3833
1189.87,1477.47,74.67,1.2,2000,fully_renovated,roof_storey,A,district_heating,district_heating,Baden_Württemberg,4,177.24,110.36,False,False,True,True,2023-05-17,Modern apartment with great amenities,1,33.26,0.3276
1207.95,1381.24,54.17,4.8,2005,mint_condition,ground_floor,G,central_heating,district_heating,Bayern,1,94.41,78.89,True,True,True,False,2023-04-25,Modern apartment with great amenities,2,31.99,0.321
1660.11,1863.17,48.87,1.9,1983,well_kept,apartment,D,gas_heating,electricity,Nordrhein_Westfalen,1,105.35,97.71,True,False,False,False,2023-04-13,Modern apartment with great amenities,2,30.15,0.3572
589.81,850.11,70.81,2.0,1957,mint_condition,roof_storey,F,gas_heating,oil,Bayern,0,101.04,159.26,False,False,False,True,2023-12-13,Modern apartment with great amenities,0,31.51,0.3119
895.34,1237.35,48.27,5.8,1982,first_time_use,apartment,B,floor_heating,district_heating,Nordrhein_Westfalen,7,227.17,114.84,True,False,False,False,2023-09-15,Modern apartment with great amenities,1,35.99,0.297
1176.3,1358.84,82.6,1.0,1970,first_time_use,maisonette,C,central_heating,electricity,Baden_Württemberg,5,98.24,84.3,True,True,True,False,2023-02-19,Modern apartment with great amenities,2,21.93,0.3583
1443.42,1586.53,75.37,3.0,1953,modernized,apartment,A+,central_heating,gas,Hamburg,0,28.17,114.94,False,False,False,False,2023-05-16,Modern apartment with great amenities,2,34.3,0.2392
1559.4,1729.44,111.16,1.8,2013,first_time_use,maisonette,B,gas_heating,electricity,Berlin,7,85.84,84.2,True,True,True,False,2023-04-06,Modern apartment with great amenities,0,28.43,0.2535
1075.39,1267.9,96.01,3.3,1964,first_time_use,apartment,E,district_heating,district_heating,Hamburg,0,115.82,76.69,True,True,False,False,2023-01-09,Modern apartment with great amenities,1,29.77,0.3167
363.04,563.67,60.52,5.0,1982,first_time_use,maisonette,B,gas_heating,gas,Nordrhein_Westfalen,9,113.23,87.41,False,True,True,True,2023-07-15,Modern apartment with great amenities,0,33.66,0.2607
938.79,1106.44,100.38,4.0,2006,well_kept,penthouse,C,central_heating,district_heating,Bayern,3,70.03,97.62,True,False,False,True,2023-10-10,Modern apartment with great amenities,0,28.23,0.2523
1386.31,1709.02,77.44,4.3,1963,well_kept,roof_storey,A+,gas_heating,district_heating,Baden_Württemberg,2,146.74,175.96,False,False,True,False,2023-05-24,Modern apartment with great amenities,2,21.36,0.2528
743.21,973.39,88.18,3.6,1959,mint_condition,apartment,D,floor_heating,district_heating,Hamburg,2,169.4,60.78,False,True,True,True,2023-05-12,Modern apartment with great amenities,2,27.71,0.3493
788.72,1048.32,92.82,1.3,1988,mint_condition,ground_floor,E,central_heating,district_heating,Hessen,4,108.82,150.78,True,True,True,True,2023-02-08,Modern apartment with great amenities,0,27.39,0.271
1098.24,1419.26,59.8,5.9,2012,fully_renovated,apartment,G,district_heating,oil,Berlin,1,230.87,90.16,False,True,False,True,2023-09-08,Modern apartment with great amenities,1,23.19,0.248
852.76,1140.15,93.83,1.2,1957,first_time_use,apartment,E,central_heating,gas,Nordrhein_Westfalen,9,189.38,98.01,False,False,True,False,2023-05-06,Modern apartment with great amenities,0,37.03,0.2875
656.54,874.55,108.04,3.9,1998,mint_condition,apartment,G,gas_heating,gas,Baden_Württemberg,9,152.5,65.52,True,False,False,False,2023-04-07,Modern apartment with great amenities,0,30.08,0.3497
815.35,1000.45,83.99,1.2,1989,mint_condition,roof_storey,D,gas_heating,oil,Hamburg,0,106.41,78.69,True,True,True,True,2023-03-22,Modern apartment with great amenities,2,33.58,0.3434
1110.9,1352.14,79.44,4.0,2005,first_time_use,apartment,H,central_heating,gas,Hessen,2,183.2,58.03,False,True,False,False,2023-10-06,Modern apartment with great amenities,0,33.13,0.3462
1087.2,1293.42,95.82,2.1,1953,fully_renovated,ground_floor,B,district_heating,district_heating,Bayern,1,119.23,86.98,False,False,False,False,2023-02-21,Modern apartment with great amenities,2,26.85,0.2465
1605.95,1978.8,92.76,2.2,2007,fully_renovated,ground_floor,H,floor_heating,gas,Baden_Württemberg,6,254.16,118.69,False,False,True,True,2023-04-13,Modern apartment with great amenities,2,34.19,0.3205
708.63,1009.97,89.83,4.7,2016,first_time_use,ground_floor,G,district_heating,electricity,Baden_Württemberg,0,200.49,100.84,True,False,False,False,2023-05-14,Modern apartment with great amenities,2,24.38,0.2851
690.14,948.22,73.68,2.6,1969,fully_renovated,apartment,B,central_heating,district_heating,Bayern,8,203.57,54.5,False,True,False,False,2023-08-02,Modern apartment with great amenities,2,33.03,0.2419
1082.23,1351.74,76.35,1.4,1956,well_kept,roof_storey,B,gas_heating,gas,Bayern,8,212.77,56.74,False,False,False,True,2023-06-22,Modern apartment with great amenities,2,30.64,0.2948
662.08,887.03,67.39,1.2,2012,modernized,ground_floor,C,central_heating,electricity,Baden_Württemberg,3,115.16,109.79,False,True,False,True,2023-09-16,Modern apartment with great amenities,1,34.57,0.3516
1165.91,1366.18,122.21,5.4,1976,well_kept,roof_storey,F,central_heating,district_heating,Baden_Württemberg,7,137.45,62.82,False,True,True,False,2023-07-16,Modern apartment with great amenities,1,30.97,0.2879
895.04,1145.29,140.99,2.6,1996,mint_condition,maisonette,B,district_heating,oil,Nordrhein_Westfalen,6,109.47,140.78,False,False,False,True,2023-05-13,Modern apartment with great amenities,1,18.37,0.3058
1023.73,1251.67,93.25,1.2,2022,modernized,ground_floor,D,gas_heating,electricity,Hamburg,2,127.52,100.42,False,True,False,True,2023-01-06,Modern apartment with great amenities,0,25.43,0.2971
1014.59,1370.59,112.88,5.4,1974,well_kept,penthouse,A,district_heating,oil,Berlin,1,249.06,106.93,True,False,True,True,2023-11-04,Modern apartment with great amenities,1,30.56,0.28
1053.7,1348.3,72.78,2.3,1992,mint_condition,roof_storey,E,district_heating,oil,Berlin,7,198.9,95.69,False,True,False,False,2023-10-21,Modern apartment with great amenities,1,22.93,0.3534
1313.42,1509.68,61.84,1.0,2003,well_kept,roof_storey,H,floor_heating,oil,Hamburg,4,144.09,52.16,False,False,False,True,2023-09-21,Modern apartment with great amenities,2,31.0,0.344
494.46,741.01,96.1,2.9,1955,modernized,penthouse,H,floor_heating,electricity,Bayern,5,156.05,90.5,True,False,False,True,2023-05-06,Modern apartment with great amenities,0,31.26,0.2318
856.23,1216.87,66.94,5.8,2010,modernized,apartment,D,floor_heating,electricity,Bayern,4,255.13,105.51,False,False,False,False,2023-09-12,Modern apartment with great amenities,2,36.37,0.3349
1176.12,1380.61,145.73,4.5,1966,mint_condition,roof_storey,A+,floor_heating,district_heating,Nordrhein_Westfalen,2,149.84,54.66,True,False,False,False,2023-01-20,Modern apartment with great amenities,1,33.74,0.3082
1316.14,1559.95,107.44,3.3,2020,fully_renovated,apartment,H,district_heating,gas,Berlin,1,134.35,109.46,True,False,False,False,2023-04-08,Modern apartment with great amenities,1,22.77,0.3283
1283.59,1532.64,95.04,3.0,1961,first_time_use,penthouse,A,floor_heating,oil,Hessen,6,121.59,127.47,True,False,False,False,2023-05-16,Modern apartment with great amenities,1,30.37,0.3905
1009.14,1226.34,93.03,5.8,1985,well_kept,roof_storey,A,district_heating,electricity,Baden_Württemberg,7,131.94,85.26,True,True,False,True,2023-11-02,Modern apartment with great amenities,0,29.06,0.2453
1459.17,1704.48,108.72,1.7,1986,fully_renovated,ground_floor,A,floor_heating,district_heating,Baden_Württemberg,0,168.72,76.59,True,False,True,True,2023-05-27,Modern apartment with great amenities,2,27.61,0.3849
1349.19,1516.79,65.26,4.7,1984,well_kept,apartment,A+,gas_heating,district_heating,Hamburg,4,71.31,96.28,True,True,True,False,2023-02-18,Modern apartment with great amenities,0,26.08,0.3965
774.96,1040.36,56.87,4.5,1971,first_time_use,ground_floor,A,central_heating,electricity,Baden_Württemberg,9,188.67,76.73,True,True,False,True,2023-05-26,Modern apartment with great amenities,1,33.68,0.221
896.09,1067.53,77.91,2.9,2014,well_kept,ground_floor,A+,central_heating,gas,Hamburg,0,69.71,101.74,True,False,False,True,2023-07-17,Modern apartment with great amenities,0,26.33,0.2965
1074.68,1359.49,83.82,2.6,1996,modernized,roof_storey,E,district_heating,gas,Hamburg,2,184.7,100.1,True,True,True,False,2023-11-08,Modern apartment with great amenities,2,27.34,0.2831
1441.18,1693.68,78.13,2.4,2018,mint_condition,ground_floor,F,central_heating,gas,Hamburg,9,164.81,87.69,True,True,True,False,2023-12-17,Modern apartment with great amenities,2,32.71,0.2192
808.54,1103.25,75.87,2.0,2018,modernized,apartment,A,floor_heating,gas,Baden_Württemberg,1,189.33,105.38,False,True,True,True,2023-11-25,Modern apartment with great amenities,1,26.57,0.2377
1736.22,2077.74,32.52,1.6,1973,first_time_use,roof_storey,C,district_heating,oil,Nordrhein_Westfalen,7,200.62,140.89,True,False,False,False,2023-10-06,Modern apartment with great amenities,2,28.18,0.2999
1183.75,1446.55,84.25,2.8,2002,well_kept,maisonette,H,central_heating,district_heating,Hessen,4,136.97,125.83,False,True,True,True,2023-11-01,Modern apartment with great amenities,2,40.15,0.2938
1040.87,1310.81,103.45,2.7,2003,mint_condition,ground_floor,F,central_heating,oil,Baden_Württemberg,7,165.69,104.25,False,False,False,True,2023-08-07,Modern apartment with great amenities,1,37.48,0.3151
1516.74,1730.53,76.11,4.6,1961,well_kept,penthouse,F,floor_heating,electricity,Nordrhein_Westfalen,6,104.19,109.59,False,False,True,True,2023-03-25,Modern apartment with great amenities,0,25.9,0.3304
743.54,1050.26,70.11,4.3,2001,first_time_use,apartment,H,central_heating,oil,Hamburg,7,212.6,94.12,False,True,True,True,2023-11-14,Modern apartment with great amenities,1,27.35,0.3353
740.67,1064.91,64.81,1.5,2000,well_kept,penthouse,C,floor_heating,oil,Hamburg,7,235.59,88.65,True,True,False,True,2023-09-02,Modern apartment with great amenities,2,28.2,0.2946
575.02,827.17,100.74,3.3,2021,modernized,apartment,B,district_heating,oil,Nordrhein_Westfalen,7,98.81,153.34,False,False,True,True,2023-01-22,Modern apartment with great amenities,1,25.7,0.3976
1013.48,1252.2,78.97,2.9,2020,well_kept,penthouse,A+,floor_heating,district_heating,Berlin,1,115.74,122.97,False,True,True,True,2023-01-04,Modern apartment with great amenities,2,23.92,0.2303
989.03,1179.41,48.52,5.9,1977,mint_condition,maisonette,A+,floor_heating,gas,Berlin,1,139.05,51.33,True,True,False,False,2023-06-02,Modern apartment with great amenities,1,24.47,0.3343
1353.74,1538.91,84.36,5.0,1985,fully_renovated,penthouse,B,floor_heating,district_heating,Hamburg,3,89.22,95.95,False,True,True,False,2023-06-09,Modern apartment with great amenities,0,24.48,0.3365
1234.16,1539.12,121.52,2.2,1972,well_kept,ground_floor,F,central_heating,oil,Nordrhein_Westfalen,9,227.84,77.12,True,True,True,False,2023-03-07,Modern apartment with great amenities,2,28.88,0.3246
1325.56,1678.38,81.38,3.2,1965,first_time_use,penthouse,C,central_heating,oil,Baden_Württemberg,3,244.16,108.66,False,False,False,True,2023-10-14,Modern apartment with great amenities,1,33.78,0.3217
729.75,951.55,56.45,5.0,1990,mint_condition,maisonette,C,central_heating,electricity,Hessen,8,161.53,60.27,True,False,True,True,2023-03-24,Modern apartment with great amenities,0,28.43,0.2921
787.81,1034.12,104.42,1.0,1955,modernized,roof_storey,A+,gas_heating,oil,Berlin,4,173.33,72.98,True,True,False,False,2023-01-09,Modern apartment with great amenities,0,30.54,0.2969
992.59,1126.32,92.32,4.2,1951,fully_renovated,roof_storey,C,central_heating,gas,Hamburg,6,79.31,54.42,False,True,False,True,2023-11-10,Modern apartment with great amenities,0,25.42,0.2325
1043.3,1241.47,62.45,1.6,2005,fully_renovated,ground_floor,H,central_heating,oil,Hamburg,5,136.31,61.86,True,True,True,False,2023-07-05,Modern apartment with great amenities,2,25.66,0.2447
1262.47,1500.45,74.94,1.5,1953,first_time_use,roof_storey,F,floor_heating,district_heating,Baden_Württemberg,5,149.11,88.87,False,True,False,False,2023-11-06,Modern apartment with great amenities,2,29.9,0.2623
1440.21,1653.33,50.67,3.5,1951,mint_condition,ground_floor,A,gas_heating,district_heating,Hessen,3,133.79,79.33,False,False,True,True,2023-10-26,Modern apartment with great amenities,0,27.74,0.2774
847.65,1156.32,82.39,1.7,2008,first_time_use,roof_storey,E,floor_heating,district_heating,Baden_Württemberg,4,202.31,106.36,True,False,True,True,2023-02-19,Modern apartment with great amenities,0,32.55,0.289
1067.33,1252.56,91.8,5.2,1950,well_kept,penthouse,A,gas_heating,gas,Hamburg,0,87.32,97.91,False,True,False,False,2023-08-02,Modern apartment with great amenities,2,36.76,0.2558
1172.07,1475.67,78.85,3.8,1951,fully_renovated,maisonette,G,floor_heating,district_heating,Nordrhein_Westfalen,2,189.44,114.16,False,True,False,True,2023-09-03,Modern apartment with great amenities,2,30.54,0.2909
603.94,889.17,67.4,4.6,1998,well_kept,penthouse,F,gas_heating,oil,Berlin,4,181.2,104.03,False,True,False,False,2023-01-14,Modern apartment with great amenities,0,41.45,0.2933
541.84,749.99,51.56,3.0,1976,fully_renovated,maisonette,G,district_heating,district_heating,Baden_Württemberg,1,140.99,67.16,True,True,True,True,2023-10-19,Modern apartment with great amenities,1,22.12,0.3513
1155.68,1456.49,129.45,4.7,1980,mint_condition,maisonette,C,central_heating,electricity,Berlin,5,148.99,151.83,True,True,False,False,2023-09-25,Modern apartment with great amenities,1,30.22,0.3211
1296.45,1503.34,48.76,3.3,1994,mint_condition,ground_floor,D,gas_heating,electricity,Baden_Württemberg,6,77.66,129.22,True,True,False,True,2023-11-07,Modern apartment with great amenities,1,26.15,0.3625
579.84,805.94,98.56,3.1,2010,modernized,apartment,C,central_heating,electricity,Nordrhein_Westfalen,7,100.17,125.93,True,False,False,True,2023-02-11,Modern apartment with great amenities,2,32.9,0.1973
1170.76,1417.87,74.81,5.1,1957,modernized,ground_floor,G,gas_heating,oil,Bayern,2,186.14,60.97,False,False,True,True,2023-08-11,Modern apartment with great amenities,0,29.76,0.3225
1076.12,1405.88,76.85,5.1,1975,mint_condition,ground_floor,F,gas_heating,gas,Bayern,9,186.98,142.78,False,False,False,False,2023-02-02,Modern apartment with great amenities,1,25.96,0.3426
874.98,1125.07,68.72,3.7,1985,fully_renovated,ground_floor,B,district_heating,district_heating,Hessen,8,135.78,114.31,True,False,True,False,2023-10-04,Modern apartment with great amenities,0,39.49,0.3368
1430.12,1666.52,89.91,3.6,1995,modernized,ground_floor,E,district_heating,electricity,Hessen,5,125.77,110.64,False,True,True,True,2023-10-04,Modern apartment with great amenities,2,38.65,0.2969
909.44,1216.82,89.39,4.8,1978,mint_condition,roof_storey,F,district_heating,electricity,Hamburg,8,199.17,108.21,True,True,False,True,2023-07-22,Modern apartment with great amenities,0,27.86,0.3254
914.12,1152.06,72.2,5.5,1954,modernized,ground_floor,F,district_heating,gas,Berlin,8,156.39,81.55,True,True,False,False,2023-09-03,Modern apartment with great amenities,2,36.05,0.2112
1159.1,1373.38,91.35,5.1,1999,mint_condition,apartment,F,gas_heating,electricity,Hamburg,9,133.68,80.6,False,True,False,True,2023-05-01,Modern apartment with great amenities,0,35.34,0.3232
1090.53,1418.36,67.76,1.4,1957,modernized,penthouse,B,gas_heating,electricity,Bayern,8,226.1,101.73,True,False,False,True,2023-07-27,Modern apartment with great amenities,1,26.35,0.3457
383.25,566.98,92.28,2.8,1984,fully_renovated,roof_storey,A,central_heating,district_heating,Hessen,1,119.19,64.55,True,False,True,False,2023-09-04,Modern apartment with great amenities,2,32.03,0.3796
918.14,1306.77,49.09,3.7,1976,first_time_use,penthouse,C,floor_heating,oil,Hamburg,5,245.79,142.84,False,True,False,True,2023-05-15,Modern apartment with great amenities,1,26.66,0.3125
1085.47,1398.9,80.24,4.9,2005,fully_renovated,roof_storey,D,district_heating,gas,Berlin,7,178.11,135.32,True,True,False,True,2023-06-10,Modern apartment with great amenities,1,23.06,0.3007
1098.03,1454.19,76.33,4.2,2002,mint_condition,roof_storey,C,district_heating,electricity,Baden_Württemberg,7,281.67,74.49,False,False,False,True,2023-10-20,Modern apartment with great amenities,0,26.56,0.3075
781.8,1048.35,99.83,4.4,1994,well_kept,penthouse,A+,district_heating,electricity,Bayern,2,150.07,116.48,True,False,True,False,2023-08-24,Modern apartment with great amenities,1,33.46,0.3326
1019.81,1324.8,97.74,5.0,2013,well_kept,apartment,F,central_heating,district_heating,Nordrhein_Westfalen,0,169.43,135.56,True,True,False,False,2023-01-15,Modern apartment with great amenities,2,37.6,0.2754
1794.23,2027.89,124.79,3.5,1995,mint_condition,apartment,G,floor_heating,district_heating,Baden_Württemberg,3,74.83,158.82,True,True,False,False,2023-05-12,Modern apartment with great amenities,1,29.62,0.303
945.5,1183.53,70.9,4.7,1960,well_kept,penthouse,E,district_heating,oil,Hamburg,7,159.93,78.1,False,True,False,False,2023-08-21,Modern apartment with great amenities,0,30.31,0.3037
1767.27,1997.56,81.52,4.7,1965,fully_renovated,apartment,G,central_heating,gas,Nordrhein_Westfalen,1,147.95,82.34,False,True,False,True,2023-10-05,Modern apartment with great amenities,2,32.75,0.3708
1062.28,1364.54,97.85,4.6,1986,well_kept,ground_floor,G,gas_heating,district_heating,Hessen,8,232.99,69.26,True,True,False,True,2023-10-16,Modern apartment with great amenities,1,29.65,0.4221
710.63,925.7,78.86,1.7,1980,mint_condition,apartment,F,gas_heating,oil,Berlin,3,133.73,81.34,True,True,False,True,2023-03-02,Modern apartment with great amenities,1,31.07,0.2651
901.66,1178.02,21.31,5.6,1978,well_kept,maisonette,F,district_heating,district_heating,Bayern,8,183.91,92.46,True,True,False,True,2023-09-05,Modern apartment with great amenities,0,36.85,0.3449
1104.62,1335.09,91.09,2.1,1999,well_kept,maisonette,H,central_heating,electricity,Berlin,1,139.14,91.32,False,True,True,True,2023-06-21,Modern apartment with great amenities,0,33.9,0.3243
945.01,1219.84,63.98,3.5,2000,fully_renovated,ground_floor,H,floor_heating,gas,Bayern,9,187.92,86.9,True,False,False,True,2023-04-18,Modern apartment with great amenities,1,19.19,0.3793
685.76,961.61,68.05,2.0,1958,fully_renovated,ground_floor,H,district_heating,electricity,Nordrhein_Westfalen,4,167.16,108.68,False,False,False,False,2023-05-14,Modern apartment with great amenities,0,20.57,0.3958
1322.35,1556.67,111.8,3.2,1973,well_kept,roof_storey,B,central_heating,district_heating,Nordrhein_Westfalen,1,105.95,128.37,True,True,True,False,2023-05-26,Modern apartment with great amenities,2,28.8,0.3599
977.23,1182.5,105.77,2.9,1973,modernized,ground_floor,H,gas_heating,oil,Hessen,0,117.91,87.36,True,False,True,True,2023-07-26,Modern apartment with great amenities,2,29.03,0.2948
993.15,1186.37,76.67,4.7,2015,modernized,maisonette,D,gas_heating,gas,Nordrhein_Westfalen,5,96.87,96.36,False,False,False,False,2023-10-15,Modern apartment with great amenities,2,30.54,0.2461
678.58,800.93,75.78,2.6,1986,modernized,maisonette,G,gas_heating,oil,Bayern,0,90.79,31.56,False,True,True,False,2023-11-14,Modern apartment with great amenities,1,23.34,0.3845
690.05,983.63,67.96,2.2,2000,well_kept,roof_storey,A+,central_heating,electricity,Berlin,5,203.37,90.21,True,True,True,True,2023-07-02,Modern apartment with great amenities,2,25.34,0.2627
1325.97,1608.67,71.42,3.9,1997,fully_renovated,apartment,A,floor_heating,gas,Berlin,8,141.05,141.65,False,True,True,False,2023-02-07,Modern apartment with great amenities,0,32.21,0.3326
1088.47,1288.72,92.88,5.0,1956,mint_condition,roof_storey,G,district_heating,electricity,Nordrhein_Westfalen,8,87.39,112.86,False,False,True,False,2023-01-25,Modern apartment with great amenities,1,27.17,0.2158
981.26,1174.28,64.97,1.2,1951,fully_renovated,apartment,C,floor_heating,oil,Baden_Württemberg,0,126.17,66.85,False,True,True,True,2023-07-12,Modern apartment with great amenities,2,36.83,0.3685
476.67,730.44,59.15,2.6,1978,mint_condition,apartment,F,gas_heating,oil,Berlin,9,191.15,62.62,True,False,False,False,2023-07-25,Modern apartment with great amenities,0,25.64,0.3266
1426.24,1639.0,82.05,1.8,1998,fully_renovated,apartment,C,district_heating,oil,Baden_Württemberg,3,116.58,96.18,False,True,False,False,2023-12-22,Modern apartment with great amenities,0,33.96,0.3326
500.16,805.25,70.85,2.0,2004,first_time_use,ground_floor,F,district_heating,electricity,Bayern,0,187.89,117.2,True,True,True,False,2023-02-26,Modern apartment with great amenities,2,31.02,0.2233
836.46,1137.5,76.43,3.1,1968,modernized,penthouse,F,floor_heating,gas,Hamburg,5,222.63,78.42,True,False,False,False,2023-06-15,Modern apartment with great amenities,2,31.18,0.3648
1237.48,1501.07,117.06,4.2,2022,first_time_use,maisonette,A+,central_heating,oil,Bayern,2,198.8,64.8,True,False,False,True,2023-01-02,Modern apartment with great amenities,1,21.88,0.2563
690.48,1014.56,77.18,3.3,1969,mint_condition,penthouse,A+,district_heating,electricity,Hamburg,3,206.63,117.45,True,False,False,True,2023-05-25,Modern apartment with great amenities,1,31.99,0.2786
999.59,1243.9,81.96,4.5,1959,first_time_use,maisonette,D,floor_heating,electricity,Nordrhein_Westfalen,7,160.77,83.54,True,True,False,True,2023-04-24,Modern apartment with great amenities,1,32.44,0.2757
471.43,710.75,97.45,4.3,1996,mint_condition,roof_storey,H,district_heating,oil,Berlin,9,121.79,117.53,False,True,False,True,2023-06-23,Modern apartment with great amenities,1,28.77,0.2777
1420.57,1566.02,64.5,3.3,1960,mint_condition,apartment,G,district_heating,electricity,Hamburg,6,68.37,77.08,True,False,False,True,2023-09-17,Modern apartment with great amenities,1,34.48,0.2778
1054.29,1259.32,65.64,4.8,1960,fully_renovated,apartment,H,floor_heating,electricity,Bayern,9,200.37,4.66,False,False,True,True,2023-01-25,Modern apartment with great amenities,2,24.62,0.2195
1539.87,1762.27,96.92,3.1,2019,modernized,maisonette,B,gas_heating,gas,Baden_Württemberg,1,157.64,64.76,True,False,False,False,2023-10-09,Modern apartment with great amenities,0,27.93,0.3414
944.53,1182.59,88.66,1.4,2006,mint_condition,roof_storey,D,central_heating,gas,Bayern,9,156.4,81.66,True,False,False,True,2023-05-26,Modern apartment with great amenities,1,21.22,0.2673
1067.03,1229.51,63.45,5.5,1959,fully_renovated,roof_storey,C,floor_heating,electricity,Hessen,0,94.42,68.06,False,True,False,False,2023-05-01,Modern apartment with great amenities,2,24.79,0.2063
1188.51,1369.65,82.06,5.9,1986,first_time_use,penthouse,B,central_heating,district_heating,Bayern,4,142.29,38.85,False,False,True,True,2023-05-11,Modern apartment with great amenities,0,32.79,0.3635
1392.65,1563.64,85.91,4.3,1971,modernized,roof_storey,B,central_heating,gas,Nordrhein_Westfalen,1,94.35,76.64,True,False,True,False,2023-08-15,Modern apartment with great amenities,0,26.95,0.3251
931.17,1230.27,70.92,2.5,1979,fully_renovated,penthouse,E,central_heating,gas,Bayern,2,140.39,158.71,False,False,False,True,2023-02-22,Modern apartment with great amenities,1,32.33,0.3532
1101.14,1377.53,91.81,5.1,1952,mint_condition,roof_storey,E,central_heating,gas,Hessen,5,200.99,75.4,False,True,True,False,2023-05-12,Modern apartment with great amenities,1,34.21,0.3514
1953.37,2401.15,80.04,1.1,1970,modernized,maisonette,D,district_heating,oil,Berlin,8,306.16,141.62,False,True,True,True,2023-11-25,Modern apartment with great amenities,1,31.4,0.317
1241.34,1531.98,79.65,3.3,1954,well_kept,roof_storey,A,central_heating,district_heating,Bayern,2,223.94,66.71,True,False,True,False,2023-04-21,Modern apartment with great amenities,0,31.97,0.2588
874.07,1197.24,80.73,1.3,1992,first_time_use,ground_floor,E,gas_heating,electricity,Berlin,8,198.53,124.64,False,False,False,False,2023-05-20,Modern apartment with great amenities,0,30.72,0.2958
1588.72,1919.53,79.38,5.9,1967,first_time_use,ground_floor,H,central_heating,oil,Hamburg,1,184.81,146.0,True,False,True,True,2023-05-09,Modern apartment with great amenities,0,18.43,0.2721
875.47,1151.75,78.26,4.6,1950,fully_renovated,roof_storey,A,gas_heating,gas,Baden_Württemberg,6,136.11,140.17,False,True,True,True,2023-01-12,Modern apartment with great amenities,1,31.4,0.2901
747.46,967.88,118.4,5.5,1962,fully_renovated,penthouse,A,central_heating,district_heating,Hamburg,0,119.76,100.66,False,False,True,False,2023-02-27,Modern apartment with great amenities,0,28.04,0.2469
1566.7,1878.21,75.61,4.4,1987,well_kept,roof_storey,H,gas_heating,electricity,Baden_Württemberg,7,207.16,104.35,False,True,False,True,2023-09-14,Modern apartment with great amenities,0,15.16,0.2841
1100.77,1362.53,54.9,2.2,1951,fully_renovated,penthouse,E,floor_heating,gas,Baden_Württemberg,5,163.85,97.9,True,True,False,True,2023-02-06,Modern apartment with great amenities,2,28.76,0.355
838.25,1167.34,129.21,5.6,1980,well_kept,roof_storey,E,central_heating,oil,Bayern,5,219.9,109.18,True,True,True,False,2023-12-23,Modern apartment with great amenities,0,33.14,0.254
1707.59,1966.83,47.01,2.0,2017,modernized,penthouse,G,gas_heating,electricity,Hessen,7,170.92,88.33,False,False,True,False,2023-01-03,Modern apartment with great amenities,2,27.1,0.3272
1255.22,1562.77,54.11,2.8,1980,well_kept,penthouse,G,floor_heating,gas,Hamburg,0,236.14,71.41,True,True,False,True,2023-03-16,Modern apartment with great amenities,0,27.31,0.2828
649.14,908.19,80.57,1.5,2007,fully_renovated,ground_floor,B,district_heating,district_heating,Nordrhein_Westfalen,6,147.19,111.87,False,False,True,True,2023-03-06,Modern apartment with great amenities,2,32.12,0.2578
817.16,1042.87,74.68,4.3,1968,first_time_use,maisonette,G,floor_heating,electricity,Baden_Württemberg,4,93.36,132.36,False,False,False,False,2023-05-09,Modern apartment with great amenities,0,34.56,0.2801
1093.75,1366.96,66.59,5.6,1961,mint_condition,ground_floor,G,floor_heating,district_heating,Baden_Württemberg,0,180.92,92.29,False,True,True,True,2023-08-10,Modern apartment with great amenities,1,27.45,0.4202
953.27,1215.66,103.37,3.5,1963,fully_renovated,ground_floor,F,district_heating,gas,Bayern,6,163.41,98.97,False,False,True,False,2023-04-12,Modern apartment with great amenities,1,24.06,0.3231
1125.04,1432.69,49.65,5.5,1996,first_time_use,roof_storey,A+,floor_heating,electricity,Baden_Württemberg,5,179.39,128.26,True,True,False,True,2023-12-12,Modern apartment with great amenities,2,20.35,0.2893
1567.3,1818.91,89.3,2.6,1979,first_time_use,penthouse,A,district_heating,district_heating,Baden_Württemberg,1,164.69,86.93,True,False,False,True,2023-01-27,Modern apartment with great amenities,0,36.99,0.3072
1190.27,1477.13,84.9,2.6,2012,modernized,apartment,B,district_heating,district_heating,Hamburg,0,169.42,117.44,False,False,False,True,2023-04-03,Modern apartment with great amenities,0,19.07,0.3186
1141.68,1371.71,98.04,3.7,1962,well_kept,ground_floor,B,central_heating,electricity,Nordrhein_Westfalen,1,95.12,134.91,False,False,True,False,2023-02-17,Modern apartment with great amenities,1,32.68,0.2983
985.56,1201.8,73.87,1.9,2001,mint_condition,penthouse,H,district_heating,district_heating,Hamburg,0,166.27,49.97,True,False,False,False,2023-03-24,Modern apartment with great amenities,2,27.96,0.2724
1056.8,1392.09,63.21,3.5,2003,first_time_use,ground_floor,F,gas_heating,electricity,Nordrhein_Westfalen,3,188.63,146.67,False,False,False,True,2023-11-18,Modern apartment with great amenities,2,38.51,0.2898
1244.43,1602.21,90.29,1.9,1996,fully_renovated,apartment,G,district_heating,gas,Baden_Württemberg,1,239.24,118.54,True,False,False,True,2023-03-19,Modern apartment with great amenities,0,31.41,0.3826
1298.43,1567.57,57.48,2.2,1959,well_kept,roof_storey,G,central_heating,electricity,Hessen,4,150.48,118.65,False,True,True,True,2023-10-17,Modern apartment with great amenities,2,21.28,0.2662
1265.56,1377.49,82.85,5.6,1955,fully_renovated,penthouse,H,floor_heating,oil,Bayern,9,53.21,58.73,False,True,True,False,2023-01-20,Modern apartment with great amenities,2,29.87,0.2231
