list_price,price_per_sqft,hoa_fee,property_tax,estimated_monthly_cost,square_feet,bedrooms,bathrooms,year_built,property_type,lot_size,state,city,zip_code,neighborhood_type,garage_spaces,has_pool,has_basement,cooling_system,heating_system,energy_rating,estimated_utility_cost,solar_panels,days_on_market,date_listed,price_history,status,elementary_school_rating,middle_school_rating,high_school_rating,walk_score,transit_score,crime_rate_percentile,description,last_sold_price,last_sold_date
466122.03,142.31,349.62,9650.32,3722.56,2099.81,2,2.5,2000,Multi-Family,4005.78,MA,Springfield,70643,Urban,0,True,False,None,Oil,E,238.14,False,29,2023-08-07,,Active,5,6,10,4,95,58,Beautiful home in prime location,431990.39,2022-11-13
448725.51,232.34,396.8,7153.61,3453.33,1129.2,3,4.0,1956,Condo,3636.68,FL,Miami,52691,Urban,1,False,False,None,Gas,D,216.77,False,84,2023-04-16,,Sold,8,6,2,11,51,45,Beautiful home in prime location,410228.17,2022-12-21
739537.19,154.64,220.94,18408.86,5698.61,2641.32,6,1.0,2014,Condo,6429.5,CA,Los Angeles,10888,Urban,1,False,False,Window Units,Oil,D,245.91,True,25,2023-02-09,,Active,8,3,7,29,95,14,Beautiful home in prime location,605880.75,2022-07-05
214073.76,258.37,296.18,5063.2,1894.73,2132.86,3,3.0,1996,Apartment,4135.08,CA,San Diego,87539,Suburban,1,False,False,Window Units,Oil,C,106.25,False,113,2023-10-18,,Sold,4,10,10,100,67,38,Beautiful home in prime location,201976.65,2022-10-18
294788.44,136.17,267.29,3354.31,2212.34,1981.68,1,2.0,1975,Townhouse,4111.14,GA,Atlanta,98051,Suburban,2,False,False,None,Electric,B,191.59,False,169,2023-01-06,,Sold,10,9,4,62,22,56,Beautiful home in prime location,272279.08,2022-05-04
424515.61,253.53,184.82,11810.8,3452.04,1478.49,3,3.5,2010,Multi-Family,8788.21,AZ,Scottsdale,71913,Suburban,0,False,False,Window Units,Heat Pump,E,160.4,False,118,2023-07-21,,New,7,10,6,30,58,30,Beautiful home in prime location,343571.58,2022-08-11
587945.61,152.62,285.27,10665.89,4314.45,1169.85,3,2.5,1976,Single Family,9896.13,TX,San Antonio,25844,Urban,2,False,False,Window Units,Electric,E,200.64,False,121,2023-12-23,,Pending,10,3,6,37,46,4,Beautiful home in prime location,551910.71,2022-03-17
557146.69,151.78,117.24,9032.42,3893.56,1770.27,3,3.0,2021,Condo,1845.23,IL,Aurora,28076,Rural,0,False,False,None,Oil,E,237.89,False,116,2023-08-04,,New,7,2,10,6,67,19,Beautiful home in prime location,510503.26,2022-05-27
379227.55,219.56,17.53,9703.58,2903.58,1898.46,3,1.5,2004,Single Family,4314.59,WA,Tacoma,92654,Urban,2,True,False,Window Units,Heat Pump,D,181.28,False,76,2023-06-05,,New,10,3,7,78,83,82,Beautiful home in prime location,355399.17,2022-08-03
287723.66,236.96,208.68,8307.98,2573.65,1791.77,5,1.5,2014,Condo,7296.24,IL,Naperville,13103,Rural,2,False,False,Window Units,Forced Air,A,234.02,False,172,2023-06-27,,New,9,10,6,74,35,88,Beautiful home in prime location,252994.05,2022-12-17
622567.91,108.96,17.53,11136.82,4187.04,1755.41,3,2.0,2008,Apartment,5593.37,CA,Sacramento,38735,Urban,0,False,True,Window Units,Gas,A,128.6,False,59,2023-02-23,,New,1,9,4,30,45,88,Beautiful home in prime location,577811.33,2022-12-13
636799.6,223.67,180.9,11941.66,4556.63,1942.83,1,2.5,1978,Townhouse,3837.6,NY,New York City,88433,Urban,2,False,True,Window Units,Oil,E,196.59,False,8,2023-01-23,,Sold,4,2,4,58,64,6,Beautiful home in prime location,595819.47,2022-05-13
709720.05,192.95,362.13,8625.42,4832.89,2503.28,2,1.0,1958,Apartment,7689.96,NY,Albany,62132,Suburban,1,False,False,Window Units,Heat Pump,A,203.38,False,64,2023-01-11,,Sold,5,7,7,86,62,81,Beautiful home in prime location,671441.29,2022-10-22
558090.47,259.03,299.2,11036.81,4235.85,1301.27,3,4.0,2014,Apartment,10168.04,IL,Naperville,77684,Suburban,3,False,False,Window Units,Oil,D,226.46,True,86,2023-02-08,,Pending,2,10,3,14,39,33,Beautiful home in prime location,456287.63,2022-09-17
445429.31,207.8,153.31,7651.85,3240.52,1840.9,3,1.0,1972,Apartment,4765.17,CA,Los Angeles,24739,Suburban,1,False,False,None,Gas,A,222.41,False,123,2023-05-22,,Sold,3,8,9,18,90,73,Beautiful home in prime location,374943.82,2022-12-06
516568.18,40.62,402.95,7673.76,3842.59,3032.17,3,2.0,2015,Apartment,3508.32,MA,Cambridge,28494,Urban,2,False,False,Central,Oil,B,217.32,False,75,2023-06-10,,New,4,2,1,19,20,30,Beautiful home in prime location,416628.54,2022-09-23
214350.03,183.52,405.6,2617.52,1876.43,2283.83,3,1.5,2004,Single Family,8597.4,WA,Bellevue,38990,Rural,3,False,True,Window Units,Forced Air,D,180.96,False,42,2023-12-11,,Pending,1,2,2,74,33,4,Beautiful home in prime location,173433.65,2022-01-10
575594.74,194.49,153.31,7300.15,3846.94,1680.85,5,3.5,2007,Apartment,5057.32,IL,Springfield,77382,Urban,0,True,False,None,Gas,A,207.31,False,124,2023-12-19,,Active,5,8,2,41,48,40,Beautiful home in prime location,470515.59,2022-08-19
394607.46,137.54,338.07,9288.26,3299.61,2005.8,3,4.0,1954,Single Family,3548.08,FL,Miami,32245,Suburban,1,False,True,None,Electric,A,214.48,True,147,2023-08-24,,Pending,1,5,4,64,21,52,Beautiful home in prime location,322099.93,2022-06-17
712475.96,176.56,210.84,19131.89,5525.88,1597.3,3,4.0,1982,Apartment,5876.93,CA,Sacramento,96941,Urban,2,False,True,None,Heat Pump,C,158.33,False,113,2023-06-25,,Sold,3,3,7,70,78,57,Beautiful home in prime location,597295.97,2022-01-23
724987.99,206.49,359.55,7698.05,4787.14,2481.2,5,3.0,2000,Townhouse,7272.43,CA,San Francisco,38444,Urban,3,False,False,None,Oil,E,161.15,False,159,2023-02-21,,New,1,5,7,28,29,71,Beautiful home in prime location,594075.1,2022-09-14
404993.22,292.94,239.22,9231.8,3190.96,1922.89,1,2.5,2008,Multi-Family,8339.08,MA,Boston,67527,Urban,3,False,False,Central,Gas,A,157.45,False,152,2023-05-27,,Active,10,1,4,66,3,83,Beautiful home in prime location,335158.32,2022-03-15
389829.39,174.91,265.69,10670.02,3308.04,1795.57,3,3.5,1967,Townhouse,6537.02,AZ,Mesa,63711,Suburban,2,False,True,Central,Electric,D,204.04,False,146,2023-04-18,,Active,5,3,1,28,98,52,Beautiful home in prime location,333357.8,2022-04-04
381922.09,189.76,281.87,9894.13,3169.71,2694.88,6,3.0,1971,Condo,8105.54,GA,Atlanta,53406,Rural,1,False,False,Window Units,Forced Air,A,153.72,True,28,2023-04-09,,Sold,4,9,1,49,36,44,Beautiful home in prime location,362024.98,2022-05-10
624972.68,114.33,207.28,10593.98,4447.81,1305.85,2,1.0,1973,Single Family,7309.51,MA,Worcester,70529,Suburban,3,False,False,Window Units,Forced Air,E,232.84,False,36,2023-08-19,,Pending,2,2,8,38,45,71,Beautiful home in prime location,535692.76,2022-03-07
446361.8,111.37,302.28,7969.22,3326.7,3301.82,2,1.5,1960,Multi-Family,4121.24,CO,Boulder,16037,Rural,3,False,False,None,Electric,B,128.51,False,64,2023-12-08,,Active,3,4,7,32,20,27,Beautiful home in prime location,376972.85,2022-01-22
364616.21,262.12,210.84,4983.8,2664.44,1936.32,3,3.0,2001,Single Family,6792.69,FL,Miami,53336,Urban,3,False,False,Central,Gas,D,215.2,False,160,2023-07-01,,Sold,5,10,4,5,26,69,Beautiful home in prime location,298016.71,2022-03-19
350919.25,129.8,310.79,6948.27,2887.05,2318.32,4,1.0,1989,Townhouse,6798.69,CA,Los Angeles,45349,Urban,1,False,True,Window Units,Gas,C,242.64,False,21,2023-07-21,,Active,8,5,6,64,64,31,Beautiful home in prime location,282618.83,2022-10-02
273766.56,207.94,141.17,6885.6,2262.14,1864.99,3,2.5,2007,Single Family,3896.8,MA,Worcester,92460,Urban,3,False,False,Central,Electric,C,178.35,False,149,2023-10-25,,Sold,9,8,4,32,1,17,Beautiful home in prime location,227658.0,2022-06-25
385367.45,276.52,376.55,11124.2,3375.4,2190.34,3,3.0,2005,Townhouse,5349.31,NY,New York City,34011,Rural,0,True,False,Window Units,Electric,B,145.01,False,85,2023-08-17,,Pending,4,10,9,76,97,69,Beautiful home in prime location,355875.3,2022-05-22
279752.15,263.26,241.56,3435.67,2139.15,906.63,2,1.0,2015,Townhouse,4192.46,CO,Boulder,48415,Suburban,3,True,False,Window Units,Oil,A,212.53,False,99,2023-05-17,,Sold,9,2,8,91,21,58,Beautiful home in prime location,224102.44,2022-09-12
675543.44,264.13,181.88,12446.48,4710.88,1904.63,3,2.5,1964,Condo,10718.34,MA,Springfield,10316,Urban,2,False,False,Central,Gas,B,114.08,False,75,2023-02-04,,Active,2,4,4,71,8,15,Beautiful home in prime location,613189.56,2022-09-23
399261.21,145.43,287.93,9706.35,3261.04,877.13,3,1.5,2003,Single Family,5719.72,FL,Jacksonville,99269,Suburban,3,True,False,Window Units,Electric,C,167.95,True,124,2023-01-26,,Pending,7,10,1,17,88,44,Beautiful home in prime location,374564.32,2022-05-11
540025.79,216.52,57.87,12403.29,3999.13,2114.36,4,3.5,2015,Apartment,6022.41,GA,Savannah,13963,Urban,3,False,False,Window Units,Gas,B,207.53,False,66,2023-11-20,,New,9,10,7,1,50,15,Beautiful home in prime location,452594.7,2022-04-26
321778.56,292.2,185.24,7954.94,2708.03,2341.18,3,1.0,1963,Townhouse,5618.12,CO,Boulder,29528,Suburban,3,True,True,None,Electric,D,250.98,False,94,2023-06-01,,Pending,4,7,8,20,77,25,Beautiful home in prime location,294628.69,2022-08-19
244738.12,262.82,494.05,3859.18,2227.16,1307.1,3,1.5,1968,Apartment,6454.04,AZ,Phoenix,15127,Urban,1,False,True,Window Units,Forced Air,E,187.82,False,135,2023-01-03,,Sold,4,8,10,81,64,35,Beautiful home in prime location,221386.97,2022-01-17
355279.48,248.25,235.35,6603.25,2879.67,2058.56,1,2.0,2016,Single Family,6711.19,NY,New York City,36181,Urban,2,False,True,None,Gas,D,317.65,False,97,2023-08-22,,Active,1,7,6,3,28,46,Beautiful home in prime location,333937.34,2022-03-02
286093.34,165.54,374.86,7229.78,2623.79,2833.87,1,2.0,1979,Condo,6517.35,AZ,Mesa,72281,Suburban,2,False,False,Window Units,Gas,C,215.99,False,121,2023-07-07,,New,3,2,4,40,88,74,Beautiful home in prime location,241450.07,2022-05-11
162033.26,119.55,338.07,2543.76,1590.24,1483.73,4,4.0,1991,Multi-Family,3803.84,AZ,Mesa,91163,Rural,2,False,True,Window Units,Forced Air,A,230.03,False,138,2023-02-20,,Active,1,6,8,28,17,81,Beautiful home in prime location,132031.05,2022-06-03
658408.37,216.85,207.94,6748.28,4297.81,1416.53,3,1.0,1972,Single Family,2929.37,GA,Augusta,21574,Rural,0,False,True,None,Electric,C,235.47,False,25,2023-05-19,,New,7,7,8,87,46,19,Beautiful home in prime location,568360.41,2022-01-25
419770.26,160.79,135.31,9595.07,3184.49,1776.11,3,3.5,2013,Multi-Family,6799.45,IL,Chicago,30819,Urban,0,False,False,Central,Electric,B,150.74,True,59,2023-08-07,,Sold,8,5,4,10,46,71,Beautiful home in prime location,370233.24,2022-02-04
514195.58,174.29,153.31,14296.66,4197.48,1785.28,4,3.0,2014,Apartment,3696.04,NY,Buffalo,23526,Suburban,2,False,True,Central,Forced Air,C,281.8,False,51,2023-06-02,,Pending,8,3,5,65,66,91,Beautiful home in prime location,415644.03,2022-07-11
576838.35,173.11,204.55,7317.8,3893.4,1841.53,3,1.5,1951,Multi-Family,8221.99,TX,San Antonio,44819,Suburban,2,False,False,Central,Forced Air,D,194.84,True,85,2023-10-25,,Active,7,8,6,14,58,32,Beautiful home in prime location,467953.34,2022-10-14
374879.11,302.85,376.55,4314.7,2836.74,2296.98,2,1.0,1991,Townhouse,4354.88,GA,Savannah,17538,Suburban,3,False,False,Central,Electric,D,226.24,False,9,2023-05-09,,Active,5,3,6,94,8,23,Beautiful home in prime location,308956.82,2022-01-14
361293.18,142.76,458.73,10746.43,3332.25,1716.54,4,2.5,1983,Townhouse,6761.08,GA,Savannah,84938,Urban,1,False,True,None,Forced Air,D,171.51,False,158,2023-10-26,,New,6,10,7,82,52,85,Beautiful home in prime location,303633.92,2022-05-11
479669.84,250.6,267.85,4893.37,3290.61,2095.79,3,1.5,1999,Condo,4914.12,MA,Boston,11145,Urban,0,True,True,None,Forced Air,D,216.63,False,33,2023-03-17,,Active,3,4,3,18,41,69,Beautiful home in prime location,416020.57,2022-08-15
792627.84,201.67,309.01,14131.07,5670.72,2934.24,2,2.5,1963,Single Family,4723.25,CA,Los Angeles,66293,Rural,3,True,True,None,Gas,B,220.98,True,159,2023-09-12,,Pending,1,2,4,49,76,88,Beautiful home in prime location,635576.46,2022-04-10
565591.22,93.19,247.82,6753.19,3833.63,2242.75,3,4.0,1952,Townhouse,4923.26,CO,Colorado Springs,80780,Urban,2,False,True,Window Units,Heat Pump,B,195.08,False,31,2023-06-10,,New,8,10,10,92,61,96,Beautiful home in prime location,480455.13,2022-04-02
600142.27,195.85,332.75,15020.63,4714.48,2116.19,3,2.5,2004,Single Family,6267.16,FL,Miami,20959,Urban,0,False,True,None,Heat Pump,E,129.3,False,122,2023-04-09,,Pending,1,6,9,16,84,38,Beautiful home in prime location,525340.28,2022-10-15
576843.74,225.94,117.24,5894.95,3753.75,1802.45,1,3.0,1952,Condo,6759.09,AZ,Tucson,81035,Suburban,2,False,True,None,Oil,E,261.04,False,55,2023-06-23,,Sold,5,2,8,10,41,13,Beautiful home in prime location,472756.07,2022-01-05
514847.23,171.51,353.88,14252.47,4274.16,2504.48,3,1.5,1990,Single Family,5619.75,GA,Augusta,25926,Urban,0,False,True,Window Units,Electric,E,158.34,False,61,2023-11-11,,Sold,5,3,9,93,42,7,Beautiful home in prime location,472360.35,2022-04-17
492629.9,158.23,117.24,12219.69,3750.52,2101.81,3,1.5,1969,Townhouse,6599.99,FL,Tampa,14822,Suburban,0,False,True,Window Units,Oil,C,151.82,False,140,2023-01-10,,Active,3,9,1,8,32,61,Beautiful home in prime location,430313.27,2022-04-07
668002.03,227.07,367.76,14172.09,5033.26,2325.49,1,2.5,1950,Townhouse,5296.6,FL,Orlando,59823,Rural,2,False,False,Central,Oil,D,144.48,False,76,2023-11-18,,Active,7,8,8,97,42,85,Beautiful home in prime location,559079.39,2022-10-07
465319.62,268.7,359.55,9701.0,3733.72,1798.4,4,4.0,1988,Apartment,6174.22,WA,Bellevue,79852,Urban,1,True,True,None,Gas,E,239.16,False,167,2023-01-18,,Active,8,2,5,35,11,26,Beautiful home in prime location,390580.34,2022-03-06
732010.49,73.35,359.55,13833.79,5422.36,2381.95,3,2.0,2019,Condo,9291.95,IL,Naperville,82339,Suburban,3,False,True,Window Units,Gas,B,249.95,False,132,2023-05-20,,New,2,5,3,35,76,44,Beautiful home in prime location,592967.92,2022-07-18
471340.29,143.18,210.84,10069.74,3680.61,1912.03,2,1.5,1986,Apartment,5238.75,IL,Naperville,67455,Rural,0,True,False,Central,Forced Air,C,273.92,False,58,2023-11-12,,New,6,6,1,54,96,50,Beautiful home in prime location,429167.27,2022-12-12
302396.74,178.12,247.82,8537.74,2741.22,2081.92,3,3.0,2010,Multi-Family,8604.93,TX,Houston,64776,Urban,1,False,False,Central,Heat Pump,B,269.93,False,168,2023-04-22,,Sold,6,10,8,76,21,87,Beautiful home in prime location,277536.03,2022-06-23
334914.87,113.49,285.27,9242.96,2794.48,1886.57,4,2.5,1977,Condo,3300.99,WA,Seattle,61283,Suburban,1,False,False,Window Units,Gas,A,64.39,False,97,2023-04-11,,Active,4,4,2,49,42,28,Beautiful home in prime location,291944.11,2022-03-14
529275.96,193.01,399.72,6552.05,3882.35,1446.23,2,3.0,1966,Multi-Family,10233.61,CA,Los Angeles,33883,Urban,2,False,True,Window Units,Oil,E,290.25,True,173,2023-02-23,,New,3,4,1,36,97,60,Beautiful home in prime location,437163.67,2022-12-14
492546.42,248.08,244.9,5783.93,3441.19,1901.38,4,3.5,1966,Apartment,5744.23,NY,Rochester,58226,Rural,1,True,False,Central,Heat Pump,E,251.57,False,159,2023-01-12,,Pending,1,3,10,93,42,18,Beautiful home in prime location,406057.22,2022-09-04
322694.98,148.73,315.82,4113.14,2547.95,2215.93,4,2.0,1955,Apartment,4228.31,IL,Springfield,49866,Urban,2,False,False,None,Electric,C,275.89,True,116,2023-06-26,,Pending,4,4,5,25,80,19,Beautiful home in prime location,264492.84,2022-09-22
566515.47,194.99,370.37,15263.27,4680.54,1568.62,3,3.0,2013,Condo,4987.75,AZ,Scottsdale,58940,Rural,0,False,False,Window Units,Forced Air,E,205.66,True,157,2023-01-12,,New,1,9,5,61,1,2,Beautiful home in prime location,511979.91,2022-07-19
406509.26,137.11,396.14,5122.21,2978.59,2406.37,3,3.5,1958,Single Family,4345.26,WA,Bellevue,86586,Rural,3,False,False,None,Oil,D,123.05,False,74,2023-12-06,,Active,4,7,8,17,77,47,Beautiful home in prime location,381103.13,2022-09-07
621833.25,187.61,330.19,8308.83,4381.26,2792.02,5,3.5,1971,Single Family,6906.9,WA,Seattle,55147,Suburban,1,False,False,None,Forced Air,C,249.5,False,77,2023-02-13,,Sold,6,2,2,82,34,96,Beautiful home in prime location,577504.57,2022-03-14
683659.7,264.81,366.41,18645.33,5493.57,2009.66,3,3.0,2022,Townhouse,5081.74,MA,Worcester,49700,Urban,3,False,True,None,Heat Pump,E,155.08,False,25,2023-02-13,,Pending,1,1,8,57,73,99,Beautiful home in prime location,557155.64,2022-09-01
300721.52,18.8,235.65,7639.5,2475.23,1037.0,3,4.0,1969,Multi-Family,7352.96,CA,San Francisco,42220,Rural,2,False,False,None,Oil,C,99.35,True,90,2023-05-23,,New,6,8,7,23,70,89,Beautiful home in prime location,245778.57,2022-02-09
498936.75,137.18,405.6,9947.51,3921.69,2022.06,2,1.5,1988,Apartment,6295.08,GA,Savannah,52859,Rural,3,False,True,Window Units,Electric,D,192.44,False,163,2023-09-02,,Pending,6,4,6,56,63,91,Beautiful home in prime location,404840.67,2022-07-15
372359.01,222.97,207.28,8052.07,2992.92,2669.33,4,1.5,1951,Apartment,5035.13,IL,Aurora,28865,Urban,3,False,False,Window Units,Electric,A,252.84,False,91,2023-01-22,,New,8,1,7,44,31,26,Beautiful home in prime location,339276.94,2022-08-11
281749.03,170.18,210.84,7655.92,2504.2,2753.1,4,2.5,1989,Single Family,757.95,NY,Albany,38563,Urban,0,False,False,Window Units,Electric,B,246.62,False,75,2023-09-06,,Pending,2,5,10,65,11,30,Beautiful home in prime location,235745.27,2022-08-23
708559.27,212.39,287.93,20884.77,5823.9,2029.36,3,1.0,1999,Condo,6163.62,CA,Sacramento,53441,Suburban,1,True,True,Window Units,Electric,C,252.78,False,151,2023-02-14,,Active,3,7,7,13,64,82,Beautiful home in prime location,655554.55,2022-12-08
202490.88,172.44,323.6,3595.62,1880.83,2380.63,2,2.5,2023,Single Family,6827.79,MA,Worcester,21380,Suburban,0,False,True,None,Gas,E,245.15,False,26,2023-03-21,,Active,8,6,1,92,58,54,Beautiful home in prime location,181162.54,2022-07-05
410803.75,193.97,374.86,10103.92,3450.68,1589.53,4,2.5,2001,Townhouse,6427.18,NY,Buffalo,62978,Suburban,1,False,True,Window Units,Gas,C,179.81,False,53,2023-08-22,,Pending,3,10,9,4,75,66,Beautiful home in prime location,381441.18,2022-06-26
453030.89,216.41,208.68,7913.47,3344.19,2252.79,2,3.5,1991,Condo,6629.02,TX,Houston,74647,Suburban,1,False,False,None,Gas,B,210.9,False,19,2023-08-07,,Pending,5,9,4,47,88,10,Beautiful home in prime location,427275.46,2022-06-26
567429.63,129.99,317.21,14460.3,4570.9,1422.49,5,2.5,1952,Apartment,9280.79,AZ,Phoenix,86508,Rural,2,False,False,Central,Heat Pump,B,211.52,False,148,2023-08-16,,New,2,8,9,45,34,28,Beautiful home in prime location,499347.31,2022-07-22
221437.56,197.92,315.82,3120.33,1791.84,1724.37,4,3.5,1970,Condo,5072.73,GA,Savannah,74428,Rural,0,False,True,None,Forced Air,A,108.8,False,40,2023-12-18,,Active,6,7,5,88,76,67,Beautiful home in prime location,206652.12,2022-07-10
292345.08,210.29,207.94,7857.25,2501.75,2002.45,2,3.5,2008,Apartment,3113.81,CO,Fort Collins,67881,Urban,2,False,True,Central,Forced Air,A,177.31,False,4,2023-11-08,,New,5,9,4,81,0,28,Beautiful home in prime location,276060.16,2022-01-24
453649.58,232.09,317.21,7064.64,3305.58,2726.22,3,3.5,2019,Single Family,6036.93,CA,San Francisco,53079,Urban,1,False,True,Window Units,Forced Air,C,131.41,False,8,2023-10-17,,Active,1,3,8,100,84,32,Beautiful home in prime location,411969.79,2022-03-06
679449.23,228.05,396.8,14635.76,5136.44,1985.5,2,3.0,2014,Condo,5191.32,AZ,Mesa,98495,Rural,1,True,False,None,Oil,B,122.75,False,47,2023-12-23,,Active,3,2,2,29,98,75,Beautiful home in prime location,616707.05,2022-08-03
249351.51,226.95,156.59,4758.76,1914.57,1902.87,4,4.0,1970,Multi-Family,5731.06,CO,Fort Collins,74092,Suburban,0,False,False,None,Oil,B,114.66,False,123,2023-11-24,,Pending,8,8,4,100,78,78,Beautiful home in prime location,215221.68,2022-05-26
453924.12,246.56,411.53,9406.97,3651.7,2208.71,5,1.0,1982,Multi-Family,3577.66,GA,Athens,14864,Rural,1,False,True,Central,Gas,A,186.64,False,108,2023-10-19,,New,6,10,8,42,86,69,Beautiful home in prime location,378963.45,2022-11-23
579950.17,209.78,241.56,17004.81,4739.54,2149.13,3,3.0,1965,Townhouse,5860.29,CO,Fort Collins,16097,Urban,0,False,False,None,Oil,D,181.16,False,71,2023-07-19,,Active,6,4,7,64,81,40,Beautiful home in prime location,521902.39,2022-08-25
296769.57,175.19,213.51,2990.06,2156.5,2120.36,4,2.0,1967,Single Family,8292.3,FL,Miami,94069,Urban,3,True,True,Window Units,Heat Pump,A,209.97,True,113,2023-04-14,,Sold,10,7,10,27,76,43,Beautiful home in prime location,279857.73,2022-01-07
682452.33,172.08,256.31,12587.39,4855.05,1795.65,4,2.0,1994,Single Family,6810.3,GA,Atlanta,36321,Suburban,1,False,True,None,Forced Air,E,137.53,False,165,2023-03-20,,Sold,8,2,6,24,11,35,Beautiful home in prime location,569069.53,2022-11-15
781736.86,154.14,207.94,10286.98,5175.58,1962.99,3,2.0,2021,Single Family,6340.72,FL,Tampa,62103,Rural,2,False,False,Central,Electric,D,201.71,False,63,2023-07-26,,Sold,5,5,2,7,11,19,Beautiful home in prime location,674868.84,2022-11-07
201913.44,275.97,210.84,3178.78,1777.58,2096.77,3,1.0,2003,Condo,6082.3,AZ,Tucson,15449,Suburban,2,False,False,None,Oil,B,292.27,False,157,2023-05-12,,Sold,8,5,10,41,27,43,Beautiful home in prime location,176286.26,2022-12-07
576616.01,230.67,258.43,12099.97,4361.79,2006.37,5,1.5,1997,Multi-Family,4420.14,NY,Albany,27149,Suburban,1,False,False,None,Forced Air,D,211.95,False,139,2023-04-01,,Active,10,10,7,15,23,60,Beautiful home in prime location,546105.33,2022-02-13
350490.13,243.72,315.82,8292.18,3030.06,1715.24,3,3.5,2014,Apartment,8192.35,GA,Athens,17714,Rural,2,False,False,Central,Forced Air,D,270.77,False,82,2023-06-03,,Active,3,7,1,50,95,65,Beautiful home in prime location,325202.58,2022-08-07
504389.74,238.25,189.1,14208.87,4141.54,1182.19,3,1.5,1983,Townhouse,6194.0,NY,Albany,45778,Urban,1,False,True,Window Units,Forced Air,D,246.42,False,27,2023-06-20,,New,3,9,4,28,75,64,Beautiful home in prime location,443849.62,2022-07-15
322409.58,179.42,405.6,6872.63,2647.93,877.5,4,3.5,2008,Multi-Family,8660.77,GA,Athens,57058,Urban,3,True,False,Window Units,Heat Pump,D,57.57,False,103,2023-07-13,,Sold,7,8,8,89,79,21,Beautiful home in prime location,267186.26,2022-02-21
529038.59,227.36,17.53,13388.16,3918.92,1847.41,3,3.5,2018,Single Family,6698.5,TX,Austin,20812,Suburban,3,False,True,None,Forced Air,B,140.51,False,98,2023-02-26,,Pending,10,5,8,7,61,72,Beautiful home in prime location,475234.92,2022-02-11
310657.15,217.63,127.6,3675.58,2195.19,1266.48,2,2.0,1981,Condo,6431.57,CA,San Francisco,29147,Urban,3,False,False,Central,Oil,E,208.01,False,142,2023-06-13,,Pending,9,10,9,100,81,78,Beautiful home in prime location,292165.71,2022-07-22
589147.36,237.82,424.18,6718.14,4194.78,1577.45,3,2.0,2010,Townhouse,9930.99,IL,Springfield,52443,Rural,0,False,True,None,Heat Pump,A,265.02,False,60,2023-02-14,,Pending,7,10,2,60,35,70,Beautiful home in prime location,492448.2,2022-10-24
516010.09,154.46,417.92,7471.79,3750.88,2138.3,2,1.0,1956,Condo,7343.42,IL,Chicago,90982,Urban,0,False,False,None,Oil,E,130.26,True,132,2023-08-06,,New,9,1,10,71,38,71,Beautiful home in prime location,426853.51,2022-06-07
169075.24,203.93,386.22,3450.01,1734.37,2443.17,3,4.0,1962,Condo,4301.0,MA,Worcester,43235,Suburban,0,False,True,None,Forced Air,C,215.26,False,112,2023-11-15,,Pending,5,4,1,34,91,53,Beautiful home in prime location,148327.44,2022-01-14
412588.3,157.06,261.4,9584.4,3341.25,2109.11,4,4.0,1974,Single Family,4080.47,MA,Boston,38668,Rural,2,True,True,Window Units,Gas,A,218.21,False,107,2023-02-20,,Sold,4,4,7,17,94,35,Beautiful home in prime location,365938.97,2022-12-16
529575.25,186.92,271.7,7775.59,3818.81,1470.54,1,2.0,1986,Single Family,8162.44,NY,Albany,16779,Urban,3,True,False,None,Oil,D,251.26,False,140,2023-08-03,,Active,3,6,8,88,37,31,Beautiful home in prime location,463413.13,2022-07-05
633834.33,230.41,162.56,13849.01,4665.29,2131.77,3,3.0,1978,Townhouse,7623.82,AZ,Mesa,97310,Urban,1,False,False,Central,Gas,E,179.47,False,50,2023-04-22,,Pending,3,9,7,19,92,17,Beautiful home in prime location,511590.8,2022-11-17
580170.02,170.52,191.47,14118.83,4454.29,1412.86,6,1.5,1996,Apartment,1549.91,WA,Bellevue,44725,Suburban,1,False,False,Window Units,Electric,B,185.39,False,70,2023-02-10,,Active,4,6,10,15,73,45,Beautiful home in prime location,493074.32,2022-12-21
265441.73,65.32,299.2,5801.13,2342.54,2422.55,4,1.5,2010,Condo,6394.52,GA,Augusta,89575,Rural,0,False,True,Window Units,Heat Pump,C,232.7,False,21,2023-08-05,,Active,3,9,6,46,88,78,Beautiful home in prime location,239195.43,2022-01-23
749244.45,225.52,260.07,7612.52,4883.44,1877.45,4,2.5,1979,Condo,7528.44,GA,Atlanta,24225,Suburban,0,False,True,Window Units,Oil,E,242.78,False,61,2023-12-15,,Pending,4,6,9,89,57,70,Beautiful home in prime location,607353.5,2022-10-12
566075.75,150.14,386.22,14840.76,4685.61,1780.0,4,2.0,1963,Single Family,3138.08,AZ,Scottsdale,20011,Urban,3,True,False,Central,Forced Air,E,232.28,False,172,2023-01-04,,Active,4,5,9,37,81,88,Beautiful home in prime location,537009.92,2022-09-07
381077.89,183.87,288.05,4532.02,2811.02,2196.98,2,1.5,2016,Condo,6414.21,CO,Boulder,16954,Urban,3,False,False,Central,Gas,C,239.91,False,101,2023-02-23,,Pending,5,3,9,21,87,60,Beautiful home in prime location,342374.2,2022-12-08
311728.6,166.32,353.88,3248.28,2326.6,2544.43,4,3.5,1994,Single Family,7862.67,WA,Tacoma,44727,Urban,2,True,True,Central,Oil,A,143.38,False,83,2023-04-18,,Pending,9,2,10,32,81,18,Beautiful home in prime location,264802.07,2022-05-18
360990.96,182.79,127.98,4850.71,2532.49,1680.13,2,4.0,2020,Apartment,7465.14,MA,Springfield,81490,Suburban,2,False,False,Central,Oil,B,195.33,False,11,2023-03-23,,Active,9,9,6,54,25,17,Beautiful home in prime location,320152.06,2022-07-10
473164.41,229.21,374.46,10963.57,3852.04,1350.64,3,3.0,1982,Multi-Family,9101.1,IL,Chicago,54979,Rural,0,True,False,None,Electric,A,198.12,True,139,2023-05-12,,New,5,6,10,11,66,32,Beautiful home in prime location,402764.54,2022-10-02
353655.06,125.39,258.43,3968.1,2547.11,986.2,3,4.0,2003,Condo,9451.49,AZ,Tucson,26801,Urban,1,False,True,Central,Oil,E,189.73,False,4,2023-04-25,,New,9,1,8,35,69,89,Beautiful home in prime location,301321.17,2022-08-21
619402.17,231.82,0.0,6361.73,3759.01,2538.74,3,3.5,1966,Townhouse,2893.0,MA,Springfield,58061,Suburban,3,True,False,None,Electric,C,131.86,False,135,2023-03-13,,Sold,5,7,2,10,77,31,Beautiful home in prime location,558395.62,2022-05-17
284874.53,165.2,256.31,7934.86,2641.95,562.37,5,2.0,2001,Multi-Family,8058.1,CO,Colorado Springs,94208,Suburban,3,True,False,Central,Oil,B,300.03,False,141,2023-09-25,,Active,2,8,7,86,36,56,Beautiful home in prime location,247140.24,2022-05-06
461461.84,198.73,299.2,5440.71,3206.57,1817.24,2,1.5,1986,Multi-Family,6645.06,WA,Seattle,15087,Rural,0,False,True,Window Units,Forced Air,A,146.67,False,1,2023-04-01,,Pending,9,10,5,51,59,37,Beautiful home in prime location,376946.73,2022-01-16
414746.71,172.57,359.55,10999.43,3521.65,1577.76,4,4.0,1950,Apartment,4810.26,AZ,Mesa,19200,Rural,0,False,True,Central,Gas,B,171.75,True,129,2023-02-18,,Pending,1,2,8,95,40,3,Beautiful home in prime location,352572.81,2022-04-06
277228.38,146.89,181.88,4692.31,2147.7,1732.43,6,4.0,1973,Apartment,7206.46,IL,Chicago,57587,Suburban,0,False,True,None,Heat Pump,D,188.65,False,125,2023-10-08,,New,5,8,3,14,83,9,Beautiful home in prime location,256835.39,2022-08-09
404246.77,289.86,180.9,5062.49,2847.54,1919.64,3,2.0,1955,Townhouse,5454.89,CO,Colorado Springs,60668,Rural,1,True,True,Central,Heat Pump,D,223.53,False,91,2023-02-23,,Pending,9,6,6,74,44,48,Beautiful home in prime location,363764.45,2022-02-12
297017.1,291.94,207.28,8631.56,2691.13,2698.83,1,1.5,1988,Multi-Family,8145.25,AZ,Mesa,79626,Suburban,2,True,False,Central,Heat Pump,E,279.47,False,95,2023-08-27,,New,2,1,1,100,63,39,Beautiful home in prime location,271670.54,2022-10-22
591928.89,210.0,242.04,10535.44,4264.24,1947.74,4,1.5,2007,Condo,6408.1,GA,Savannah,67579,Suburban,2,False,False,None,Heat Pump,C,184.61,False,120,2023-06-05,,Pending,9,10,4,89,60,74,Beautiful home in prime location,559610.61,2022-08-20
593557.05,231.25,345.94,7777.48,4282.06,2434.25,4,1.5,1963,Single Family,6685.95,CO,Fort Collins,67886,Suburban,2,False,False,Central,Electric,E,320.22,False,97,2023-09-11,,Pending,9,8,5,78,19,86,Beautiful home in prime location,491184.86,2022-10-18
539178.02,175.21,362.34,5660.58,3738.7,1765.48,3,3.0,1986,Multi-Family,6211.7,AZ,Scottsdale,29251,Urban,2,False,True,Window Units,Electric,C,208.75,False,146,2023-10-11,,Active,4,2,8,81,55,60,Beautiful home in prime location,477952.7,2022-07-14
689038.97,267.58,210.84,18554.44,5285.07,3210.15,2,4.0,2015,Condo,10345.51,CA,San Francisco,65791,Urban,1,False,False,Window Units,Gas,C,82.83,False,48,2023-10-22,,Active,7,9,8,34,76,30,Beautiful home in prime location,623867.31,2022-04-16
145812.33,148.62,387.91,3379.22,1662.26,1955.21,3,4.0,2023,Townhouse,4006.38,IL,Aurora,81918,Rural,1,False,True,Central,Heat Pump,C,263.69,False,11,2023-08-13,,Sold,5,7,6,86,63,18,Beautiful home in prime location,133910.27,2022-09-06
370384.77,276.59,345.94,5028.1,2821.32,2214.82,3,2.0,1978,Condo,3916.14,TX,Austin,13267,Rural,0,False,False,Central,Forced Air,C,204.45,False,172,2023-07-08,,Active,4,5,1,61,4,66,Beautiful home in prime location,322473.87,2022-11-19
289588.08,228.22,127.98,4606.52,2122.24,2286.38,3,3.5,1962,Condo,4461.51,FL,Tampa,60606,Suburban,3,False,False,Window Units,Oil,A,162.45,False,35,2023-01-01,,Pending,1,5,6,26,17,15,Beautiful home in prime location,274148.74,2022-04-13
581302.27,236.08,204.55,8123.65,3983.93,2465.89,4,2.5,1975,Multi-Family,6241.05,FL,Jacksonville,63396,Urban,3,False,False,None,Electric,E,195.89,False,64,2023-11-11,,Pending,10,9,10,73,21,78,Beautiful home in prime location,530012.98,2022-04-08
341694.44,225.32,396.8,9675.6,3250.65,2147.67,3,4.0,1955,Townhouse,5680.25,IL,Aurora,66172,Rural,1,False,False,None,Heat Pump,C,339.07,True,85,2023-07-19,,Active,7,8,6,50,87,25,Beautiful home in prime location,311777.3,2022-06-23
450362.89,293.21,318.37,5357.06,3220.69,1149.73,3,2.5,1956,Apartment,6150.49,FL,Orlando,34390,Suburban,3,False,False,None,Electric,C,204.08,False,164,2023-03-11,,New,3,8,6,33,40,77,Beautiful home in prime location,401583.01,2022-11-16
289486.23,210.91,465.42,7054.79,2720.51,1927.47,3,2.5,1977,Condo,8357.41,NY,Rochester,40042,Suburban,0,False,True,Window Units,Gas,B,219.76,False,112,2023-12-18,,New,10,2,1,3,76,70,Beautiful home in prime location,274662.76,2022-10-21
298371.51,205.27,323.6,3526.31,2269.65,2116.16,5,2.0,1990,Single Family,5160.59,AZ,Tucson,34069,Urban,3,False,True,None,Gas,E,160.34,False,37,2023-07-17,,Pending,4,6,10,23,99,56,Beautiful home in prime location,280080.75,2022-07-06
394068.04,223.57,396.14,10135.19,3427.96,2661.83,3,2.0,2007,Multi-Family,3044.42,IL,Chicago,83308,Suburban,2,True,True,Central,Heat Pump,B,216.89,True,83,2023-09-03,,Sold,6,3,10,21,56,93,Beautiful home in prime location,323278.85,2022-12-08
623747.38,207.24,233.44,16468.41,4973.57,2593.38,1,3.0,2000,Townhouse,5003.71,CO,Colorado Springs,12021,Rural,2,False,True,Central,Gas,D,249.03,True,32,2023-09-02,,Sold,4,5,10,62,22,47,Beautiful home in prime location,532684.25,2022-11-01
608717.2,255.38,253.96,14157.84,4666.37,2006.91,4,2.5,2020,Apartment,5316.63,FL,Orlando,93707,Rural,2,False,True,None,Gas,B,189.01,True,15,2023-02-15,,Sold,3,4,8,81,79,81,Beautiful home in prime location,535247.44,2022-05-22
336809.17,176.38,197.37,7203.75,2768.04,2205.02,1,2.0,1979,Single Family,3448.23,IL,Chicago,66101,Suburban,2,True,False,Central,Oil,D,286.31,True,76,2023-11-22,,New,9,4,9,36,88,16,Beautiful home in prime location,291741.41,2022-08-01
200081.1,280.98,197.37,3746.73,1654.71,2586.84,4,1.5,1999,Single Family,10928.46,AZ,Mesa,66368,Rural,2,False,False,None,Forced Air,A,144.7,False,10,2023-07-05,,Active,3,6,3,55,54,3,Beautiful home in prime location,174156.52,2022-09-23
171859.24,209.0,242.04,4580.31,1725.0,586.83,4,4.0,2020,Condo,6491.54,FL,Jacksonville,50278,Rural,0,False,False,Window Units,Heat Pump,E,241.97,False,43,2023-10-15,,Active,9,8,3,94,91,79,Beautiful home in prime location,141433.01,2022-03-08
508095.48,201.62,360.02,7934.35,3692.43,2215.31,3,2.5,1964,Apartment,3056.24,WA,Seattle,69762,Urban,3,False,True,Central,Forced Air,B,130.73,False,166,2023-04-23,,Active,5,2,3,80,87,51,Beautiful home in prime location,444793.64,2022-10-15
542150.87,164.46,361.1,7949.91,3963.93,1588.15,4,2.0,1968,Townhouse,4736.88,WA,Spokane,37251,Rural,1,True,False,Window Units,Oil,B,229.58,False,157,2023-07-07,,Active,1,2,2,100,1,28,Beautiful home in prime location,504875.28,2022-05-05
467560.43,163.61,309.01,10737.1,3855.08,1217.41,2,1.5,1995,Single Family,4880.89,NY,Rochester,45912,Urban,2,False,False,Window Units,Electric,C,313.51,True,157,2023-01-19,,New,1,9,2,70,91,92,Beautiful home in prime location,415946.81,2022-09-24
354798.35,200.1,233.44,5309.62,2664.89,1575.71,3,2.5,2010,Multi-Family,4937.17,IL,Chicago,73355,Urban,1,False,True,None,Oil,D,214.99,False,68,2023-06-16,,New,2,5,3,78,16,7,Beautiful home in prime location,330497.36,2022-01-27
471174.84,183.16,207.94,10908.15,3661.62,1883.5,3,1.5,2017,Townhouse,8354.9,IL,Chicago,72775,Urban,1,False,False,None,Gas,C,188.79,False,152,2023-11-04,,Active,2,10,1,91,93,40,Beautiful home in prime location,391215.04,2022-07-03
516018.59,271.13,127.6,8060.3,3556.97,2682.11,4,3.5,1957,Multi-Family,5389.29,CA,Sacramento,89000,Urban,1,True,True,Central,Oil,E,177.59,False,93,2023-12-08,,Active,6,5,3,5,1,100,Beautiful home in prime location,425639.59,2022-12-07
450484.93,181.87,213.51,8947.24,3388.39,2258.66,1,3.5,2013,Condo,8248.97,AZ,Mesa,31700,Urban,1,False,False,Window Units,Gas,B,176.86,False,12,2023-06-09,,New,2,4,1,13,21,36,Beautiful home in prime location,362249.36,2022-08-22
685078.13,146.46,247.82,15104.28,5089.54,1337.46,4,1.0,2009,Single Family,3468.37,MA,Cambridge,36586,Suburban,3,False,True,None,Electric,B,157.64,False,33,2023-02-27,,Active,2,3,7,82,87,61,Beautiful home in prime location,647839.56,2022-06-20
519953.32,195.36,153.31,9987.91,3789.7,2361.41,2,2.0,1966,Multi-Family,7101.53,NY,Albany,57280,Rural,1,False,False,Central,Gas,E,204.3,False,71,2023-12-15,,Sold,10,10,7,2,97,42,Beautiful home in prime location,418919.7,2022-11-04
462951.04,210.9,185.24,5577.23,3190.46,2543.71,3,1.5,2015,Apartment,6989.74,GA,Savannah,80791,Urban,0,False,False,Central,Oil,E,225.69,False,47,2023-08-15,,Pending,5,8,5,41,92,22,Beautiful home in prime location,429946.21,2022-06-27
244947.43,237.39,281.87,4714.54,2142.66,2346.95,4,3.5,1996,Townhouse,6408.93,FL,Tampa,76723,Suburban,1,False,True,Window Units,Electric,B,243.18,False,14,2023-08-10,,Active,4,8,3,61,64,87,Beautiful home in prime location,216609.3,2022-09-09
267386.79,151.51,494.51,5628.62,2542.77,1684.59,3,2.5,2001,Multi-Family,3181.14,AZ,Phoenix,35477,Rural,0,True,False,Central,Heat Pump,D,242.27,False,23,2023-09-24,,Sold,6,7,6,33,40,80,Beautiful home in prime location,242407.58,2022-11-05
496510.71,216.12,399.72,8445.13,3838.68,1378.14,5,1.5,1985,Apartment,3894.46,WA,Tacoma,27481,Rural,0,False,False,Window Units,Gas,C,252.64,False,44,2023-09-12,,Sold,8,5,8,10,52,13,Beautiful home in prime location,416524.38,2022-05-01
405636.57,131.06,361.1,4896.44,3005.58,1711.12,4,3.0,2017,Apartment,7558.41,CA,San Diego,76563,Rural,3,False,True,Window Units,Gas,A,208.26,False,16,2023-08-02,,Pending,1,10,4,45,32,58,Beautiful home in prime location,351459.22,2022-06-07
380832.38,203.83,348.82,10601.33,3370.89,1421.95,3,4.0,2002,Apartment,4701.14,GA,Augusta,80892,Rural,2,False,False,None,Gas,E,234.47,False,84,2023-03-17,,Sold,7,4,9,36,55,0,Beautiful home in prime location,335861.34,2022-08-15
549172.14,231.21,127.6,6928.68,3771.52,2252.07,3,2.5,1951,Multi-Family,6316.56,TX,Austin,30013,Rural,1,False,False,Central,Forced Air,B,320.67,False,69,2023-07-03,,Pending,3,4,4,2,17,79,Beautiful home in prime location,495342.03,2022-11-17
269839.16,137.8,220.94,4609.96,2083.75,2265.25,3,1.5,1973,Multi-Family,5017.29,WA,Seattle,40480,Urban,2,False,False,None,Heat Pump,A,129.46,False,166,2023-09-12,,New,6,8,8,96,98,62,Beautiful home in prime location,218845.61,2022-02-21
573240.22,281.98,244.76,14257.93,4452.87,2421.31,4,3.5,1970,Condo,5654.14,CO,Boulder,80506,Suburban,2,True,True,Window Units,Electric,E,153.74,False,150,2023-05-15,,Active,1,4,5,35,69,98,Beautiful home in prime location,465269.41,2022-11-09
95785.73,253.82,299.2,2104.61,1163.44,1585.86,2,2.5,2002,Condo,6296.65,CO,Denver,14308,Rural,1,False,False,None,Forced Air,D,209.92,False,106,2023-09-26,,Active,1,7,3,96,40,70,Beautiful home in prime location,84059.36,2022-03-10
206302.93,257.68,235.35,3027.14,1717.6,1559.99,2,2.0,1960,Single Family,8566.54,GA,Atlanta,84466,Urban,2,False,True,None,Oil,C,198.48,False,44,2023-11-05,,Active,4,4,8,81,71,20,Beautiful home in prime location,185319.88,2022-02-19
537599.17,178.83,332.75,6632.56,3721.23,2112.79,5,2.5,2001,Townhouse,7627.83,WA,Spokane,65765,Urban,3,False,False,Central,Forced Air,B,147.78,False,11,2023-02-21,,Pending,4,3,4,24,24,22,Beautiful home in prime location,503990.88,2022-01-27
380810.72,186.22,153.31,4696.94,2695.44,1866.44,1,1.5,1971,Townhouse,7539.47,FL,Tampa,40323,Suburban,3,False,True,None,Gas,A,246.66,False,32,2023-09-06,,Pending,5,1,7,28,4,63,Beautiful home in prime location,314576.38,2022-01-03
553620.43,185.96,349.62,6534.16,3866.2,3424.01,4,1.0,1952,Single Family,8355.37,CA,Sacramento,57611,Rural,2,False,False,None,Forced Air,A,203.97,False,115,2023-04-15,,Sold,8,8,9,29,48,84,Beautiful home in prime location,443253.26,2022-02-01
333531.46,301.44,242.04,4613.18,2485.26,839.67,4,1.5,1964,Multi-Family,7029.71,AZ,Phoenix,50881,Urban,3,False,False,None,Electric,C,191.14,False,170,2023-05-24,,Sold,5,9,2,75,41,92,Beautiful home in prime location,301307.74,2022-07-04
357982.66,220.88,366.41,3712.9,2555.43,1474.96,2,4.0,1982,Condo,3687.54,MA,Cambridge,39690,Suburban,3,False,True,Window Units,Forced Air,B,89.7,False,127,2023-07-14,,Active,10,3,6,94,28,45,Beautiful home in prime location,300721.68,2022-11-16
446086.06,143.97,362.13,12209.84,3759.94,2291.81,5,1.0,1952,Multi-Family,6014.74,WA,Bellevue,44854,Urban,2,False,False,Window Units,Forced Air,C,149.89,False,68,2023-02-12,,Active,6,6,4,84,63,9,Beautiful home in prime location,367238.72,2022-03-08
389296.48,190.52,244.76,6688.4,2942.67,1653.96,3,3.0,1974,Townhouse,7361.96,FL,Jacksonville,17898,Rural,0,False,False,Central,Forced Air,C,194.06,False,178,2023-11-19,,New,10,9,1,75,21,6,Beautiful home in prime location,354571.86,2022-06-08
454297.02,213.19,309.01,13406.62,3851.55,2017.14,4,4.0,1988,Townhouse,6189.03,CA,San Francisco,17631,Rural,0,False,False,Window Units,Gas,E,153.83,True,15,2023-03-07,,New,4,5,2,81,58,52,Beautiful home in prime location,380682.65,2022-02-16
342771.44,223.78,267.29,9274.6,3023.23,1863.7,2,4.0,1964,Condo,9049.58,TX,San Antonio,43167,Rural,0,True,False,None,Oil,D,269.2,False,22,2023-07-19,,Pending,5,3,1,45,50,31,Beautiful home in prime location,277249.3,2022-01-22
348285.79,184.37,323.6,6542.06,2785.48,1640.42,3,3.5,1988,Apartment,5057.8,CO,Fort Collins,74430,Rural,1,False,True,None,Electric,D,175.29,False,92,2023-09-27,,Sold,10,5,6,4,61,22,Beautiful home in prime location,287389.18,2022-09-04
529563.99,287.59,523.69,5656.47,3688.58,1661.66,5,4.0,1994,Single Family,6585.82,IL,Chicago,30249,Suburban,1,False,True,Central,Oil,B,45.7,False,84,2023-08-11,,Sold,3,8,9,97,12,7,Beautiful home in prime location,455632.14,2022-10-20
475671.33,219.53,523.69,12630.71,4107.89,1696.24,3,4.0,2010,Apartment,4272.04,CO,Boulder,58051,Urban,1,False,True,None,Electric,B,153.29,False,26,2023-03-02,,Active,10,10,7,23,81,35,Beautiful home in prime location,409861.28,2022-12-27
481271.14,246.1,153.31,13799.61,3927.42,1790.63,3,2.0,1954,Condo,7046.96,WA,Seattle,62508,Urban,1,False,False,Window Units,Gas,A,217.79,False,86,2023-04-04,,Sold,6,2,2,23,38,28,Beautiful home in prime location,385778.31,2022-03-05
556297.89,146.83,330.19,7294.85,3942.01,870.04,3,3.5,1978,Single Family,8097.03,CO,Boulder,25649,Rural,3,False,True,Window Units,Heat Pump,D,222.42,False,46,2023-03-10,,Sold,5,7,10,28,10,45,Beautiful home in prime location,470096.01,2022-12-27
527460.98,208.56,338.07,12582.82,4198.22,2326.88,3,4.0,1954,Single Family,6108.17,NY,Buffalo,51162,Urban,1,True,True,Central,Forced Air,B,174.28,False,163,2023-05-01,,Pending,1,6,2,34,17,20,Beautiful home in prime location,439256.2,2022-02-20
773510.1,157.14,362.34,17214.32,5866.34,2058.28,3,1.0,1966,Single Family,6479.75,MA,Springfield,27971,Rural,1,False,True,Window Units,Gas,E,201.92,False,13,2023-10-06,,Pending,7,1,9,54,16,63,Beautiful home in prime location,688311.28,2022-03-02
385869.26,231.44,387.91,8823.24,3221.35,2414.59,3,4.0,1993,Multi-Family,2629.48,WA,Spokane,65951,Suburban,0,False,True,Central,Forced Air,D,168.82,False,84,2023-06-14,,New,2,7,6,89,4,65,Beautiful home in prime location,325492.64,2022-09-24
353996.73,128.56,330.19,5233.94,2738.94,1635.39,2,2.0,2019,Townhouse,5963.5,GA,Athens,17954,Rural,1,False,True,None,Forced Air,E,202.6,False,150,2023-11-07,,New,4,10,7,47,33,35,Beautiful home in prime location,331127.83,2022-10-16
465341.36,173.34,261.4,7244.98,3395.9,1856.55,3,2.0,2023,Multi-Family,8982.14,WA,Seattle,87807,Suburban,0,False,True,None,Electric,D,204.05,False,72,2023-05-02,,Pending,3,10,6,13,37,27,Beautiful home in prime location,381896.05,2022-03-10
276563.51,221.53,57.87,2898.83,1819.66,2177.26,4,3.5,1986,Multi-Family,6447.4,CO,Fort Collins,17725,Urban,0,False,True,Window Units,Heat Pump,E,137.41,False,19,2023-01-06,,Pending,7,1,5,26,74,41,Beautiful home in prime location,229379.23,2022-04-22
543183.58,220.45,233.44,14309.0,4372.6,1910.06,2,1.0,2005,Townhouse,2584.69,GA,Savannah,60507,Urban,1,False,True,None,Heat Pump,E,230.83,False,146,2023-06-08,,Active,10,5,1,50,50,49,Beautiful home in prime location,498319.7,2022-10-18
391755.23,203.33,241.56,7717.5,2992.74,2048.46,4,1.5,1997,Single Family,5268.77,AZ,Scottsdale,80517,Suburban,3,False,False,Window Units,Forced Air,B,149.28,False,67,2023-04-04,,New,6,4,2,52,20,74,Beautiful home in prime location,313508.85,2022-04-08
330091.45,261.2,360.02,7210.02,2796.07,2662.91,4,3.5,1965,Multi-Family,6397.25,FL,Miami,44218,Rural,0,False,True,None,Electric,D,184.76,False,151,2023-06-01,,Active,2,7,8,44,45,55,Beautiful home in prime location,282200.57,2022-03-08
659932.2,234.2,411.53,15536.13,5172.55,1931.96,4,3.0,1991,Multi-Family,4458.55,FL,Tampa,42962,Suburban,0,False,True,Window Units,Gas,C,166.69,False,7,2023-11-23,,Pending,7,10,2,85,57,3,Beautiful home in prime location,574302.68,2022-11-10
286340.34,277.57,374.86,8105.27,2682.33,831.52,3,1.0,2019,Townhouse,5579.46,TX,Houston,52834,Urban,3,False,False,Window Units,Heat Pump,C,200.33,False,17,2023-10-17,,Active,8,6,5,25,1,45,Beautiful home in prime location,247658.37,2022-08-14
786626.54,223.67,271.7,17395.65,5739.94,2236.33,3,3.5,1956,Multi-Family,8592.88,FL,Tampa,75910,Suburban,1,True,False,None,Heat Pump,D,85.46,False,141,2023-11-25,,Sold,4,5,1,100,77,42,Beautiful home in prime location,643698.36,2022-03-20
646287.26,254.15,405.6,14149.16,4964.36,1594.75,3,2.5,1965,Townhouse,8156.1,MA,Springfield,38169,Rural,0,False,False,Window Units,Gas,D,148.23,False,121,2023-11-18,,New,4,8,5,95,71,50,Beautiful home in prime location,551707.28,2022-06-23
472785.2,142.55,424.18,13374.89,4121.77,1843.13,4,2.5,1987,Apartment,8385.2,FL,Jacksonville,99251,Urban,1,False,True,Central,Heat Pump,C,219.09,False,121,2023-07-25,,Sold,1,6,1,20,70,48,Beautiful home in prime location,419807.97,2022-10-09
620685.2,205.7,417.92,12094.06,4859.5,2426.87,3,1.5,2015,Apartment,7741.01,WA,Tacoma,40146,Rural,1,False,False,None,Heat Pump,E,330.31,False,161,2023-11-04,,Pending,10,4,6,0,72,81,Beautiful home in prime location,578113.8,2022-06-25
355973.17,274.51,220.94,10204.52,3032.13,2905.55,4,2.0,1972,Apartment,5866.77,NY,Albany,36183,Suburban,3,False,True,Central,Oil,A,180.95,False,63,2023-10-04,,Pending,6,5,8,42,4,17,Beautiful home in prime location,308352.19,2022-04-01
634843.41,164.54,265.69,9542.55,4399.98,1842.56,4,3.5,2020,Single Family,9991.25,NY,Rochester,36383,Suburban,3,False,True,Central,Heat Pump,C,164.87,False,169,2023-09-03,,New,2,4,9,56,35,46,Beautiful home in prime location,543652.46,2022-11-05
759513.05,236.31,317.21,22058.15,6156.86,3417.12,4,2.5,2006,Multi-Family,5418.39,FL,Jacksonville,68685,Rural,1,False,True,None,Oil,D,203.91,False,107,2023-10-19,,Sold,8,2,2,15,7,1,Beautiful home in prime location,660674.59,2022-03-12
208373.9,159.01,180.9,3873.43,1771.86,1570.78,5,1.0,1954,Townhouse,7991.82,IL,Naperville,32904,Rural,0,False,False,Window Units,Forced Air,A,226.31,False,78,2023-08-20,,Active,1,6,6,49,59,36,Beautiful home in prime location,185864.28,2022-04-27
409085.31,241.73,323.6,5506.84,2998.11,2831.01,2,4.0,1969,Condo,7517.06,TX,Dallas,51099,Rural,0,False,False,Window Units,Gas,E,170.19,False,158,2023-10-16,,Pending,1,5,9,51,78,99,Beautiful home in prime location,344443.54,2022-11-18
190635.66,185.94,189.1,4560.32,1699.65,2280.67,3,3.5,1979,Townhouse,5164.77,GA,Athens,18087,Suburban,1,True,True,Window Units,Electric,C,177.34,False,35,2023-04-10,,Sold,10,8,2,43,13,44,Beautiful home in prime location,161034.84,2022-09-21
498770.37,249.45,323.6,5528.86,3439.64,1178.8,3,1.5,1975,Apartment,4929.67,AZ,Phoenix,53741,Suburban,1,False,False,Window Units,Heat Pump,D,161.45,False,25,2023-05-21,,Active,2,8,1,81,2,11,Beautiful home in prime location,436567.21,2022-02-20
131461.19,185.07,230.22,2274.2,1261.24,1995.98,2,3.5,1952,Multi-Family,3993.67,TX,San Antonio,11305,Suburban,2,False,True,Window Units,Forced Air,A,184.2,True,161,2023-05-15,,Sold,9,4,8,1,62,42,Beautiful home in prime location,113851.16,2022-12-05
501964.25,172.06,230.22,8588.0,3662.42,2428.0,2,1.0,1966,Multi-Family,8863.86,NY,Buffalo,18014,Urban,0,False,False,None,Electric,A,206.71,False,177,2023-10-11,,New,9,8,6,91,93,33,Beautiful home in prime location,405211.87,2022-05-09
214539.23,146.44,247.82,2920.63,1882.56,2392.53,3,2.5,1995,Multi-Family,8312.81,WA,Seattle,59483,Rural,3,False,False,None,Heat Pump,E,318.66,False,164,2023-10-03,,Sold,2,3,7,49,99,70,Beautiful home in prime location,202920.55,2022-07-07
553224.2,258.27,330.19,7437.56,3975.33,1179.16,2,1.5,1975,Multi-Family,9818.59,FL,Tampa,34599,Suburban,3,False,True,None,Gas,E,259.22,False,54,2023-04-23,,Pending,6,6,4,67,31,2,Beautiful home in prime location,480531.59,2022-02-03
476903.59,229.02,424.18,13290.92,4097.41,2133.98,4,1.0,2008,Condo,5347.98,GA,Athens,36950,Urban,3,False,True,Central,Forced Air,D,181.13,False,14,2023-08-12,,Sold,10,1,8,27,35,82,Beautiful home in prime location,382833.16,2022-01-16
483830.21,199.22,323.6,11197.04,3901.24,2131.17,3,1.5,2003,Townhouse,4771.61,GA,Augusta,35414,Suburban,0,True,True,Central,Gas,E,225.4,True,8,2023-01-01,,New,9,8,1,53,75,7,Beautiful home in prime location,431936.42,2022-04-23
618350.93,178.66,396.8,14585.47,4850.74,2095.48,4,3.5,1979,Apartment,5355.0,WA,Spokane,98204,Rural,0,False,False,None,Heat Pump,A,146.73,False,90,2023-07-26,,New,9,5,10,70,89,83,Beautiful home in prime location,573544.52,2022-01-15
644737.16,213.72,366.41,7719.92,4429.76,2436.84,4,3.5,1976,Multi-Family,6604.42,FL,Miami,76808,Urban,1,True,True,None,Gas,E,196.33,True,0,2023-08-08,,Pending,6,9,1,48,12,3,Beautiful home in prime location,596768.01,2022-09-04
235456.87,178.84,338.07,4990.14,2087.96,2311.64,3,1.0,1967,Condo,2327.59,TX,San Antonio,53057,Rural,3,False,False,None,Heat Pump,C,156.77,False,179,2023-01-12,,Pending,9,7,1,70,43,37,Beautiful home in prime location,216764.7,2022-09-27
740753.04,176.38,117.24,21066.29,5831.2,1491.16,5,3.5,2006,Condo,5898.4,WA,Tacoma,54082,Rural,3,False,False,None,Forced Air,C,254.67,False,106,2023-06-11,,New,7,4,8,51,94,20,Beautiful home in prime location,617022.03,2022-01-24
549779.66,112.98,353.88,12904.51,4395.7,1399.36,4,4.0,1959,Townhouse,199.96,FL,Miami,62096,Rural,2,False,True,None,Gas,E,217.55,False,168,2023-08-05,,Sold,5,2,3,63,32,57,Beautiful home in prime location,517467.64,2022-12-18
472470.02,186.46,17.53,8531.87,3241.73,1427.5,6,1.0,1969,Townhouse,7695.08,NY,Albany,84422,Suburban,3,False,False,None,Gas,B,150.85,False,30,2023-05-22,,New,7,6,10,31,79,42,Beautiful home in prime location,394730.54,2022-10-06
710177.5,235.83,197.37,12916.59,4997.75,1906.31,5,3.5,1954,Single Family,4820.75,FL,Orlando,23965,Rural,3,False,True,Window Units,Gas,C,173.11,False,4,2023-03-26,,Active,4,1,8,84,96,31,Beautiful home in prime location,583252.54,2022-02-21
555004.45,247.82,349.62,16315.86,4681.56,2416.92,3,3.5,1968,Multi-Family,4510.82,TX,Dallas,20396,Urban,0,False,True,Central,Oil,B,197.26,False,58,2023-03-09,,Active,8,10,2,50,74,57,Beautiful home in prime location,517050.87,2022-03-23
538861.34,275.2,156.59,8130.01,3721.58,1694.2,5,1.0,2001,Townhouse,4721.55,GA,Augusta,79604,Rural,2,False,False,Central,Forced Air,B,193.18,False,165,2023-01-01,,Sold,9,8,2,38,21,32,Beautiful home in prime location,490699.86,2022-08-03
566113.16,205.19,189.1,13274.61,4408.22,2546.56,3,2.5,1983,Condo,7781.27,WA,Bellevue,90555,Rural,3,False,False,Central,Gas,B,282.34,False,35,2023-09-18,,Active,10,8,2,66,63,12,Beautiful home in prime location,452988.65,2022-05-14
268541.19,204.73,386.22,7545.96,2687.1,3033.31,2,3.5,1974,Condo,3554.05,AZ,Tucson,68484,Suburban,1,False,True,None,Oil,D,329.34,False,116,2023-03-23,,Active,2,3,3,78,29,42,Beautiful home in prime location,239930.42,2022-01-02
433305.71,217.0,268.9,7182.16,3255.74,822.08,3,1.5,1989,Condo,7012.25,NY,Buffalo,93111,Suburban,1,False,True,Central,Gas,C,221.8,False,119,2023-06-03,,Pending,6,4,3,64,49,43,Beautiful home in prime location,351792.88,2022-07-04
611254.88,178.06,233.44,10454.32,4305.51,1300.34,3,1.5,1977,Apartment,7135.12,MA,Boston,48992,Suburban,0,False,False,None,Oil,B,144.61,False,73,2023-07-11,,Sold,6,9,3,62,87,34,Beautiful home in prime location,574149.01,2022-04-18
538232.64,109.39,494.05,6492.87,3859.39,2472.9,2,1.5,1960,Single Family,6369.92,AZ,Mesa,91995,Urban,3,False,False,Window Units,Electric,D,133.1,False,177,2023-10-04,,New,4,3,3,41,69,2,Beautiful home in prime location,476758.48,2022-09-26
600754.28,208.66,424.18,6565.45,4144.98,1430.4,5,3.0,1967,Apartment,4984.18,MA,Worcester,77933,Rural,3,True,True,Central,Heat Pump,B,169.91,False,176,2023-07-23,,New,3,5,3,77,72,2,Beautiful home in prime location,500503.82,2022-04-22
485420.56,206.77,287.93,7797.44,3562.92,1325.01,4,1.0,1972,Townhouse,5723.12,MA,Cambridge,38031,Urban,2,False,False,Central,Heat Pump,D,198.11,False,26,2023-06-26,,Pending,3,4,5,100,49,53,Beautiful home in prime location,398584.58,2022-09-06
488442.57,157.8,256.43,6503.44,3427.36,1899.66,4,4.0,2021,Townhouse,5355.23,CA,San Francisco,40613,Urban,0,False,True,Window Units,Oil,B,186.77,True,77,2023-09-12,,Active,2,6,3,44,81,3,Beautiful home in prime location,415026.91,2022-08-15
470083.17,177.99,361.1,8145.89,3543.73,2103.5,1,1.5,2001,Multi-Family,3666.39,GA,Athens,74887,Urban,2,True,False,Central,Heat Pump,A,153.39,False,178,2023-05-05,,Active,3,3,8,74,90,11,Beautiful home in prime location,381289.5,2022-05-09
585129.29,202.84,374.86,15262.34,4767.99,1156.37,3,2.5,2002,Multi-Family,3463.85,WA,Spokane,22179,Urban,3,False,False,None,Electric,C,195.62,False,92,2023-01-01,,Pending,4,9,7,54,100,89,Beautiful home in prime location,515644.82,2022-02-14
358905.89,194.69,387.91,4723.47,2865.78,2284.67,5,1.5,2019,Apartment,3677.41,AZ,Phoenix,81238,Suburban,3,True,False,Window Units,Oil,E,289.72,True,118,2023-08-22,,New,5,10,1,12,8,93,Beautiful home in prime location,336168.65,2022-09-25
535766.2,231.93,213.51,12613.0,4160.3,1619.25,2,1.5,1971,Condo,8030.35,IL,Springfield,45621,Suburban,0,False,False,Window Units,Oil,A,216.88,False,8,2023-12-22,,New,7,5,7,15,7,28,Beautiful home in prime location,479456.02,2022-01-01
303631.09,268.28,189.1,5078.19,2288.13,2917.72,5,1.5,2003,Apartment,7903.02,WA,Bellevue,44074,Suburban,2,False,False,None,Gas,B,157.69,False,152,2023-09-17,,Active,9,4,9,23,80,83,Beautiful home in prime location,260929.88,2022-08-10
649888.03,211.24,302.28,18335.54,5326.27,2699.03,3,3.5,2019,Condo,12314.84,GA,Athens,64150,Suburban,3,False,False,None,Oil,A,246.59,False,136,2023-12-17,,Sold,1,10,2,78,48,42,Beautiful home in prime location,575954.45,2022-10-17
340672.05,174.3,253.08,3742.7,2463.87,1510.09,4,1.5,1999,Townhouse,6978.86,FL,Jacksonville,19301,Suburban,2,False,True,Central,Gas,E,195.54,True,22,2023-11-18,,Sold,10,3,2,40,84,41,Beautiful home in prime location,305146.64,2022-06-04
319566.82,280.87,360.02,4893.57,2552.27,2455.37,4,1.5,1973,Townhouse,9565.78,WA,Tacoma,38049,Rural,3,False,True,None,Gas,B,186.62,False,19,2023-11-10,,Sold,9,4,2,71,34,81,Beautiful home in prime location,300690.74,2022-11-05
510364.67,174.06,359.55,12370.31,4132.0,2553.5,4,1.0,1966,Condo,3745.48,FL,Jacksonville,30632,Suburban,3,True,False,Window Units,Electric,D,189.77,False,55,2023-12-18,,Pending,1,6,10,12,93,62,Beautiful home in prime location,415932.17,2022-12-21
518157.79,188.25,384.6,5903.47,3570.21,2872.1,4,3.5,1992,Townhouse,7414.17,NY,Rochester,12700,Rural,1,False,False,Window Units,Electric,A,102.87,True,97,2023-11-22,,Active,6,4,3,57,89,84,Beautiful home in prime location,435742.67,2022-03-11
487466.41,182.95,376.55,8066.09,3678.71,977.1,3,3.0,1967,Apartment,4493.98,AZ,Phoenix,32399,Suburban,0,False,True,Window Units,Forced Air,B,192.66,False,158,2023-03-07,,Pending,3,8,10,72,84,72,Beautiful home in prime location,414476.1,2022-01-20
264110.45,168.82,247.82,3600.3,2046.06,1008.46,4,2.0,1974,Townhouse,5993.34,CO,Boulder,73490,Urban,3,False,True,Central,Gas,E,177.66,True,2,2023-05-23,,Pending,2,6,6,76,59,70,Beautiful home in prime location,220328.13,2022-02-15
501478.82,200.61,348.82,11165.86,3952.33,2272.1,2,3.0,1994,Multi-Family,5153.89,CA,Sacramento,99648,Suburban,3,False,True,Window Units,Oil,D,165.63,False,128,2023-06-23,,Pending,1,1,9,71,52,33,Beautiful home in prime location,407731.26,2022-05-03
660694.75,185.66,57.87,12020.92,4483.71,1940.15,3,3.5,1969,Multi-Family,4825.01,NY,Buffalo,59082,Urban,0,True,True,Central,Forced Air,D,120.62,False,101,2023-06-21,,Active,3,3,9,24,27,27,Beautiful home in prime location,575121.78,2022-02-10
538895.74,182.82,267.29,14180.8,4367.22,1495.62,2,3.0,1967,Multi-Family,5871.98,CA,Los Angeles,73319,Urban,1,False,False,None,Electric,E,223.72,False,118,2023-10-07,,Pending,8,4,1,77,9,97,Beautiful home in prime location,491723.33,2022-08-25
669240.78,123.19,349.62,14127.92,5062.94,2228.91,3,1.5,1954,Condo,5536.7,NY,Albany,37498,Rural,3,False,True,None,Gas,C,189.79,False,162,2023-04-12,,Active,7,6,5,40,70,99,Beautiful home in prime location,566587.1,2022-03-11
550773.17,310.4,207.94,7438.58,3958.13,1886.7,4,2.0,1978,Single Family,7320.19,FL,Jacksonville,55059,Urban,2,False,False,None,Gas,A,376.44,False,120,2023-03-11,,Pending,4,1,6,88,83,40,Beautiful home in prime location,450570.71,2022-10-10
419167.2,150.82,127.98,10668.83,3318.65,1326.45,5,2.0,1952,Single Family,7497.35,MA,Cambridge,98056,Suburban,1,True,False,None,Heat Pump,E,205.77,False,45,2023-03-17,,Pending,8,7,2,74,68,95,Beautiful home in prime location,381584.77,2022-08-06
551178.0,139.17,494.51,9181.74,4230.52,1829.91,3,2.0,2014,Condo,3901.32,NY,Buffalo,86800,Rural,3,False,True,Central,Oil,B,214.98,False,73,2023-06-26,,Active,5,1,9,37,76,68,Beautiful home in prime location,512304.46,2022-06-14
162472.08,228.97,331.32,2870.48,1662.87,2832.12,3,1.0,2005,Single Family,4614.56,TX,Austin,78333,Urban,0,False,True,Central,Electric,D,279.99,False,136,2023-10-06,,Pending,7,10,4,17,15,69,Beautiful home in prime location,135193.89,2022-04-10
572688.36,201.93,275.9,10495.14,4208.28,2892.56,3,1.0,1996,Multi-Family,3916.75,IL,Naperville,86480,Suburban,2,False,True,Window Units,Oil,E,194.35,True,157,2023-01-20,,Active,3,7,1,78,16,11,Beautiful home in prime location,501678.79,2022-09-11
299931.81,219.96,184.82,3458.55,2193.15,2013.06,3,2.5,2003,Single Family,6155.06,NY,Rochester,83828,Urban,1,False,True,Window Units,Gas,B,220.46,False,101,2023-03-23,,Pending,7,8,7,66,26,2,Beautiful home in prime location,241463.2,2022-07-03
406900.66,161.18,361.1,7715.15,3282.92,1674.47,3,1.0,1968,Condo,9786.15,WA,Bellevue,42103,Rural,0,True,False,Window Units,Oil,B,244.38,True,29,2023-03-17,,Pending,4,1,6,86,95,9,Beautiful home in prime location,377750.76,2022-01-24
336443.78,190.86,117.24,8514.86,2848.51,2420.02,4,4.0,2005,Multi-Family,7673.41,CA,Los Angeles,65209,Urban,3,False,True,Central,Electric,D,339.48,False,61,2023-02-12,,Pending,7,5,6,53,100,90,Beautiful home in prime location,312073.94,2022-01-20
341526.15,127.65,331.32,4813.63,2627.17,2634.57,5,3.0,1995,Apartment,7314.58,WA,Spokane,75692,Rural,0,False,False,None,Oil,A,187.09,False,52,2023-10-10,,Pending,10,6,6,68,41,63,Beautiful home in prime location,295682.11,2022-02-25
444804.97,184.24,402.95,5174.81,3190.23,1565.5,2,2.5,1979,Single Family,6420.12,TX,San Antonio,27597,Suburban,0,False,True,Window Units,Forced Air,A,132.03,False,74,2023-02-19,,Active,6,4,9,32,46,35,Beautiful home in prime location,360272.98,2022-07-03
457497.24,188.48,230.22,13571.68,3823.65,1110.37,5,1.0,1960,Condo,7515.65,MA,Worcester,76828,Urban,2,True,False,None,Gas,A,174.97,False,30,2023-02-15,,Pending,6,1,3,32,26,54,Beautiful home in prime location,413150.81,2022-07-13
417437.39,164.74,310.79,4522.47,2992.56,2058.65,2,1.0,1974,Single Family,3972.96,GA,Atlanta,32198,Suburban,1,False,False,None,Heat Pump,C,217.72,False,176,2023-05-04,,Pending,2,4,4,48,17,47,Beautiful home in prime location,362328.61,2022-10-21
395996.1,207.67,117.24,5691.46,2675.48,2503.33,3,1.0,1989,Single Family,8304.27,WA,Spokane,41649,Suburban,2,False,False,Window Units,Electric,C,103.97,False,78,2023-02-24,,New,2,7,2,76,92,91,Beautiful home in prime location,322073.43,2022-05-25
231080.27,233.34,411.53,2575.67,1905.88,2415.44,3,1.5,1982,Townhouse,8600.23,MA,Cambridge,39300,Urban,1,False,True,None,Heat Pump,A,124.31,False,4,2023-08-17,,Sold,1,3,9,93,2,15,Beautiful home in prime location,187419.98,2022-05-10
379620.05,188.0,189.1,10539.29,3209.92,1912.44,4,1.0,2000,Condo,8134.76,CO,Fort Collins,67011,Urban,1,False,False,Central,Heat Pump,B,244.44,False,81,2023-04-02,,Active,10,1,3,81,37,80,Beautiful home in prime location,313669.19,2022-11-11
367504.97,210.39,197.37,5143.19,2690.23,2400.74,4,1.0,1960,Condo,6681.86,FL,Orlando,92719,Suburban,3,False,True,Window Units,Electric,A,226.74,True,142,2023-01-01,,Sold,7,3,4,9,59,86,Beautiful home in prime location,306103.15,2022-05-25
592777.72,232.92,458.73,6033.95,4072.62,1911.24,2,2.5,2002,Townhouse,11030.67,TX,Houston,59520,Rural,3,False,False,Central,Gas,E,147.17,False,140,2023-07-26,,New,2,4,3,89,99,52,Beautiful home in prime location,542788.29,2022-12-26
480331.24,258.58,127.6,10885.67,3688.12,2214.57,3,1.0,2012,Townhouse,4968.72,GA,Augusta,26061,Urban,2,False,False,Window Units,Forced Air,B,251.73,False,51,2023-11-20,,Sold,3,9,7,40,34,93,Beautiful home in prime location,396605.24,2022-02-20
747783.35,212.0,230.22,7593.09,4838.12,879.01,6,2.0,1996,Multi-Family,4898.42,AZ,Mesa,25926,Suburban,2,True,False,Window Units,Gas,D,236.23,True,45,2023-11-17,,Pending,5,7,8,48,56,14,Beautiful home in prime location,622146.86,2022-03-19
250344.82,214.77,242.04,6354.41,2240.26,2089.41,3,4.0,1956,Single Family,8810.92,MA,Springfield,62958,Rural,1,True,False,None,Gas,D,216.97,False,68,2023-11-22,,Pending,4,6,3,74,54,10,Beautiful home in prime location,201188.02,2022-12-26
277468.81,114.35,319.51,7863.72,2599.28,1082.8,2,1.5,1981,Condo,5663.5,NY,Rochester,62658,Rural,2,False,True,None,Gas,E,237.11,True,119,2023-02-13,,Sold,5,8,2,59,99,58,Beautiful home in prime location,249226.28,2022-02-18
652976.3,281.04,338.07,9034.15,4532.91,1912.01,5,4.0,1993,Townhouse,3505.55,GA,Savannah,90150,Rural,3,False,True,None,Forced Air,E,177.12,False,177,2023-02-21,,New,10,8,2,94,77,27,Beautiful home in prime location,532546.65,2022-06-22
440905.17,161.76,256.43,12685.88,3718.65,1613.56,3,4.0,2017,Single Family,5934.72,CO,Denver,24066,Suburban,3,False,True,None,Electric,D,200.54,False,49,2023-07-05,,Active,4,8,7,60,36,63,Beautiful home in prime location,418092.48,2022-12-04
587503.83,219.47,386.22,15302.6,4751.43,1731.81,2,3.0,1956,Apartment,1782.93,CO,Boulder,72589,Urban,1,False,True,Window Units,Forced Air,E,152.47,False,72,2023-11-03,,Pending,4,2,6,5,7,100,Beautiful home in prime location,524506.86,2022-03-04
442468.89,156.4,265.69,8978.3,3487.99,2101.22,3,2.0,1978,Condo,8533.38,CO,Colorado Springs,10165,Rural,2,True,True,None,Electric,D,261.77,False,114,2023-01-08,,New,6,3,6,51,85,12,Beautiful home in prime location,407550.14,2022-07-07
564442.13,143.9,57.87,11122.68,3927.63,2351.04,2,4.0,1993,Apartment,3626.37,WA,Tacoma,61497,Urban,2,True,False,Window Units,Heat Pump,D,120.67,False,135,2023-03-07,,Active,7,6,3,74,16,64,Beautiful home in prime location,496975.96,2022-08-06
586886.99,158.82,384.6,14046.75,4621.37,2152.18,2,1.0,1973,Townhouse,2487.46,GA,Savannah,48416,Suburban,1,False,False,Window Units,Heat Pump,D,131.77,False,13,2023-01-11,,Active,7,8,6,43,58,3,Beautiful home in prime location,555287.56,2022-02-17
614062.18,287.23,268.9,17114.91,4901.79,1908.52,4,3.5,1975,Townhouse,7510.63,FL,Tampa,34689,Urban,0,False,True,Central,Heat Pump,D,136.34,False,144,2023-05-21,,Pending,2,9,3,68,87,36,Beautiful home in prime location,560068.65,2022-08-08
471261.45,184.07,244.76,6421.0,3360.63,1888.01,3,3.5,2023,Condo,4944.17,CA,Sacramento,28042,Urban,2,False,True,None,Gas,A,224.48,False,122,2023-07-22,,New,3,5,6,80,94,62,Beautiful home in prime location,418397.54,2022-03-20
342687.68,242.61,247.61,7460.05,2701.34,1606.16,3,2.0,1992,Multi-Family,5877.57,WA,Tacoma,39412,Urban,3,False,True,Window Units,Oil,C,118.63,True,62,2023-04-25,,Sold,3,10,6,73,25,26,Beautiful home in prime location,316518.51,2022-12-10
479125.44,213.59,184.82,8652.51,3527.78,1482.92,3,2.5,2011,Condo,7773.22,MA,Cambridge,85440,Suburban,2,False,True,Window Units,Forced Air,B,226.29,False,153,2023-08-18,,Sold,4,6,5,14,61,61,Beautiful home in prime location,412086.73,2022-05-13
457718.72,210.81,387.91,10474.31,3743.09,1696.43,3,3.5,2005,Townhouse,4930.76,FL,Miami,96881,Suburban,0,True,False,Central,Heat Pump,C,193.72,False,3,2023-12-01,,Sold,8,10,1,70,78,37,Beautiful home in prime location,391743.34,2022-12-12
498123.51,318.58,180.9,10371.02,3732.48,2508.96,4,3.5,1957,Condo,6116.85,TX,San Antonio,52333,Urban,2,False,True,Central,Oil,C,196.71,False,100,2023-07-22,,Active,3,3,1,76,38,11,Beautiful home in prime location,424348.44,2022-01-12
513463.16,144.18,256.31,12949.5,4058.05,2686.57,4,1.5,2016,Townhouse,5582.79,CA,Los Angeles,82294,Suburban,1,True,False,Window Units,Oil,E,155.3,False,148,2023-10-20,,New,6,4,3,17,82,12,Beautiful home in prime location,411514.49,2022-06-22
585477.62,237.12,345.94,14103.14,4588.4,2908.14,4,3.5,1972,Townhouse,3324.67,AZ,Phoenix,88761,Suburban,0,False,False,None,Forced Air,A,139.81,False,71,2023-05-01,,Active,2,1,3,89,81,36,Beautiful home in prime location,512003.32,2022-10-27
293182.9,350.04,135.31,3840.49,2146.91,2698.71,3,2.5,2002,Townhouse,5256.66,FL,Jacksonville,14534,Rural,2,False,False,Central,Electric,C,225.65,False,157,2023-09-09,,Pending,7,2,2,25,15,39,Beautiful home in prime location,254387.63,2022-05-27
471016.51,114.07,258.43,7554.31,3499.69,2189.67,4,2.0,1998,Multi-Family,7690.69,TX,Austin,65975,Urban,3,False,False,Window Units,Oil,C,256.65,False,156,2023-12-10,,Active,2,10,6,14,0,46,Beautiful home in prime location,402316.42,2022-04-24
441397.59,252.66,235.35,7908.06,3230.0,2708.24,3,1.5,1991,Condo,6343.5,NY,New York City,55202,Suburban,0,False,True,Central,Forced Air,A,128.66,False,0,2023-10-02,,Active,8,2,10,16,61,17,Beautiful home in prime location,386135.86,2022-11-01
729725.61,149.88,361.1,17472.81,5614.02,2973.66,2,1.0,2022,Townhouse,588.98,NY,New York City,12425,Suburban,0,False,False,Central,Heat Pump,B,148.23,False,138,2023-02-27,,New,1,5,1,33,51,97,Beautiful home in prime location,651642.03,2022-10-25
546253.71,199.95,362.34,5669.34,3780.19,2039.34,5,3.5,1971,Multi-Family,9146.44,GA,Athens,53355,Suburban,3,False,True,Window Units,Oil,E,214.14,False,83,2023-01-03,,Pending,8,2,4,48,36,19,Beautiful home in prime location,509185.06,2022-08-11
379646.84,135.53,141.17,5006.13,2647.1,1842.95,3,2.5,2015,Multi-Family,6717.68,IL,Springfield,32661,Suburban,0,False,True,Window Units,Heat Pump,D,190.52,False,157,2023-01-09,,Sold,6,1,5,40,10,11,Beautiful home in prime location,304846.64,2022-09-02
478035.62,218.18,417.92,12134.62,3998.2,2096.48,4,1.0,1974,Condo,6830.44,FL,Orlando,42066,Suburban,0,True,True,Window Units,Electric,B,178.89,False,125,2023-01-18,,New,7,7,10,51,37,84,Beautiful home in prime location,391476.17,2022-07-14
436855.73,232.11,362.34,8253.3,3473.64,1864.06,3,3.0,2023,Condo,5267.46,CA,San Francisco,68928,Suburban,1,False,False,None,Forced Air,E,239.24,False,131,2023-08-04,,Pending,2,2,2,91,45,47,Beautiful home in prime location,369787.36,2022-04-03
467584.84,194.43,417.92,13439.31,4060.68,1175.68,2,3.5,1979,Condo,1829.05,FL,Jacksonville,93892,Rural,3,False,True,Central,Gas,D,184.89,False,59,2023-02-26,,Pending,6,6,10,25,9,41,Beautiful home in prime location,375603.9,2022-01-11
202986.52,225.18,265.69,4759.13,1890.46,1829.11,4,4.0,2004,Multi-Family,8531.12,MA,Worcester,54665,Suburban,1,False,True,None,Electric,C,213.25,False,33,2023-06-16,,Active,7,2,3,41,64,86,Beautiful home in prime location,176640.73,2022-06-06
243160.19,163.04,384.6,2568.12,2036.99,2874.22,2,1.5,1962,Multi-Family,4928.45,IL,Aurora,23503,Suburban,0,False,True,Window Units,Electric,C,222.58,False,145,2023-09-10,,Sold,8,5,1,28,58,86,Beautiful home in prime location,207494.28,2022-02-21
531684.79,224.62,210.84,7347.71,3651.56,2434.52,1,1.5,2016,Single Family,6022.13,AZ,Scottsdale,65315,Urban,3,False,True,None,Electric,E,169.98,False,92,2023-01-24,,Pending,4,5,4,2,77,69,Beautiful home in prime location,503786.44,2022-01-04
643575.39,249.92,265.69,18819.02,5258.05,2053.56,2,2.0,1968,Multi-Family,8379.72,IL,Aurora,90335,Urban,1,False,True,None,Oil,D,206.24,False,29,2023-02-22,,Sold,10,10,2,66,80,47,Beautiful home in prime location,548794.57,2022-12-12
619480.22,235.45,411.53,15751.07,4997.09,2196.37,3,1.5,2000,Multi-Family,4644.52,CA,San Francisco,44555,Suburban,1,False,False,Central,Gas,C,175.57,False,109,2023-07-24,,Pending,6,6,7,100,55,94,Beautiful home in prime location,516801.16,2022-04-07
149384.47,200.13,197.37,1979.35,1281.17,2065.45,5,3.5,2002,Multi-Family,6557.37,MA,Worcester,57691,Rural,1,False,False,Central,Electric,B,171.94,False,106,2023-11-06,,New,9,6,1,70,56,77,Beautiful home in prime location,126513.99,2022-06-19
700818.85,239.43,370.37,11115.66,4994.95,2877.47,3,3.0,2005,Apartment,7255.78,FL,Miami,46391,Urban,0,False,False,None,Gas,E,194.19,False,144,2023-07-15,,Active,5,7,3,20,89,83,Beautiful home in prime location,618573.75,2022-12-16
479787.25,195.69,370.37,12997.65,4089.1,1852.13,4,2.5,1969,Single Family,2560.99,FL,Jacksonville,89294,Urban,1,False,False,Central,Oil,D,236.66,False,11,2023-09-24,,Pending,4,8,5,49,3,62,Beautiful home in prime location,414680.85,2022-12-27
103642.24,273.18,523.69,2776.15,1524.15,1650.32,4,1.0,2007,Condo,4891.25,WA,Bellevue,81791,Rural,2,False,False,Window Units,Gas,D,250.91,False,148,2023-07-21,,New,2,9,3,42,91,35,Beautiful home in prime location,86746.09,2022-05-27
537636.61,90.02,387.91,6243.27,3733.89,2737.36,3,2.5,2016,Single Family,6784.98,IL,Chicago,81104,Rural,0,False,False,Central,Heat Pump,B,137.53,False,153,2023-03-24,,Sold,1,6,5,76,97,76,Beautiful home in prime location,491366.78,2022-02-13
336042.31,227.48,288.05,5564.86,2574.56,1567.95,3,1.5,1984,Single Family,5672.64,AZ,Tucson,25315,Urban,0,False,False,Central,Electric,A,142.56,False,13,2023-06-12,,New,3,7,5,79,34,97,Beautiful home in prime location,299096.42,2022-03-18
592003.16,130.27,367.76,8250.77,4203.17,2478.27,4,2.0,1961,Townhouse,3720.56,IL,Springfield,40387,Urban,0,False,True,Central,Oil,A,187.83,False,58,2023-06-20,,New,6,9,4,28,57,37,Beautiful home in prime location,543982.32,2022-02-07
322602.26,173.42,302.28,6014.14,2777.83,2238.08,3,2.0,2007,Multi-Family,205.49,GA,Athens,40061,Suburban,2,True,False,Central,Oil,D,361.36,False,67,2023-03-16,,Pending,4,7,1,36,59,15,Beautiful home in prime location,285424.84,2022-03-04
402877.16,187.44,362.34,4854.21,3036.17,3541.9,5,3.0,1982,Condo,5014.57,CO,Denver,28859,Urban,1,False,True,Central,Heat Pump,C,254.93,False,23,2023-07-20,,Pending,8,7,5,9,98,41,Beautiful home in prime location,357771.32,2022-11-18
393011.15,153.65,191.47,11629.68,3282.28,1344.3,2,2.0,1956,Townhouse,5697.16,CA,Sacramento,20391,Suburban,3,False,True,None,Heat Pump,D,156.61,False,151,2023-08-01,,Sold,5,6,10,34,17,80,Beautiful home in prime location,330939.29,2022-02-25
486210.57,228.27,180.9,7712.77,3392.14,1573.04,3,4.0,1975,Condo,2878.49,TX,San Antonio,82884,Rural,2,False,True,Window Units,Forced Air,D,137.45,False,105,2023-06-24,,Active,10,7,10,53,94,31,Beautiful home in prime location,415378.41,2022-09-25
529933.1,165.26,241.56,8167.58,3804.39,1361.81,3,2.0,1995,Apartment,6802.08,FL,Orlando,45536,Rural,1,False,False,None,Electric,A,232.54,False,105,2023-12-25,,Active,6,4,6,7,5,16,Beautiful home in prime location,431176.12,2022-07-25
539653.11,235.67,359.55,10511.07,4094.23,2572.45,3,4.0,1978,Condo,6424.39,IL,Springfield,84594,Rural,3,False,True,None,Oil,B,160.5,False,7,2023-10-17,,Pending,7,3,10,15,94,17,Beautiful home in prime location,458939.44,2022-10-23
543607.86,182.98,204.55,13950.11,4304.46,2531.35,3,1.0,2017,Townhouse,7090.76,CA,San Diego,56393,Rural,2,False,True,Central,Electric,E,219.35,False,148,2023-05-07,,New,5,9,1,92,82,83,Beautiful home in prime location,445726.59,2022-06-13
494309.23,204.11,235.35,13595.81,4000.47,2275.52,3,4.0,1958,Townhouse,5816.98,TX,Dallas,40977,Urban,1,False,False,Window Units,Forced Air,B,160.59,False,133,2023-12-15,,Active,4,10,10,60,27,100,Beautiful home in prime location,423443.46,2022-07-06
522083.33,168.99,494.05,13074.99,4373.65,1021.06,3,3.0,1992,Apartment,8525.78,CA,San Francisco,27318,Urban,0,False,True,Central,Forced Air,D,179.6,False,40,2023-05-10,,Pending,5,2,2,77,2,69,Beautiful home in prime location,466175.94,2022-05-21
381899.05,194.58,345.94,9999.59,3257.31,2819.72,3,4.0,1956,Apartment,4345.17,FL,Orlando,60038,Urban,2,False,True,Window Units,Heat Pump,E,168.58,False,129,2023-07-02,,Pending,1,8,9,3,34,1,Beautiful home in prime location,330176.24,2022-05-15
582509.94,185.71,402.95,15301.81,4860.49,1358.43,4,1.5,2023,Multi-Family,4365.28,IL,Naperville,97085,Rural,1,False,False,Window Units,Oil,B,269.85,False,162,2023-04-25,,Active,6,10,5,97,44,4,Beautiful home in prime location,498813.29,2022-06-01
22775.58,199.22,275.9,335.12,375.62,3069.95,4,1.5,1953,Townhouse,7888.2,IL,Springfield,39273,Suburban,0,False,True,Central,Forced Air,A,241.53,False,75,2023-04-10,,Active,7,6,5,98,16,24,Beautiful home in prime location,20742.38,2022-12-27
429145.01,222.67,207.94,11896.9,3442.66,1604.38,4,2.0,2020,Condo,4444.69,FL,Orlando,82782,Urban,3,False,True,Central,Forced Air,D,97.59,False,45,2023-06-21,,New,8,3,7,97,25,64,Beautiful home in prime location,398416.84,2022-08-21
546559.28,217.04,309.01,12718.74,4256.18,1136.61,4,3.0,1983,Multi-Family,6670.47,IL,Aurora,47649,Urban,2,False,False,Central,Electric,E,154.48,False,146,2023-11-26,,Pending,7,5,5,25,91,8,Beautiful home in prime location,501336.11,2022-10-27
536549.08,185.73,433.68,11942.87,4345.57,1805.45,1,1.0,1973,Multi-Family,7298.74,AZ,Mesa,54596,Urban,1,True,True,Central,Oil,B,233.9,False,158,2023-12-27,,Active,5,6,4,94,67,56,Beautiful home in prime location,475634.89,2022-02-02
296859.49,119.94,399.72,5621.09,2612.98,2055.3,2,3.5,1964,Condo,7529.1,WA,Tacoma,22612,Suburban,3,True,False,Central,Heat Pump,C,260.53,False,77,2023-11-21,,Pending,2,9,1,90,35,33,Beautiful home in prime location,245081.19,2022-08-14
535043.24,169.72,370.37,9039.94,3953.62,1741.64,2,3.5,2016,Multi-Family,9326.03,NY,Rochester,86649,Suburban,3,True,False,None,Gas,A,154.71,False,50,2023-04-21,,New,8,4,3,78,46,42,Beautiful home in prime location,443513.14,2022-03-19
173411.97,262.68,417.92,2197.16,1703.96,1483.97,3,2.0,2003,Multi-Family,3835.35,IL,Aurora,31714,Suburban,3,False,True,None,Forced Air,E,235.88,False,117,2023-07-22,,Active,10,6,7,33,0,30,Beautiful home in prime location,160252.19,2022-05-01
601783.94,231.48,323.6,17402.64,4979.44,1653.01,4,2.5,1967,Condo,8522.89,TX,Austin,64455,Rural,2,False,True,Window Units,Forced Air,C,196.7,True,87,2023-10-04,,Pending,1,10,9,6,41,85,Beautiful home in prime location,552271.36,2022-05-21
638447.46,269.97,360.02,11472.53,4756.96,2971.83,3,1.0,1997,Condo,7490.5,GA,Atlanta,35932,Suburban,0,True,True,Window Units,Electric,B,248.66,False,98,2023-06-17,,Sold,3,4,10,84,1,98,Beautiful home in prime location,586936.15,2022-07-01
706894.33,274.07,181.88,19518.24,5627.99,1988.72,2,2.0,1958,Condo,8473.57,MA,Cambridge,81827,Rural,0,False,True,Central,Electric,D,285.12,True,155,2023-11-03,,Active,9,3,2,78,69,22,Beautiful home in prime location,603939.73,2022-02-26
684953.5,146.74,405.6,12244.41,5082.65,1849.5,2,1.0,2007,Apartment,7149.29,NY,Buffalo,96236,Suburban,3,False,False,Central,Forced Air,A,231.91,False,92,2023-01-16,,Sold,9,1,7,26,92,57,Beautiful home in prime location,636646.0,2022-02-17
726588.07,179.88,213.51,7821.99,4732.53,2650.31,4,1.0,1980,Multi-Family,10894.58,IL,Naperville,31761,Rural,2,False,False,None,Forced Air,C,234.24,False,27,2023-01-04,,Active,6,8,2,100,11,22,Beautiful home in prime location,625672.22,2022-11-18
385946.76,262.22,399.72,4572.69,2858.12,1305.56,2,1.0,1957,Townhouse,6694.43,GA,Athens,83729,Urban,3,False,True,Central,Heat Pump,B,147.61,True,22,2023-09-19,,Sold,5,6,10,75,73,18,Beautiful home in prime location,310225.06,2022-11-02
216773.54,250.08,360.02,2243.43,1806.59,2125.64,4,2.0,1951,Single Family,6325.16,CA,Sacramento,25132,Urban,0,False,False,Central,Forced Air,B,175.75,False,142,2023-11-20,,Sold,3,4,3,66,13,27,Beautiful home in prime location,185097.36,2022-10-16
673832.21,194.74,374.86,9762.58,4775.76,1962.59,3,3.0,2003,Apartment,4622.42,AZ,Phoenix,69430,Rural,0,True,False,Central,Oil,B,218.2,True,136,2023-09-01,,Sold,10,10,7,78,1,66,Beautiful home in prime location,579808.05,2022-09-09
453014.46,162.14,335.1,10356.93,3699.67,2162.28,4,3.0,1988,Multi-Family,5968.82,CO,Fort Collins,27386,Suburban,2,False,True,Window Units,Forced Air,A,236.42,False,156,2023-10-16,,Sold,6,3,3,55,43,47,Beautiful home in prime location,367871.98,2022-01-17
444391.62,134.81,135.31,6688.3,3142.13,2961.18,3,3.0,1962,Condo,4468.24,AZ,Tucson,39133,Urban,1,False,False,Window Units,Oil,B,227.5,False,136,2023-09-14,,Sold,10,4,6,42,78,58,Beautiful home in prime location,403288.73,2022-09-21
608040.35,94.8,338.07,13052.56,4731.72,2161.9,6,4.0,2018,Apartment,4705.08,FL,Tampa,35659,Suburban,0,True,False,Central,Electric,A,265.74,False,80,2023-08-14,,Sold,7,5,3,92,64,25,Beautiful home in prime location,524388.02,2022-02-23
173416.13,166.37,156.59,4579.59,1588.83,1337.84,4,1.5,1978,Apartment,6135.5,MA,Cambridge,34818,Rural,3,False,True,Central,Electric,A,183.53,True,80,2023-07-23,,Pending,4,8,4,27,76,85,Beautiful home in prime location,159148.69,2022-08-24
610593.01,162.02,260.07,17759.06,4983.39,1959.61,3,2.0,2015,Condo,2571.46,CO,Denver,10248,Urban,1,False,False,None,Forced Air,C,190.43,False,134,2023-02-27,,Active,6,10,1,20,57,37,Beautiful home in prime location,491821.57,2022-04-01
581613.9,220.74,162.56,9931.26,4142.18,1431.13,3,3.5,1968,Multi-Family,7264.55,MA,Boston,31948,Rural,3,False,True,None,Gas,E,243.94,False,13,2023-11-22,,New,5,5,3,22,85,44,Beautiful home in prime location,490476.83,2022-08-26
458085.5,256.65,360.02,12326.64,3875.31,2247.89,3,1.0,1983,Townhouse,2877.62,AZ,Mesa,96055,Urban,2,False,True,Window Units,Forced Air,B,197.64,False,178,2023-08-06,,New,9,5,4,45,32,22,Beautiful home in prime location,435007.54,2022-10-27
459497.92,272.81,213.51,12174.63,3716.57,2801.8,3,1.0,1958,Condo,2627.97,WA,Seattle,99652,Suburban,1,False,True,None,Forced Air,B,191.01,False,24,2023-10-17,,Sold,7,9,4,49,55,98,Beautiful home in prime location,422083.8,2022-04-07
343520.79,224.17,156.59,8569.32,2752.76,1754.46,5,4.0,1995,Condo,7979.87,AZ,Scottsdale,19153,Rural,0,False,True,None,Gas,B,164.46,False,5,2023-03-19,,Pending,5,7,8,78,21,68,Beautiful home in prime location,319879.28,2022-07-05
660461.0,228.28,386.22,11489.59,4861.45,1884.72,3,1.5,1956,Apartment,8385.95,CA,Sacramento,46352,Urban,2,False,True,Window Units,Gas,B,215.45,False,74,2023-10-22,,New,8,4,9,90,22,2,Beautiful home in prime location,588121.03,2022-01-21
531705.7,267.94,127.98,6621.71,3576.6,1172.61,3,1.5,2001,Townhouse,6314.27,IL,Aurora,92846,Rural,2,False,True,Window Units,Electric,D,238.29,False,140,2023-10-27,,Sold,6,5,5,19,77,65,Beautiful home in prime location,471311.04,2022-06-14
380383.91,252.8,191.47,6969.64,2851.37,2253.65,4,1.0,1990,Multi-Family,8532.28,CA,San Francisco,83980,Urban,0,False,False,Window Units,Electric,B,177.18,True,153,2023-10-15,,Pending,1,5,4,61,9,68,Beautiful home in prime location,324632.89,2022-01-17
452594.08,212.5,494.05,5351.67,3471.39,2439.04,2,2.5,1961,Single Family,8052.21,WA,Tacoma,11726,Urban,1,True,False,Window Units,Forced Air,C,268.4,False,173,2023-01-21,,Pending,6,4,10,93,11,23,Beautiful home in prime location,364612.73,2022-12-03
439400.39,167.86,405.6,6922.16,3305.13,2389.55,4,2.5,1996,Multi-Family,7010.81,TX,Austin,68481,Rural,2,False,True,None,Forced Air,C,125.69,False,54,2023-04-13,,Active,10,4,8,0,91,44,Beautiful home in prime location,364175.83,2022-12-13
811699.66,157.77,244.76,21847.85,6338.05,1923.63,4,3.5,1969,Condo,8582.44,FL,Miami,30717,Suburban,0,True,True,None,Forced Air,A,214.13,False,1,2023-12-25,,Pending,5,10,8,7,47,25,Beautiful home in prime location,739043.73,2022-06-19
463195.36,172.96,0.0,8346.13,3258.43,2185.85,3,2.5,2010,Multi-Family,6350.83,FL,Jacksonville,79959,Suburban,2,False,False,Central,Electric,B,246.94,False,37,2023-10-20,,Sold,3,5,8,74,89,24,Beautiful home in prime location,412695.24,2022-07-05
770658.69,224.73,235.35,8660.19,5068.88,1585.81,3,3.5,1981,Apartment,9252.02,NY,Albany,13811,Suburban,2,False,True,Central,Gas,C,258.56,False,80,2023-05-27,,Pending,9,9,3,95,14,2,Beautiful home in prime location,727773.99,2022-04-24
519557.89,179.43,323.6,7247.89,3694.43,1895.98,3,2.5,2007,Multi-Family,6299.21,MA,Worcester,66115,Suburban,0,False,False,None,Forced Air,D,169.05,False,128,2023-01-07,,Sold,10,10,10,1,44,88,Beautiful home in prime location,470175.58,2022-03-13
603955.17,264.15,376.55,16627.69,5002.18,3029.5,3,3.0,1955,Apartment,6820.88,IL,Springfield,15850,Rural,1,False,True,Window Units,Forced Air,B,220.22,False,142,2023-12-26,,New,5,8,3,78,29,98,Beautiful home in prime location,523071.44,2022-03-25
446754.81,208.34,402.95,8255.28,3462.15,2449.46,3,2.5,2008,Apartment,5640.2,TX,Houston,48899,Suburban,2,False,False,Window Units,Gas,A,137.49,False,137,2023-10-19,,New,9,5,6,68,75,61,Beautiful home in prime location,396087.35,2022-10-24
589682.82,227.06,386.22,8329.65,4240.94,2363.56,4,3.5,2012,Townhouse,2530.98,IL,Chicago,76471,Rural,1,False,True,Window Units,Gas,A,212.17,False,145,2023-09-18,,Pending,7,1,5,57,29,76,Beautiful home in prime location,553327.52,2022-04-22
446157.59,286.38,411.53,11017.19,3652.99,2939.49,3,1.0,2013,Condo,4397.56,IL,Springfield,27598,Suburban,3,False,True,Central,Oil,A,92.58,False,50,2023-10-18,,Pending,5,2,9,54,16,86,Beautiful home in prime location,377744.28,2022-09-14
465652.05,235.93,244.9,9195.27,3516.7,2433.93,4,3.5,2002,Townhouse,4515.88,MA,Worcester,25662,Suburban,2,False,True,None,Gas,B,177.27,False,78,2023-06-25,,Sold,1,5,3,56,54,76,Beautiful home in prime location,439179.88,2022-12-10
420345.71,209.77,465.42,4322.51,3178.03,2523.83,4,3.5,1994,Townhouse,4499.53,TX,Houston,16535,Suburban,3,False,False,Window Units,Forced Air,E,250.67,False,77,2023-06-01,,Sold,7,10,7,41,20,4,Beautiful home in prime location,359387.56,2022-01-16
509527.33,197.47,359.55,6257.56,3638.71,1414.94,4,1.5,1981,Single Family,1747.03,WA,Tacoma,85384,Suburban,1,True,False,Central,Oil,C,210.06,False,91,2023-02-21,,Pending,7,9,8,0,79,7,Beautiful home in prime location,428718.79,2022-02-23
467664.73,180.43,335.1,13950.45,4030.28,2430.68,3,4.0,2008,Single Family,3255.26,GA,Savannah,50053,Rural,1,False,True,Central,Gas,E,194.32,False,68,2023-05-04,,Active,8,10,8,14,97,29,Beautiful home in prime location,426846.69,2022-06-21
370490.37,154.87,323.6,10438.52,3192.0,1810.75,5,3.0,1974,Multi-Family,5336.69,MA,Springfield,77528,Suburban,2,True,False,Central,Gas,E,146.08,False,32,2023-03-27,,Pending,9,3,7,97,16,63,Beautiful home in prime location,308037.64,2022-08-06
375086.04,207.98,220.94,5229.62,2778.94,1528.12,5,4.0,2002,Single Family,5173.83,AZ,Mesa,57504,Suburban,2,True,True,Central,Oil,C,246.77,False,99,2023-01-19,,Active,2,5,7,13,39,93,Beautiful home in prime location,304913.29,2022-08-15
629507.29,316.05,402.95,10559.3,4547.4,1954.22,4,1.5,2021,Multi-Family,5293.21,AZ,Tucson,69969,Suburban,2,False,False,None,Electric,E,116.97,False,65,2023-03-23,,Active,3,4,9,91,80,37,Beautiful home in prime location,556287.33,2022-06-01
457923.89,210.51,353.88,12002.79,3880.6,2008.64,3,3.0,2004,Apartment,6177.17,TX,San Antonio,95321,Urban,2,False,True,Window Units,Gas,E,236.87,True,122,2023-05-11,,New,8,7,2,52,83,98,Beautiful home in prime location,432631.72,2022-07-27
556626.36,235.22,127.98,9220.11,3793.92,2079.19,2,4.0,1960,Condo,4381.37,CA,San Diego,30010,Suburban,2,False,True,None,Oil,D,114.47,False,5,2023-11-11,,Sold,6,1,9,88,45,4,Beautiful home in prime location,525331.82,2022-09-04
321427.8,297.86,235.35,8561.15,2799.32,2295.37,2,4.0,1960,Single Family,7045.16,NY,Buffalo,68847,Rural,3,False,False,Central,Gas,E,243.41,False,124,2023-08-04,,New,2,6,1,19,40,30,Beautiful home in prime location,293150.32,2022-03-13
411569.35,150.44,386.22,7581.44,3376.27,1749.0,1,4.0,2008,Townhouse,6555.62,CO,Denver,87432,Suburban,2,False,True,Window Units,Gas,A,300.42,False,136,2023-10-18,,Sold,6,4,7,50,18,23,Beautiful home in prime location,381673.1,2022-01-19
794452.54,144.55,345.94,11291.84,5355.54,1211.31,3,2.5,1986,Multi-Family,3438.58,IL,Aurora,56440,Rural,1,False,True,Central,Gas,B,96.35,False,64,2023-11-13,,Active,2,5,1,94,12,100,Beautiful home in prime location,685868.65,2022-07-01
655256.19,253.91,285.27,10812.41,4667.67,1326.95,2,3.0,1996,Apartment,3360.09,GA,Athens,11169,Urban,2,False,True,Central,Gas,D,205.09,False,65,2023-02-10,,Pending,4,10,8,32,2,82,Beautiful home in prime location,583984.52,2022-01-17
349289.04,91.52,256.43,4325.85,2479.32,1878.3,4,2.0,2016,Multi-Family,3477.77,GA,Atlanta,28950,Urban,2,False,False,Central,Heat Pump,D,115.96,False,146,2023-06-26,,Pending,7,9,4,94,35,53,Beautiful home in prime location,326047.63,2022-12-22
593535.53,225.04,185.24,14971.57,4624.5,2216.37,5,1.5,1963,Single Family,7230.4,CA,Sacramento,29114,Urban,0,False,False,Window Units,Heat Pump,C,223.95,False,80,2023-11-23,,New,6,6,3,100,50,98,Beautiful home in prime location,544660.24,2022-01-04
456621.38,124.26,330.19,8452.7,3434.44,2313.29,4,3.5,2011,Apartment,4094.45,CA,San Diego,61439,Rural,0,False,False,None,Electric,E,116.75,True,28,2023-11-16,,Sold,3,10,4,39,70,5,Beautiful home in prime location,432385.01,2022-04-27
597240.88,290.92,396.14,17043.1,5008.11,2489.71,3,3.0,2012,Single Family,6952.51,WA,Seattle,47357,Suburban,3,True,False,Window Units,Electric,C,205.51,False,159,2023-06-16,,New,10,2,3,34,7,10,Beautiful home in prime location,547694.12,2022-05-10
164463.1,114.47,185.24,2371.59,1474.34,1645.08,3,3.0,1989,Townhouse,1641.09,CO,Boulder,72157,Urban,2,False,True,None,Electric,E,269.15,False,54,2023-04-01,,New,8,5,7,34,25,75,Beautiful home in prime location,151990.92,2022-02-27
678594.73,236.99,523.69,10155.68,5025.0,1289.73,4,2.5,2009,Apartment,3319.66,IL,Naperville,23351,Urban,1,False,False,None,Oil,B,262.03,False,158,2023-01-13,,Active,4,6,10,22,88,34,Beautiful home in prime location,597450.84,2022-06-15
563929.38,182.68,153.31,7489.72,3859.43,2245.45,4,1.5,1999,Single Family,5781.83,CO,Denver,30961,Urban,2,False,True,None,Electric,E,262.33,False,139,2023-02-03,,Sold,10,7,7,24,23,86,Beautiful home in prime location,480028.35,2022-02-04
452571.11,209.3,411.53,7140.12,3478.44,1712.02,3,1.0,2004,Townhouse,6994.13,IL,Chicago,85056,Urban,1,False,True,Central,Heat Pump,D,209.05,False,151,2023-11-18,,Sold,4,3,5,59,1,3,Beautiful home in prime location,373081.23,2022-10-04
20465.21,315.33,233.44,592.65,295.64,2198.9,2,4.0,1982,Townhouse,4589.87,NY,Buffalo,84557,Rural,0,False,False,None,Electric,C,213.92,False,42,2023-05-17,,Pending,6,7,6,96,4,28,Beautiful home in prime location,16617.38,2022-01-24
412779.01,259.41,360.02,11168.36,3448.95,2387.82,2,3.0,1974,Condo,7545.3,TX,San Antonio,36432,Rural,1,False,False,None,Electric,E,94.34,False,149,2023-06-09,,Pending,3,9,5,57,28,32,Beautiful home in prime location,375073.03,2022-01-01
523108.45,315.07,204.55,10491.81,3877.07,2566.31,3,3.5,1973,Condo,11634.39,IL,Springfield,34674,Urban,1,False,True,None,Electric,C,182.66,True,49,2023-03-11,,New,3,9,5,5,2,13,Beautiful home in prime location,444617.96,2022-03-08
186192.8,205.41,402.95,2436.96,1732.48,2003.74,2,4.0,2009,Single Family,6005.71,TX,San Antonio,12890,Urban,0,False,False,Central,Electric,E,195.49,False,59,2023-05-15,,Active,2,6,3,59,92,54,Beautiful home in prime location,173091.12,2022-12-24
392102.92,234.31,239.22,4602.18,2839.72,1474.55,4,2.5,1967,Apartment,2700.13,GA,Athens,60920,Urban,0,False,True,None,Forced Air,A,256.47,False,99,2023-08-01,,New,1,6,1,15,7,59,Beautiful home in prime location,367688.55,2022-09-19
202355.61,222.43,153.31,3123.21,1684.16,2903.81,4,2.0,1983,Apartment,3872.33,MA,Boston,99451,Suburban,2,False,True,Central,Electric,A,258.8,False,76,2023-03-24,,Pending,4,3,9,53,48,95,Beautiful home in prime location,178065.15,2022-06-22
546698.05,226.28,153.31,13559.59,4201.0,3108.51,4,3.0,1983,Single Family,5875.83,AZ,Scottsdale,68295,Urban,2,False,True,Window Units,Forced Air,D,184.23,False,65,2023-08-04,,New,8,9,2,42,59,75,Beautiful home in prime location,514177.33,2022-02-05
674423.64,172.36,345.94,17941.76,5444.76,2316.91,2,1.0,2019,Condo,6431.8,AZ,Mesa,40750,Rural,2,False,False,Central,Electric,D,231.55,False,104,2023-11-20,,Active,3,6,3,82,41,59,Beautiful home in prime location,624091.47,2022-08-09
317989.99,186.35,241.56,5606.32,2522.72,2209.53,1,1.5,1997,Condo,7386.19,TX,San Antonio,59416,Urban,0,False,True,Window Units,Gas,E,224.03,True,128,2023-02-24,,Sold,10,5,9,22,34,44,Beautiful home in prime location,284122.94,2022-10-17
395691.92,200.94,361.1,6903.22,3136.75,2477.71,5,1.0,1978,Multi-Family,6155.97,FL,Jacksonville,24091,Suburban,1,False,False,Window Units,Heat Pump,E,221.92,True,28,2023-12-21,,Active,3,5,2,46,65,73,Beautiful home in prime location,371384.34,2022-12-11
415158.41,160.11,296.18,8421.78,3179.4,2268.4,6,2.0,2006,Condo,5807.78,CO,Boulder,17651,Urban,1,False,True,Central,Electric,E,105.61,False,167,2023-01-25,,Active,3,7,7,49,38,52,Beautiful home in prime location,378911.08,2022-12-09
486318.78,124.71,332.75,9320.94,3689.75,1750.2,6,4.0,1977,Multi-Family,7169.49,FL,Jacksonville,34900,Urban,2,False,False,Central,Forced Air,D,148.66,False,126,2023-03-07,,Sold,5,9,4,32,79,30,Beautiful home in prime location,437596.07,2022-03-19
186674.6,192.72,405.6,3101.89,1727.92,1288.43,3,1.5,1988,Condo,9963.89,CA,Sacramento,64560,Suburban,3,True,True,Central,Gas,A,130.45,False,137,2023-08-25,,Pending,7,10,10,51,66,15,Beautiful home in prime location,164007.1,2022-02-06
425647.66,179.81,348.82,7537.22,3302.12,2555.17,5,4.0,2014,Apartment,6345.25,TX,Houston,21159,Urban,0,False,False,Window Units,Gas,D,196.96,False,137,2023-02-18,,Sold,7,2,2,91,66,35,Beautiful home in prime location,359983.59,2022-11-24
685369.97,196.12,523.69,10013.15,5002.08,1962.41,3,3.5,2012,Apartment,4569.85,IL,Naperville,27816,Urban,3,False,True,Window Units,Forced Air,D,217.11,False,31,2023-02-09,,Active,5,8,7,14,85,52,Beautiful home in prime location,557733.58,2022-01-11
587889.96,307.62,162.56,17436.56,4800.14,1722.15,4,2.5,1955,Multi-Family,7285.95,WA,Spokane,53083,Rural,0,False,False,Window Units,Forced Air,C,245.08,False,81,2023-06-01,,Pending,10,3,9,95,99,53,Beautiful home in prime location,531489.22,2022-04-02
358695.16,291.56,374.86,4542.65,2774.53,1855.51,3,2.0,1965,Apartment,6892.84,AZ,Tucson,14324,Rural,2,False,False,Window Units,Oil,B,227.64,False,175,2023-01-06,,Pending,2,2,3,11,40,87,Beautiful home in prime location,294316.55,2022-11-25
221108.55,195.18,265.69,3218.6,1927.78,2217.68,4,1.0,1971,Townhouse,5654.64,GA,Athens,91261,Rural,0,False,True,Window Units,Heat Pump,B,288.33,True,28,2023-06-05,,Active,3,6,1,5,39,55,Beautiful home in prime location,205015.0,2022-06-05
344944.58,218.89,189.1,7794.91,2715.96,2046.88,5,2.5,1953,Townhouse,4969.14,WA,Bellevue,65712,Rural,2,False,True,Central,Gas,B,152.56,False,44,2023-08-27,,Sold,4,9,4,78,19,82,Beautiful home in prime location,325066.55,2022-02-07
417157.8,258.55,247.82,6295.05,2999.53,2812.69,4,2.0,1953,Condo,7926.87,WA,Seattle,47670,Suburban,1,False,False,Window Units,Forced Air,C,141.32,False,145,2023-08-01,,Active,3,5,7,88,37,39,Beautiful home in prime location,340552.17,2022-06-13
587217.11,80.5,117.24,9787.65,4066.17,2515.64,2,2.0,2019,Townhouse,7511.29,AZ,Phoenix,98319,Rural,1,True,False,Window Units,Electric,B,197.21,False,17,2023-01-04,,New,4,7,8,52,91,14,Beautiful home in prime location,502345.21,2022-01-25
458831.56,217.6,458.73,5724.95,3374.09,1894.71,4,4.0,2015,Single Family,6396.11,MA,Cambridge,37859,Rural,2,False,True,Central,Oil,B,144.12,False,24,2023-10-08,,New,4,6,6,29,3,43,Beautiful home in prime location,406293.26,2022-10-14
482251.72,205.78,494.51,8411.8,3813.86,2597.92,3,2.5,1971,Apartment,9667.03,GA,Atlanta,89695,Rural,0,False,True,None,Electric,B,207.12,False,93,2023-07-08,,New,3,3,4,85,2,88,Beautiful home in prime location,439637.2,2022-07-03
540441.72,237.63,271.7,12572.65,4211.82,2527.8,3,2.0,1992,Single Family,6315.86,IL,Naperville,62938,Suburban,3,False,False,Central,Heat Pump,C,190.18,False,16,2023-10-16,,Sold,2,2,7,16,25,98,Beautiful home in prime location,474965.04,2022-08-15
596784.39,142.72,384.6,14560.05,4742.64,2090.42,5,4.0,1967,Multi-Family,5309.25,NY,New York City,65874,Suburban,0,False,True,Central,Forced Air,D,160.78,False,139,2023-11-13,,Active,3,7,9,69,0,48,Beautiful home in prime location,498606.35,2022-02-18
415255.24,169.06,359.55,9885.18,3480.43,3047.27,5,3.0,1991,Condo,5899.84,GA,Athens,14516,Urban,0,False,True,Window Units,Electric,B,220.84,False,15,2023-07-19,,Pending,6,3,8,66,15,7,Beautiful home in prime location,354320.53,2022-06-27
635004.33,154.71,210.84,18891.69,5235.49,1944.87,3,1.0,2012,Single Family,4069.96,WA,Spokane,63639,Rural,1,False,False,Window Units,Oil,C,275.32,False,33,2023-08-02,,New,2,9,2,94,1,1,Beautiful home in prime location,572537.29,2022-04-18
286146.94,263.23,345.94,8032.04,2632.91,1529.14,3,1.5,2010,Apartment,6043.6,TX,San Antonio,55464,Suburban,0,False,False,Window Units,Gas,E,186.9,False,169,2023-12-11,,Pending,7,2,6,4,85,63,Beautiful home in prime location,250969.55,2022-06-27
195545.94,200.12,367.76,5796.0,2015.2,1991.29,3,3.5,1984,Condo,5530.15,NY,Albany,81238,Suburban,2,False,False,Central,Gas,B,186.71,False,131,2023-04-20,,Sold,2,7,5,82,41,92,Beautiful home in prime location,184736.27,2022-05-23
477439.16,254.11,405.6,13507.27,4181.86,2159.67,1,3.0,1975,Single Family,4678.86,GA,Athens,73987,Urban,2,False,True,Window Units,Gas,B,263.46,True,179,2023-11-22,,Sold,5,1,1,56,95,0,Beautiful home in prime location,392652.21,2022-04-22
401537.28,240.38,361.1,11415.27,3520.27,1107.68,3,1.5,1993,Multi-Family,5100.8,AZ,Mesa,49995,Rural,1,False,True,None,Heat Pump,A,200.21,False,111,2023-05-13,,Pending,9,8,2,29,20,98,Beautiful home in prime location,321501.0,2022-05-26
135737.94,274.55,417.92,3159.59,1525.95,1860.08,5,2.0,1982,Multi-Family,3492.71,MA,Worcester,91493,Suburban,1,False,True,Window Units,Forced Air,A,166.04,True,179,2023-12-01,,Pending,3,7,5,29,82,33,Beautiful home in prime location,109452.27,2022-10-09
769508.42,145.0,242.04,9517.9,5080.66,1945.51,3,2.0,1972,Townhouse,8580.23,FL,Tampa,80803,Suburban,1,True,False,None,Oil,E,197.92,False,121,2023-04-24,,Pending,7,5,3,9,54,31,Beautiful home in prime location,700385.86,2022-07-05
423289.44,193.39,405.6,12352.32,3712.72,3152.34,4,2.5,1998,Single Family,4797.46,WA,Tacoma,98865,Rural,1,False,True,None,Electric,D,161.31,False,49,2023-10-12,,Pending,10,1,3,83,20,73,Beautiful home in prime location,358367.58,2022-06-27
485007.8,157.67,0.0,8131.82,3269.16,1459.65,3,2.5,1959,Multi-Family,9658.92,FL,Jacksonville,40816,Suburban,2,False,False,Window Units,Electric,B,166.47,False,6,2023-02-14,,Pending,6,2,5,2,30,5,Beautiful home in prime location,415644.78,2022-11-13
344247.75,119.05,208.68,4569.45,2420.3,2154.71,3,1.5,1967,Condo,5489.71,FL,Orlando,99096,Suburban,2,False,False,Central,Heat Pump,B,109.59,False,10,2023-07-02,,Pending,10,6,1,78,3,8,Beautiful home in prime location,279047.35,2022-10-26
334249.32,180.55,458.73,6960.35,2812.54,2338.96,3,4.0,2017,Multi-Family,6304.98,IL,Naperville,96845,Urban,1,False,True,None,Oil,C,102.54,False,79,2023-09-10,,Active,8,2,2,96,58,42,Beautiful home in prime location,304237.75,2022-09-07
472961.09,203.4,348.82,5922.29,3416.16,1849.52,4,1.0,1975,Single Family,4764.6,CA,Sacramento,36475,Suburban,1,False,False,Window Units,Gas,A,209.01,False,117,2023-10-04,,Sold,9,4,5,18,76,34,Beautiful home in prime location,416823.51,2022-06-14
443402.99,229.75,362.13,4640.1,3195.79,2126.08,5,3.0,2020,Townhouse,4671.05,MA,Worcester,63967,Urban,0,False,False,Central,Gas,C,229.97,False,29,2023-01-10,,Active,10,9,1,60,22,57,Beautiful home in prime location,361904.56,2022-02-07
311447.14,242.92,153.31,6555.12,2520.31,1907.36,5,4.0,2021,Apartment,4856.43,FL,Jacksonville,90438,Urban,1,False,True,Window Units,Heat Pump,C,263.5,False,61,2023-03-20,,Sold,8,2,7,0,30,5,Beautiful home in prime location,284376.88,2022-09-22
465810.35,133.3,374.86,8060.44,3608.14,2014.69,5,1.5,1988,Single Family,5991.91,CO,Colorado Springs,80338,Urban,1,False,True,Window Units,Heat Pump,C,232.53,False,10,2023-11-25,,Pending,5,3,1,23,90,58,Beautiful home in prime location,401265.54,2022-03-25
416702.32,149.35,241.56,11250.24,3486.53,2080.01,3,1.0,1965,Apartment,6843.55,CO,Fort Collins,94717,Suburban,3,False,True,Window Units,Oil,B,223.94,False,104,2023-06-18,,Sold,10,9,8,94,59,96,Beautiful home in prime location,369065.93,2022-08-19
453615.26,286.29,345.94,11805.62,3766.88,1970.42,3,3.5,1970,Single Family,5265.5,FL,Tampa,74032,Suburban,0,False,False,Window Units,Oil,D,169.06,False,84,2023-02-22,,Pending,8,6,4,59,60,60,Beautiful home in prime location,362956.09,2022-05-24
477391.39,149.75,465.42,12995.84,4213.97,1664.96,4,1.0,1952,Apartment,8325.02,AZ,Phoenix,65855,Suburban,0,False,False,Central,Gas,E,278.6,True,147,2023-10-24,,Active,9,9,5,34,32,18,Beautiful home in prime location,442658.05,2022-01-10
563573.05,231.97,331.32,9661.33,4180.1,2408.86,3,3.5,2015,Apartment,6962.68,WA,Bellevue,49161,Rural,2,True,True,None,Heat Pump,A,225.81,True,70,2023-03-07,,New,7,4,2,88,54,91,Beautiful home in prime location,462087.81,2022-11-05
573436.62,228.4,424.18,9612.19,4350.84,1744.2,4,2.0,1957,Condo,8463.31,WA,Bellevue,23049,Rural,1,False,False,Window Units,Forced Air,B,258.46,False,165,2023-07-13,,New,9,4,3,74,27,66,Beautiful home in prime location,506373.01,2022-08-06
643161.31,161.26,204.55,8809.99,4341.27,1714.53,4,1.0,2018,Multi-Family,8964.77,CA,San Francisco,88168,Suburban,0,True,False,Window Units,Gas,E,186.74,False,41,2023-01-03,,Sold,7,4,3,53,98,76,Beautiful home in prime location,605554.3,2022-12-19
228899.01,301.39,153.31,6543.54,1949.69,1774.84,3,2.0,1973,Townhouse,5936.79,TX,Austin,64988,Suburban,1,False,False,None,Forced Air,D,106.59,False,127,2023-07-04,,Sold,3,2,1,45,99,36,Beautiful home in prime location,192432.72,2022-09-09
574279.66,323.78,162.56,6780.77,3743.36,1702.62,4,1.0,1971,Multi-Family,5804.0,TX,San Antonio,77401,Rural,2,False,False,Central,Oil,A,144.33,False,100,2023-02-16,,Sold,5,1,2,41,24,78,Beautiful home in prime location,513737.92,2022-05-03
539487.17,115.63,213.51,9139.65,3892.28,2282.04,5,3.0,1967,Single Family,7101.67,GA,Athens,62723,Urban,0,False,True,None,Heat Pump,E,219.69,False,140,2023-05-24,,New,1,5,3,41,19,2,Beautiful home in prime location,452368.91,2022-08-08
547160.3,229.04,433.68,14408.57,4566.68,1695.14,6,2.0,1954,Multi-Family,453.77,WA,Seattle,21714,Urban,3,False,True,Window Units,Heat Pump,A,196.49,False,124,2023-09-03,,New,1,8,8,94,43,95,Beautiful home in prime location,438193.0,2022-12-01
283526.65,114.3,374.46,5054.38,2483.86,2643.97,3,2.5,1995,Multi-Family,7717.0,GA,Athens,15127,Urban,1,False,False,None,Gas,A,270.57,True,20,2023-10-05,,Sold,6,6,10,41,65,86,Beautiful home in prime location,269023.38,2022-08-06
473090.89,207.3,386.22,9801.15,3804.77,1813.12,5,1.0,1990,Condo,8631.81,FL,Orlando,31033,Suburban,3,False,False,Window Units,Gas,C,236.33,False,157,2023-05-08,,Active,7,4,1,89,64,84,Beautiful home in prime location,394089.19,2022-12-08
522121.62,153.78,330.19,6583.75,3758.03,991.25,3,4.0,2005,Apartment,8864.35,CA,San Francisco,23271,Rural,0,False,False,Window Units,Oil,E,268.58,False,145,2023-03-24,,Sold,9,4,7,38,81,86,Beautiful home in prime location,484217.31,2022-06-09
583313.26,193.09,241.56,12102.26,4335.7,1644.2,4,2.0,1954,Condo,4877.15,IL,Naperville,86559,Suburban,2,True,True,Central,Oil,E,169.06,False,51,2023-04-22,,Active,9,8,9,68,49,69,Beautiful home in prime location,519246.01,2022-07-08
498177.49,179.1,417.92,6090.66,3678.7,2184.56,6,2.0,2022,Single Family,7354.08,CO,Colorado Springs,28138,Urban,1,True,True,Central,Heat Pump,D,262.33,False,112,2023-02-06,,Active,8,5,9,41,6,92,Beautiful home in prime location,423549.13,2022-08-26
701200.29,152.31,180.9,8354.39,4619.55,1887.78,3,1.0,2001,Apartment,5423.53,CA,San Francisco,62881,Rural,3,False,False,None,Gas,A,236.45,False,175,2023-11-16,,Active,8,8,4,29,12,50,Beautiful home in prime location,596700.93,2022-02-07
433832.02,198.91,332.75,10735.19,3602.09,1677.71,2,1.0,1999,Condo,6230.88,NY,Rochester,72258,Rural,2,False,True,None,Gas,A,205.58,False,54,2023-03-05,,New,4,4,4,32,15,9,Beautiful home in prime location,347383.74,2022-07-15
544859.74,228.52,370.37,12895.48,4488.92,1401.12,6,3.5,2000,Townhouse,5142.61,FL,Tampa,78732,Urban,0,False,False,None,Electric,E,319.63,False,44,2023-10-14,,Pending,8,3,6,22,25,27,Beautiful home in prime location,491177.48,2022-05-27
403716.44,116.94,338.07,6409.64,3083.04,3555.7,1,4.0,1964,Condo,9605.36,FL,Orlando,49174,Suburban,1,False,False,Window Units,Heat Pump,E,192.26,False,12,2023-02-09,,Pending,5,6,6,11,43,15,Beautiful home in prime location,337393.44,2022-10-16
406924.19,178.62,296.18,5995.37,3020.64,1933.41,2,3.0,2016,Apartment,6548.86,FL,Jacksonville,25909,Suburban,2,False,False,None,Oil,E,190.22,False,109,2023-02-19,,Pending,9,9,2,20,28,83,Beautiful home in prime location,326249.79,2022-05-18
391719.82,197.32,253.96,10551.28,3302.45,1670.2,3,4.0,2004,Condo,6065.97,CA,San Diego,33871,Urban,2,False,False,Central,Oil,A,210.62,True,68,2023-08-27,,Active,9,5,10,68,2,66,Beautiful home in prime location,356631.65,2022-03-10
722611.27,306.87,181.88,20576.03,5637.55,1649.01,5,3.5,1972,Townhouse,5577.12,FL,Orlando,24966,Rural,0,False,False,Window Units,Oil,E,127.95,False,63,2023-05-18,,Sold,9,6,10,66,4,84,Beautiful home in prime location,675252.17,2022-07-18
615819.52,180.75,253.08,18340.44,5090.33,3494.22,5,1.0,2015,Apartment,4762.64,CA,Sacramento,19851,Rural,1,False,True,Central,Electric,E,229.78,False,5,2023-04-20,,Sold,3,9,7,23,15,35,Beautiful home in prime location,513486.96,2022-01-26
299068.9,216.06,323.6,8211.38,2686.92,1755.98,4,1.5,2000,Apartment,8631.25,FL,Jacksonville,10377,Urban,3,False,False,Window Units,Forced Air,E,183.69,False,112,2023-06-06,,Pending,8,4,9,90,90,37,Beautiful home in prime location,266438.49,2022-02-06
225303.71,150.7,287.93,3850.21,1983.37,1717.09,3,2.5,1994,Apartment,5718.53,FL,Miami,18747,Rural,0,False,True,Window Units,Gas,E,248.07,False,141,2023-12-27,,Sold,3,7,6,13,28,17,Beautiful home in prime location,211131.04,2022-05-15
490975.16,231.32,402.95,10118.91,3868.52,1772.13,1,1.0,1981,Townhouse,9502.78,CA,Sacramento,83058,Rural,0,False,True,Central,Electric,D,167.45,False,142,2023-04-12,,Sold,5,6,1,50,19,42,Beautiful home in prime location,401772.5,2022-04-16
436945.56,207.91,424.18,6235.27,3425.99,1367.29,4,1.0,1982,Single Family,5965.62,AZ,Scottsdale,41723,Suburban,2,False,False,Window Units,Heat Pump,D,297.47,False,79,2023-03-06,,Active,1,6,3,6,70,13,Beautiful home in prime location,351213.79,2022-05-23
463147.18,239.23,57.87,7851.47,3212.12,1590.66,1,2.5,1961,Multi-Family,9526.78,AZ,Scottsdale,38224,Suburban,2,False,False,None,Gas,D,184.23,False,86,2023-12-17,,Pending,4,4,1,36,60,15,Beautiful home in prime location,431954.73,2022-02-16
429403.19,127.84,345.94,9829.85,3521.51,2872.69,5,2.0,1950,Townhouse,9411.69,AZ,Scottsdale,68637,Suburban,1,True,False,Central,Electric,D,209.4,False,152,2023-11-07,,Pending,9,7,6,35,4,64,Beautiful home in prime location,377570.44,2022-05-23
568866.86,119.31,318.71,14584.73,4567.08,1919.66,2,2.5,2015,Apartment,5890.34,CA,San Francisco,33162,Urban,2,False,True,Window Units,Forced Air,D,188.64,False,139,2023-10-02,,New,4,8,5,92,59,71,Beautiful home in prime location,538259.11,2022-01-07
354695.47,177.11,235.35,9421.48,2944.3,1603.83,5,3.5,1986,Apartment,6052.74,CO,Boulder,95728,Urban,1,False,False,None,Heat Pump,C,150.36,False,129,2023-11-11,,New,4,4,1,81,15,59,Beautiful home in prime location,319425.5,2022-07-24
475477.73,155.39,318.37,12535.06,3969.78,2678.85,3,4.0,1972,Condo,8402.4,GA,Athens,62267,Rural,0,False,False,Window Units,Oil,B,229.44,False,142,2023-12-15,,Active,3,7,6,7,8,66,Beautiful home in prime location,400151.85,2022-10-18
266002.54,169.74,242.04,3693.69,2037.58,1620.07,3,2.0,1973,Townhouse,7103.88,MA,Springfield,88286,Suburban,1,False,True,Window Units,Gas,C,157.72,False,166,2023-07-02,,Pending,10,7,1,20,76,10,Beautiful home in prime location,231821.36,2022-04-04
410806.37,221.27,191.47,7535.49,3069.17,2233.59,4,1.5,1988,Single Family,7915.01,CO,Boulder,27645,Rural,3,False,True,None,Electric,C,195.71,False,154,2023-03-22,,Pending,8,6,5,32,93,89,Beautiful home in prime location,338876.66,2022-09-18
636217.89,206.29,181.88,13549.97,4806.68,2966.55,4,1.5,1993,Townhouse,5267.46,MA,Worcester,85138,Urban,0,True,True,Window Units,Electric,A,314.55,False,159,2023-12-04,,New,7,2,9,15,53,9,Beautiful home in prime location,532063.2,2022-02-07
722408.64,117.78,302.28,8800.41,4879.72,1939.12,5,2.0,1956,Condo,3018.79,FL,Orlando,95832,Urban,2,False,False,Central,Forced Air,A,232.03,False,161,2023-03-09,,Sold,4,6,6,92,4,14,Beautiful home in prime location,581319.62,2022-06-08
431326.87,173.48,267.85,5304.1,3012.67,2650.15,3,1.5,1957,Townhouse,4969.93,NY,Buffalo,54629,Urban,3,False,False,Central,Gas,A,146.17,False,25,2023-01-10,,Sold,7,7,10,62,60,35,Beautiful home in prime location,365662.96,2022-02-23
537940.07,191.69,405.6,7238.53,3888.0,2294.9,3,4.0,1991,Multi-Family,6700.81,GA,Athens,99789,Suburban,1,True,False,Central,Gas,B,189.49,False,6,2023-09-11,,Sold,7,1,10,74,55,57,Beautiful home in prime location,485623.88,2022-05-03
477694.51,185.37,233.44,10425.92,3662.91,2149.5,3,3.5,1978,Apartment,7396.04,CA,San Diego,67042,Suburban,3,False,True,None,Forced Air,A,172.17,False,96,2023-09-11,,Sold,8,4,2,100,29,24,Beautiful home in prime location,407321.87,2022-06-10
357993.66,176.32,402.95,5091.82,2800.25,2681.44,3,1.0,2022,Townhouse,5235.34,GA,Athens,47834,Rural,1,False,False,None,Forced Air,B,183.02,False,34,2023-05-19,,Active,5,5,7,92,48,82,Beautiful home in prime location,319921.58,2022-05-21
470832.96,190.53,210.84,7256.24,3362.89,1662.72,3,1.0,2006,Apartment,3359.92,WA,Tacoma,86475,Suburban,1,True,True,Window Units,Oil,B,193.2,False,151,2023-11-03,,Active,2,7,1,28,18,68,Beautiful home in prime location,395716.07,2022-08-26
257891.9,119.77,247.82,6972.1,2348.65,2119.02,2,1.5,2011,Townhouse,4208.92,NY,Albany,66857,Urban,2,False,False,Central,Forced Air,D,230.36,False,115,2023-07-03,,Active,5,5,3,35,34,51,Beautiful home in prime location,221798.84,2022-03-16
513487.34,86.31,399.72,7659.32,3829.19,2668.66,4,1.5,1993,Townhouse,11295.83,WA,Seattle,11873,Urban,0,False,False,None,Heat Pump,E,223.75,False,44,2023-09-23,,Active,3,3,9,92,74,84,Beautiful home in prime location,482230.82,2022-03-13
377464.16,210.04,465.42,7799.51,3283.77,1717.48,4,3.5,1986,Townhouse,4684.77,FL,Jacksonville,70329,Suburban,0,False,False,Window Units,Heat Pump,B,281.06,False,0,2023-06-06,,Sold,3,5,10,42,40,11,Beautiful home in prime location,306182.27,2022-11-04
526754.46,209.33,360.02,7678.96,3825.05,1744.12,4,3.0,1990,Single Family,5107.18,GA,Atlanta,40458,Urban,3,False,False,Window Units,Forced Air,B,191.34,False,48,2023-05-15,,Active,8,9,7,9,35,60,Beautiful home in prime location,479482.63,2022-05-10
505950.77,193.88,359.55,7098.94,3638.41,2235.21,4,2.5,2013,Apartment,3957.19,FL,Miami,32679,Suburban,0,True,True,Window Units,Gas,D,157.53,False,143,2023-09-09,,New,8,6,7,11,68,40,Beautiful home in prime location,426053.4,2022-09-01
434304.22,229.32,296.18,10481.44,3532.58,3192.73,1,3.5,2007,Apartment,8621.09,TX,Dallas,20131,Urban,2,False,False,Window Units,Electric,B,191.42,True,17,2023-12-10,,Pending,9,2,9,30,67,70,Beautiful home in prime location,349592.14,2022-10-05
523244.64,226.5,367.76,15503.24,4472.75,1523.15,2,3.0,1981,Condo,4685.69,TX,Houston,59960,Rural,3,True,True,None,Oil,D,196.83,False,76,2023-11-12,,Sold,1,3,4,41,92,87,Beautiful home in prime location,444831.95,2022-06-23
596736.04,146.4,281.87,12782.97,4553.53,2238.84,3,1.5,1993,Townhouse,6173.57,GA,Atlanta,36277,Rural,0,False,True,Central,Heat Pump,B,222.74,False,171,2023-04-20,,Pending,4,8,6,19,12,91,Beautiful home in prime location,485950.44,2022-04-09
651202.99,271.08,405.6,13499.16,4937.55,903.33,3,3.5,1985,Condo,9119.45,FL,Miami,27128,Urban,2,False,True,Window Units,Electric,C,151.01,True,40,2023-12-06,,Active,3,9,3,16,60,76,Beautiful home in prime location,524039.95,2022-08-07
280576.88,184.05,261.4,8288.14,2656.45,1424.68,2,3.5,1992,Multi-Family,5264.19,AZ,Scottsdale,84060,Urban,2,False,False,Central,Oil,B,301.49,False,69,2023-12-26,,New,5,8,9,40,12,31,Beautiful home in prime location,250350.75,2022-12-02
666393.28,204.3,260.07,10957.93,4649.59,3168.45,3,3.0,1997,Apartment,7707.56,IL,Naperville,47895,Rural,1,False,False,None,Forced Air,C,144.39,True,18,2023-02-23,,New,4,10,2,74,26,51,Beautiful home in prime location,559160.39,2022-06-26
343972.27,178.03,162.56,4559.29,2508.02,1851.8,1,3.5,1958,Apartment,3380.61,GA,Atlanta,76659,Suburban,3,False,False,Central,Gas,C,245.66,False,8,2023-02-21,,Active,7,10,1,6,31,0,Beautiful home in prime location,320133.93,2022-11-22
492068.28,156.1,153.31,8695.9,3549.56,2173.75,2,1.5,1953,Multi-Family,3329.33,CO,Colorado Springs,81950,Rural,0,False,False,Window Units,Oil,E,211.25,False,86,2023-08-15,,Pending,3,1,1,28,65,23,Beautiful home in prime location,456499.52,2022-05-12
453252.94,260.92,244.76,11947.54,3797.72,1266.32,6,3.0,2016,Condo,7688.3,AZ,Phoenix,77758,Suburban,3,False,False,Window Units,Heat Pump,E,291.06,False,1,2023-10-18,,Sold,4,2,10,1,70,10,Beautiful home in prime location,430056.14,2022-10-25
526846.43,200.79,309.01,14387.0,4279.54,1795.61,5,1.5,2002,Apartment,8603.55,NY,Rochester,89683,Suburban,3,False,True,None,Heat Pump,B,137.39,False,142,2023-04-06,,Sold,2,2,3,88,5,23,Beautiful home in prime location,470438.14,2022-09-19
480730.08,276.49,244.9,10566.36,3706.57,1196.07,5,4.0,1983,Condo,7264.95,MA,Cambridge,30221,Suburban,3,False,True,Window Units,Oil,C,177.49,False,31,2023-09-06,,Sold,5,2,2,21,9,55,Beautiful home in prime location,417818.07,2022-05-24
376079.28,256.19,0.0,9831.69,2962.78,1619.91,4,1.0,1990,Townhouse,6151.06,WA,Tacoma,27534,Urban,1,False,True,Central,Forced Air,E,263.08,False,97,2023-10-10,,Sold,9,6,7,23,35,71,Beautiful home in prime location,306403.96,2022-10-27
703537.76,217.54,296.18,18745.01,5628.89,2001.93,3,1.0,1992,Multi-Family,5822.77,CO,Denver,78248,Rural,2,False,False,None,Heat Pump,C,252.94,True,8,2023-07-22,,Pending,8,1,3,1,91,42,Beautiful home in prime location,617610.81,2022-10-19
512359.78,237.14,317.21,12631.31,4115.52,1484.01,3,1.0,1994,Townhouse,6586.93,IL,Springfield,99388,Rural,3,False,True,Central,Gas,A,183.91,False,179,2023-07-26,,Pending,9,4,1,19,86,100,Beautiful home in prime location,411751.99,2022-07-24
645004.42,222.82,399.72,7636.66,4430.03,1667.69,3,2.0,1998,Townhouse,4075.81,NY,Buffalo,11149,Urban,3,False,True,Window Units,Gas,D,168.9,False,70,2023-03-26,,Sold,10,4,3,30,14,45,Beautiful home in prime location,565321.45,2022-03-05
465002.1,154.86,127.6,11639.95,3610.9,2060.66,2,2.5,2009,Multi-Family,4163.64,WA,Tacoma,99464,Urban,2,False,False,Window Units,Heat Pump,B,188.3,False,11,2023-04-10,,Pending,9,6,8,11,20,77,Beautiful home in prime location,418195.23,2022-07-12
738040.55,193.67,256.31,18259.81,5653.63,1618.97,3,2.0,1950,Single Family,6500.55,AZ,Tucson,88072,Rural,1,False,False,None,Gas,D,185.47,False,138,2023-04-02,,Pending,8,5,2,51,30,20,Beautiful home in prime location,630496.14,2022-11-01
381179.49,189.11,523.69,8187.13,3300.61,1547.51,1,4.0,1992,Apartment,4608.33,TX,Austin,40996,Urban,1,False,True,Central,Gas,B,188.76,True,52,2023-05-18,,Active,7,10,9,86,23,51,Beautiful home in prime location,331445.94,2022-04-09
504162.85,232.49,411.53,14889.13,4336.47,1188.29,5,2.5,1986,Apartment,6460.76,CA,Los Angeles,85779,Urban,0,False,True,None,Oil,B,163.37,False,149,2023-12-26,,New,10,10,4,60,17,49,Beautiful home in prime location,459241.94,2022-03-13
449800.04,174.24,117.24,10705.82,3456.86,722.4,3,1.5,1956,Apartment,7799.17,IL,Aurora,89902,Suburban,2,False,False,Central,Gas,D,198.47,False,39,2023-05-11,,New,7,8,7,59,1,70,Beautiful home in prime location,371544.09,2022-08-13
535620.11,247.11,302.28,9580.74,3996.99,1760.15,3,3.0,1974,Single Family,4691.72,GA,Savannah,78775,Rural,2,False,False,Window Units,Heat Pump,D,218.22,False,52,2023-11-10,,New,2,5,7,48,30,85,Beautiful home in prime location,472332.94,2022-09-11
234358.17,245.85,256.31,3817.71,1942.15,1386.21,4,4.0,1977,Single Family,8787.51,IL,Chicago,38640,Rural,1,False,True,None,Forced Air,A,195.91,False,174,2023-07-05,,New,5,9,3,8,51,2,Beautiful home in prime location,191289.55,2022-02-09
701638.22,252.43,296.18,14656.72,5283.32,2623.2,3,3.5,2002,Condo,5293.74,AZ,Phoenix,78759,Suburban,3,False,False,Window Units,Electric,C,257.56,False,33,2023-05-26,,Sold,6,9,7,56,14,57,Beautiful home in prime location,628744.97,2022-07-08
457550.01,228.57,141.17,7617.26,3246.92,2413.46,1,3.5,2001,Apartment,1810.4,CO,Colorado Springs,59010,Suburban,3,False,False,Window Units,Gas,C,183.24,True,98,2023-11-08,,New,3,3,1,33,91,68,Beautiful home in prime location,387530.55,2022-02-06
58289.68,103.92,17.53,1744.56,737.58,1829.76,5,2.0,2013,Multi-Family,9461.81,CO,Fort Collins,30270,Urban,3,False,True,Central,Gas,A,283.22,False,98,2023-06-05,,Sold,3,2,5,36,52,7,Beautiful home in prime location,52468.11,2022-02-21
261944.69,132.24,253.96,3241.64,2039.75,1868.04,4,1.0,1993,Single Family,6663.94,CO,Boulder,97669,Urban,0,False,False,Window Units,Electric,D,205.93,False,39,2023-12-04,,Active,8,9,1,52,22,75,Beautiful home in prime location,246973.29,2022-08-06
375367.33,205.58,387.91,11110.24,3379.92,2643.02,4,3.5,1999,Single Family,5639.58,IL,Aurora,13941,Rural,3,False,False,None,Gas,C,189.32,False,149,2023-12-04,,Pending,3,7,7,23,22,64,Beautiful home in prime location,346065.26,2022-12-19
343352.45,151.83,296.18,8217.66,2839.96,2794.48,2,1.0,1953,Apartment,8694.39,AZ,Mesa,25908,Urban,3,False,False,Central,Gas,D,142.21,False,172,2023-03-05,,Pending,9,3,7,93,96,43,Beautiful home in prime location,285849.29,2022-05-17
809982.58,145.88,153.31,13719.49,5464.24,1976.6,4,3.5,1988,Apartment,4297.9,CO,Boulder,48256,Urban,1,True,False,Central,Oil,E,117.73,False,131,2023-02-02,,Pending,9,10,7,30,49,75,Beautiful home in prime location,749334.02,2022-11-07
562367.56,254.53,523.69,9054.45,4270.01,1946.49,3,4.0,1986,Single Family,6238.43,CO,Boulder,45699,Rural,3,False,True,Window Units,Forced Air,A,179.95,False,62,2023-11-26,,Active,3,3,10,25,34,25,Beautiful home in prime location,452029.52,2022-04-19
507803.87,208.74,184.82,11577.67,3922.56,2457.58,4,1.0,1983,Single Family,4765.5,IL,Aurora,39381,Rural,0,True,True,Window Units,Gas,C,233.91,False,101,2023-11-14,,New,5,4,9,91,76,6,Beautiful home in prime location,433716.24,2022-10-27
688230.19,226.43,0.0,19556.94,5332.91,1502.89,3,3.5,2003,Single Family,3130.69,WA,Bellevue,80859,Urban,1,False,True,None,Oil,C,262.01,False,103,2023-09-19,,Active,8,9,9,39,88,36,Beautiful home in prime location,597268.75,2022-11-23
408624.83,202.29,156.59,4482.35,2743.86,1760.72,3,1.5,1987,Apartment,4717.24,TX,Houston,14836,Suburban,2,False,True,Window Units,Gas,A,170.62,True,0,2023-03-03,,Pending,6,1,6,58,74,61,Beautiful home in prime location,357729.31,2022-09-13
515407.62,210.21,189.1,11047.42,3839.05,2149.35,4,4.0,1959,Multi-Family,10114.97,TX,Dallas,29563,Suburban,1,False,False,Window Units,Gas,C,152.29,False,27,2023-12-07,,New,3,4,5,15,33,92,Beautiful home in prime location,450184.58,2022-04-22
622051.37,259.96,242.04,7440.52,4065.06,1447.57,2,4.0,1955,Townhouse,4285.19,AZ,Mesa,50577,Urban,0,True,True,Central,Electric,D,92.72,False,73,2023-08-15,,Active,9,1,10,80,64,4,Beautiful home in prime location,516286.52,2022-04-14
474886.62,126.63,181.88,7468.46,3423.67,1520.72,2,1.0,2004,Multi-Family,3734.08,WA,Seattle,33076,Urban,2,True,False,Window Units,Electric,C,244.99,False,97,2023-01-10,,Active,3,3,5,54,53,7,Beautiful home in prime location,421523.12,2022-05-16
375225.58,215.89,288.05,7207.28,3001.01,2242.21,3,1.5,2010,Condo,7104.75,NY,Albany,80424,Rural,1,False,True,Central,Electric,B,236.22,False,20,2023-07-02,,Sold,6,5,2,14,91,30,Beautiful home in prime location,308703.61,2022-11-17
436766.35,165.86,349.62,7383.02,3371.59,1294.04,4,3.5,2011,Multi-Family,4049.31,FL,Tampa,85051,Urban,2,False,False,Window Units,Oil,B,222.89,False,170,2023-03-16,,Active,6,6,10,15,97,36,Beautiful home in prime location,403853.33,2022-11-11
302363.73,197.37,361.1,7698.17,2666.12,1557.7,4,3.5,1964,Multi-Family,4466.71,FL,Miami,36101,Urban,2,False,True,None,Heat Pump,B,151.69,False,105,2023-12-04,,Pending,7,3,8,14,48,26,Beautiful home in prime location,263184.66,2022-07-14
473313.04,312.55,309.01,12695.42,3968.53,2167.31,6,1.5,1973,Condo,4707.32,CO,Colorado Springs,52630,Rural,0,False,False,None,Heat Pump,A,235.01,False,7,2023-11-10,,Pending,3,10,3,93,94,31,Beautiful home in prime location,422180.87,2022-06-26
694600.52,271.93,349.62,11825.16,5027.88,1706.22,4,2.0,2007,Apartment,3429.44,TX,Houston,46649,Rural,2,False,False,None,Gas,B,219.83,False,94,2023-06-15,,Active,8,10,9,71,0,96,Beautiful home in prime location,594658.34,2022-08-26
294586.65,302.32,465.42,8426.61,2860.76,2027.32,3,3.0,1987,Multi-Family,6629.66,CA,Los Angeles,95716,Urban,0,True,True,None,Heat Pump,B,220.18,False,42,2023-01-09,,Sold,2,8,10,38,52,15,Beautiful home in prime location,237713.59,2022-05-16
432664.6,257.77,331.32,12248.4,3640.15,1960.19,5,3.5,1982,Townhouse,8068.29,FL,Orlando,60425,Suburban,3,False,False,Central,Electric,B,124.82,False,93,2023-07-08,,New,2,3,8,16,67,41,Beautiful home in prime location,378049.65,2022-01-14
193480.62,246.34,220.94,4547.65,1773.22,2383.52,3,3.0,1951,Single Family,5525.96,FL,Orlando,39079,Urban,3,False,True,Window Units,Electric,C,205.91,False,168,2023-08-14,,Sold,7,5,7,95,91,31,Beautiful home in prime location,155664.16,2022-05-10
264022.26,131.37,335.1,4603.79,2253.27,2090.34,4,2.0,1974,Multi-Family,6830.48,AZ,Mesa,10105,Urban,3,False,True,Central,Heat Pump,D,214.41,False,114,2023-04-15,,Pending,5,10,4,74,33,26,Beautiful home in prime location,223264.37,2022-01-21
436824.95,130.2,349.62,12586.31,3708.22,2480.32,4,3.0,2006,Single Family,3952.98,WA,Bellevue,26072,Urban,2,True,True,None,Oil,D,125.62,False,41,2023-12-27,,Pending,8,9,7,68,81,53,Beautiful home in prime location,414764.82,2022-08-08
569196.12,186.52,405.6,9135.26,4189.36,1098.52,3,1.0,1950,Multi-Family,6581.3,TX,San Antonio,77554,Rural,0,False,True,Central,Oil,E,176.51,False,38,2023-02-27,,Sold,1,1,2,70,89,24,Beautiful home in prime location,469219.8,2022-07-24
439382.48,220.81,360.02,8779.13,3468.58,1805.52,3,1.5,2013,Multi-Family,8278.05,TX,San Antonio,54389,Rural,0,False,False,Central,Heat Pump,C,180.05,False,30,2023-08-11,,Active,8,9,8,30,24,26,Beautiful home in prime location,405449.54,2022-04-03
311420.27,178.63,288.05,9230.56,2874.34,1685.01,3,1.5,1956,Single Family,3656.64,CA,San Francisco,82561,Suburban,0,True,False,Window Units,Heat Pump,A,259.97,False,43,2023-12-27,,Sold,5,10,2,66,14,43,Beautiful home in prime location,265578.51,2022-06-06
400451.97,188.72,267.85,10579.33,3358.95,2084.68,6,2.5,1955,Townhouse,6868.55,CA,Los Angeles,77432,Rural,1,False,True,Central,Oil,D,207.23,True,81,2023-05-21,,Pending,4,5,3,54,77,4,Beautiful home in prime location,365212.41,2022-07-20
655861.36,217.04,319.51,10651.52,4754.78,1815.24,1,1.0,2021,Single Family,7169.28,TX,Austin,56787,Rural,1,True,False,Window Units,Electric,C,268.34,False,18,2023-09-11,,New,2,5,8,22,3,14,Beautiful home in prime location,559095.78,2022-11-06
481253.17,217.79,185.24,7010.45,3367.63,1400.42,4,4.0,2001,Single Family,8943.38,IL,Aurora,98206,Rural,2,True,False,None,Oil,C,191.92,False,117,2023-07-10,,Pending,10,6,7,2,63,19,Beautiful home in prime location,397197.57,2022-06-13
474319.26,81.89,185.24,11497.56,3704.48,2099.41,6,1.0,1965,Townhouse,9862.39,IL,Springfield,40790,Urban,0,False,False,Window Units,Oil,C,189.51,False,112,2023-12-09,,New,9,6,5,66,99,100,Beautiful home in prime location,427353.17,2022-11-06
368585.52,237.79,253.96,7889.42,2960.2,2629.44,5,2.5,1965,Apartment,5970.33,AZ,Mesa,25045,Rural,0,False,True,Window Units,Oil,E,205.86,False,159,2023-03-22,,Sold,9,10,9,97,96,88,Beautiful home in prime location,318911.58,2022-06-23
460745.11,186.24,317.21,13354.87,3872.75,2020.63,5,2.0,1982,Townhouse,7148.88,FL,Jacksonville,39911,Rural,3,False,True,Window Units,Gas,D,138.91,False,102,2023-05-04,,New,2,10,1,12,97,16,Beautiful home in prime location,429159.0,2022-02-03
354346.3,185.74,330.19,8026.89,2945.22,1717.9,3,1.5,2021,Single Family,2293.64,CA,Sacramento,42851,Rural,0,False,False,Window Units,Heat Pump,B,174.39,False,66,2023-02-02,,Active,6,3,7,86,1,75,Beautiful home in prime location,284925.95,2022-05-10
388133.6,288.83,323.6,10448.92,3313.47,2069.38,4,2.5,1993,Townhouse,11443.05,IL,Aurora,15766,Rural,3,True,True,Window Units,Oil,E,178.47,False,5,2023-08-26,,Active,2,5,2,35,44,48,Beautiful home in prime location,344380.51,2022-09-16
453548.17,167.06,260.07,13202.96,3732.91,1811.06,4,1.0,2016,Multi-Family,3522.76,MA,Worcester,38832,Rural,3,False,False,Window Units,Electric,C,104.85,False,103,2023-02-19,,New,9,7,1,56,54,46,Beautiful home in prime location,375167.38,2022-05-25
297307.84,296.74,285.27,8147.37,2597.34,2588.69,2,3.5,2023,Apartment,6618.98,GA,Athens,93127,Rural,2,False,False,None,Forced Air,C,146.58,False,82,2023-05-10,,New,5,7,8,40,90,86,Beautiful home in prime location,264021.64,2022-11-21
577487.68,213.63,309.01,13137.33,4518.54,2258.14,4,3.0,2019,Townhouse,5439.63,NY,New York City,84241,Urban,3,False,True,None,Forced Air,B,227.32,False,53,2023-10-02,,New,2,10,6,38,17,12,Beautiful home in prime location,496479.21,2022-02-11
597683.67,195.26,207.94,13566.67,4561.48,1396.22,3,1.5,1954,Condo,6484.18,CA,San Francisco,52565,Rural,0,False,True,None,Forced Air,E,234.56,False,127,2023-07-13,,Active,4,5,3,68,75,6,Beautiful home in prime location,518297.35,2022-10-19
332654.9,191.14,345.94,9578.57,3024.25,1372.62,3,3.5,1984,Multi-Family,7692.56,NY,Rochester,38661,Rural,3,False,False,Central,Heat Pump,B,216.82,False,91,2023-10-05,,Sold,2,5,4,79,35,89,Beautiful home in prime location,274243.72,2022-03-21
355990.76,162.28,318.37,5509.74,2828.88,2032.96,5,1.5,1997,Multi-Family,4526.03,IL,Aurora,49900,Suburban,2,False,True,Window Units,Gas,C,271.41,False,169,2023-08-15,,Sold,4,2,10,62,30,8,Beautiful home in prime location,329173.35,2022-06-25
715845.62,178.95,424.18,9934.05,5054.62,1743.31,5,4.0,2012,Condo,6297.75,NY,Rochester,98516,Suburban,2,False,False,Window Units,Heat Pump,C,223.37,False,4,2023-04-23,,Pending,7,8,4,72,18,80,Beautiful home in prime location,638732.18,2022-05-08
512829.98,168.13,191.47,7775.21,3588.0,2679.11,3,2.0,1980,Multi-Family,6496.49,CO,Fort Collins,89135,Suburban,2,False,False,Central,Oil,E,184.45,False,142,2023-03-18,,Active,4,3,2,96,44,54,Beautiful home in prime location,411239.14,2022-04-12
600110.24,178.39,141.17,13259.79,4448.2,1651.05,4,4.0,2003,Townhouse,7851.87,CA,San Diego,60823,Urban,3,True,False,Central,Heat Pump,B,201.5,False,24,2023-07-19,,Active,8,1,10,34,93,5,Beautiful home in prime location,485747.85,2022-03-26
260270.64,173.77,331.32,3923.03,2150.55,1963.22,1,1.5,2020,Multi-Family,9378.91,AZ,Tucson,44832,Suburban,3,False,False,Window Units,Oil,A,190.96,False,100,2023-05-08,,New,3,2,5,93,81,73,Beautiful home in prime location,214021.1,2022-08-16
625451.8,249.6,396.8,14354.93,4870.2,2194.22,3,2.0,1960,Single Family,3165.03,WA,Seattle,22513,Suburban,1,False,True,Central,Gas,A,149.89,False,169,2023-01-22,,Pending,3,5,6,58,20,88,Beautiful home in prime location,561635.18,2022-08-15
296353.23,120.46,242.04,7828.15,2618.91,1902.34,2,2.5,1952,Townhouse,4856.27,CO,Fort Collins,48414,Rural,1,False,False,None,Electric,B,242.77,False,150,2023-08-20,,Sold,4,4,1,37,70,63,Beautiful home in prime location,240794.51,2022-02-23
98350.27,156.48,265.69,2914.86,1217.88,2374.5,5,4.0,1981,Apartment,3055.82,AZ,Tucson,62209,Suburban,1,False,True,Window Units,Gas,C,217.53,False,58,2023-07-27,,New,1,7,5,57,99,97,Beautiful home in prime location,78972.2,2022-06-10
583596.03,211.12,319.51,10465.13,4419.74,2143.98,2,2.0,1969,Townhouse,7616.9,CA,San Diego,28057,Suburban,2,False,True,Window Units,Oil,B,310.16,False,45,2023-09-22,,Pending,1,7,3,15,28,56,Beautiful home in prime location,512092.14,2022-12-13
608754.18,176.41,197.37,12518.27,4431.28,1681.07,3,4.0,1971,Apartment,5513.12,WA,Spokane,86122,Rural,0,False,True,Central,Oil,C,146.95,False,49,2023-09-17,,New,3,2,1,85,40,55,Beautiful home in prime location,577566.73,2022-02-06
232605.21,196.85,318.71,6249.9,2253.18,1973.42,5,4.0,2022,Townhouse,5803.1,GA,Atlanta,46016,Rural,0,False,True,None,Forced Air,A,250.62,False,102,2023-11-22,,Active,7,4,7,58,21,45,Beautiful home in prime location,216655.3,2022-04-23
740622.85,127.85,387.91,17518.43,5785.53,2431.2,3,4.0,1958,Multi-Family,6137.89,FL,Miami,17633,Suburban,1,False,False,Central,Forced Air,A,234.64,False,160,2023-02-12,,Active,5,2,1,94,91,48,Beautiful home in prime location,678258.91,2022-03-23
683207.4,156.57,265.69,17942.66,5398.21,1573.11,3,1.0,1966,Single Family,3665.05,TX,Austin,10681,Suburban,2,False,True,Central,Forced Air,A,221.26,True,148,2023-02-15,,New,5,1,2,68,9,71,Beautiful home in prime location,566727.42,2022-05-16
388002.07,186.91,399.72,8878.27,3232.93,2217.15,4,1.0,1996,Townhouse,4655.78,TX,San Antonio,23005,Rural,3,False,False,Central,Heat Pump,A,153.34,False,86,2023-01-11,,Sold,9,8,9,45,26,8,Beautiful home in prime location,315752.15,2022-10-23
590806.92,230.46,127.98,11044.16,4190.38,2672.97,4,3.5,1987,Condo,7511.74,GA,Athens,67635,Rural,0,False,True,Central,Electric,C,188.02,False,117,2023-01-24,,Active,6,6,1,85,65,32,Beautiful home in prime location,523158.94,2022-03-01
586422.59,172.47,153.31,12751.59,4325.36,1521.21,3,2.0,1990,Condo,5773.3,IL,Springfield,97548,Rural,1,False,False,Central,Oil,A,177.31,False,48,2023-05-27,,Pending,3,10,8,57,8,99,Beautiful home in prime location,506301.77,2022-02-05
591166.01,239.8,256.43,8703.64,4207.05,2834.06,2,1.0,1982,Townhouse,5749.07,CA,Los Angeles,19344,Suburban,0,False,False,Window Units,Forced Air,E,269.49,True,119,2023-10-22,,Pending,4,6,3,61,5,66,Beautiful home in prime location,545253.02,2022-06-17
579051.52,134.66,153.31,6489.27,3809.26,2281.47,3,2.0,1958,Condo,4673.18,CA,San Diego,19137,Rural,2,False,True,None,Gas,D,219.92,False,133,2023-06-10,,Sold,3,4,8,72,48,96,Beautiful home in prime location,537194.92,2022-07-21
32630.4,260.29,281.87,716.05,673.38,3146.51,2,2.0,1984,Multi-Family,165.23,IL,Chicago,26086,Suburban,0,False,True,Window Units,Electric,C,168.69,False,50,2023-08-13,,New,2,9,9,53,5,46,Beautiful home in prime location,30163.78,2022-04-03
288470.59,236.2,153.31,8241.91,2544.49,1495.99,3,1.5,2022,Multi-Family,9045.38,AZ,Mesa,24348,Suburban,0,False,True,Window Units,Gas,C,262.0,False,96,2023-10-27,,New,8,2,2,9,47,87,Beautiful home in prime location,241291.39,2022-06-26
528781.74,236.52,256.31,8988.87,3880.16,1573.03,3,1.5,2020,Apartment,5363.93,IL,Springfield,61462,Rural,3,False,True,None,Gas,C,230.87,False,25,2023-01-17,,Sold,3,4,5,31,19,21,Beautiful home in prime location,426884.18,2022-03-26
351646.48,159.19,345.94,5984.12,2748.59,2515.74,4,3.0,1997,Multi-Family,8071.61,CO,Denver,28199,Suburban,2,False,True,Window Units,Forced Air,E,145.74,False,164,2023-10-02,,Pending,1,1,7,27,16,57,Beautiful home in prime location,332620.26,2022-04-08
579923.46,181.57,265.69,6215.84,3864.4,2231.77,4,2.0,2012,Condo,2416.96,TX,San Antonio,85156,Suburban,0,True,True,None,Gas,B,181.11,False,89,2023-05-26,,New,7,8,9,70,66,67,Beautiful home in prime location,510544.03,2022-10-08
411103.41,199.64,220.94,5531.36,2964.64,1619.99,2,1.5,2003,Single Family,6434.83,IL,Chicago,42596,Rural,1,True,True,Central,Forced Air,A,227.24,False,1,2023-06-10,,Sold,3,4,4,87,59,79,Beautiful home in prime location,369293.32,2022-11-04
681988.04,183.58,239.22,9847.83,4630.25,1811.27,3,1.5,1958,Condo,7671.23,CO,Colorado Springs,57887,Rural,1,True,False,None,Gas,A,160.44,False,15,2023-08-25,,Active,8,1,6,16,72,79,Beautiful home in prime location,627519.6,2022-02-17
482536.08,217.91,494.05,6980.19,3665.96,2605.32,5,1.0,1961,Apartment,5514.27,IL,Aurora,37191,Rural,0,False,False,None,Heat Pump,C,177.55,False,108,2023-07-22,,Sold,9,9,3,70,48,7,Beautiful home in prime location,430201.5,2022-09-26
342972.77,132.05,162.56,7022.34,2581.34,1981.31,2,2.0,1960,Multi-Family,6304.55,CA,Sacramento,78344,Urban,3,False,False,None,Oil,D,118.72,False,96,2023-05-16,,Sold,8,6,6,38,23,86,Beautiful home in prime location,296855.28,2022-05-14
321415.51,153.54,458.73,3912.12,2598.75,1866.52,3,3.0,1974,Condo,797.8,FL,Miami,47762,Rural,1,True,True,Central,Heat Pump,A,206.93,False,76,2023-01-18,,New,3,7,4,13,31,80,Beautiful home in prime location,289185.94,2022-11-05
559480.89,142.94,323.6,14683.12,4566.59,1647.88,3,3.0,1963,Townhouse,6167.77,CA,San Diego,90646,Suburban,0,False,False,None,Heat Pump,D,222.0,False,103,2023-06-01,,Sold,1,5,5,77,39,12,Beautiful home in prime location,482340.16,2022-09-22
306391.84,207.09,156.59,7795.44,2485.18,1800.51,5,4.0,2021,Single Family,6235.77,NY,Albany,40797,Urban,0,False,True,None,Forced Air,D,147.01,False,72,2023-08-05,,Pending,4,3,3,92,72,100,Beautiful home in prime location,260490.87,2022-08-18
462529.35,272.78,204.55,7926.41,3341.97,2797.01,4,1.5,1988,Condo,8687.39,TX,Austin,38690,Urban,3,False,False,Central,Heat Pump,C,164.24,False,171,2023-06-07,,Pending,1,2,9,43,46,57,Beautiful home in prime location,397530.65,2022-11-06
600260.18,197.39,411.53,6929.71,4219.01,1434.5,3,2.0,1989,Single Family,5861.81,MA,Boston,52746,Suburban,2,False,True,Central,Forced Air,A,228.71,False,176,2023-11-02,,Pending,4,1,2,16,20,38,Beautiful home in prime location,561574.69,2022-07-22
800108.97,239.51,374.86,19637.46,6200.15,2846.96,3,3.0,1987,Apartment,4807.55,GA,Atlanta,32892,Suburban,2,False,True,Central,Forced Air,E,188.29,False,150,2023-02-19,,New,1,4,10,32,64,96,Beautiful home in prime location,672091.85,2022-09-04
417990.17,188.39,256.43,10574.05,3434.52,1822.31,2,3.0,1967,Condo,6548.34,MA,Worcester,31474,Rural,2,False,True,Window Units,Oil,C,206.97,False,123,2023-02-10,,Sold,6,10,8,53,65,17,Beautiful home in prime location,386144.64,2022-05-09
456678.87,229.21,494.51,4782.91,3368.61,1980.04,4,3.5,1977,Townhouse,5059.99,NY,New York City,38411,Urban,1,False,False,None,Electric,A,192.13,False,46,2023-02-12,,Active,7,3,1,85,9,24,Beautiful home in prime location,424495.68,2022-08-13
517623.08,211.61,335.1,6398.79,3588.01,1237.79,3,4.0,2003,Single Family,5575.0,MA,Springfield,26959,Urban,3,False,True,Window Units,Oil,C,131.56,True,176,2023-04-24,,Pending,7,1,3,94,40,59,Beautiful home in prime location,441625.18,2022-09-20
471672.9,264.08,180.9,7805.66,3312.88,605.88,5,1.5,1980,Apartment,7592.93,MA,Boston,45304,Rural,3,False,True,Central,Heat Pump,D,123.14,False,55,2023-08-16,,Pending,3,1,3,52,8,44,Beautiful home in prime location,427819.15,2022-03-08
398763.93,239.38,433.68,8999.18,3543.57,1017.37,4,1.5,2013,Single Family,2751.69,GA,Atlanta,88375,Suburban,3,False,True,None,Forced Air,E,366.14,False,79,2023-02-16,,Sold,10,10,6,88,71,77,Beautiful home in prime location,336698.48,2022-06-06
381139.81,277.22,288.05,7608.99,2957.77,1758.27,4,4.0,1993,Multi-Family,3798.19,FL,Orlando,46805,Suburban,3,False,True,Window Units,Forced Air,D,129.94,False,36,2023-03-25,,Sold,3,4,7,71,98,25,Beautiful home in prime location,342638.54,2022-12-07
421623.94,217.37,411.53,7493.76,3387.73,2366.88,4,3.5,1973,Townhouse,8914.94,AZ,Scottsdale,55175,Suburban,3,True,False,Window Units,Forced Air,E,243.6,False,70,2023-09-10,,Active,2,3,2,61,5,3,Beautiful home in prime location,385210.19,2022-03-10
569766.5,236.74,261.4,9366.16,4090.55,2057.14,1,1.0,1999,Condo,7251.88,IL,Naperville,43090,Rural,0,True,False,Window Units,Heat Pump,C,199.81,False,48,2023-07-24,,Active,9,1,10,44,2,45,Beautiful home in prime location,510455.4,2022-01-23
598859.95,193.43,494.05,17914.95,5169.31,2537.39,2,1.0,1959,Townhouse,7149.03,AZ,Phoenix,92420,Suburban,3,False,True,None,Oil,D,188.05,False,78,2023-09-20,,Pending,8,10,7,91,63,79,Beautiful home in prime location,487167.23,2022-09-09
305104.1,206.0,405.6,3904.03,2392.85,2206.6,4,3.0,1985,Condo,6185.66,TX,San Antonio,75240,Urban,1,False,True,Window Units,Forced Air,E,136.39,False,179,2023-01-04,,Active,6,3,2,57,16,34,Beautiful home in prime location,280091.2,2022-04-22
662854.08,186.75,153.31,17296.7,5151.21,2985.45,6,3.0,2012,Apartment,6626.4,NY,Albany,22629,Rural,2,False,True,Window Units,Electric,B,242.23,False,44,2023-12-02,,New,1,3,8,30,76,28,Beautiful home in prime location,627914.85,2022-12-18
417139.06,216.71,271.7,11375.31,3438.15,2324.61,3,3.0,1970,Multi-Family,551.12,TX,Austin,22081,Suburban,2,True,False,None,Electric,B,132.8,False,154,2023-02-22,,Pending,4,5,10,12,100,56,Beautiful home in prime location,350307.73,2022-09-05
589025.65,236.92,396.8,7898.83,4213.32,2223.46,2,4.0,2001,Apartment,2805.86,CO,Colorado Springs,37203,Suburban,3,False,False,Window Units,Heat Pump,E,213.15,False,61,2023-03-26,,Sold,8,5,3,42,64,13,Beautiful home in prime location,506943.58,2022-04-20
533133.71,158.69,315.82,15443.15,4525.56,2100.69,3,1.5,1963,Townhouse,7688.5,MA,Worcester,48975,Rural,1,True,True,Central,Forced Air,C,257.14,False,108,2023-08-02,,New,1,3,2,51,37,12,Beautiful home in prime location,431123.52,2022-02-06
271437.1,218.59,127.6,4153.52,1965.27,1504.8,3,3.0,2009,Townhouse,9285.55,MA,Worcester,99466,Rural,3,False,True,Central,Forced Air,D,134.36,False,6,2023-11-21,,Sold,8,7,4,73,23,66,Beautiful home in prime location,229126.11,2022-03-12
103687.17,169.35,191.47,1451.53,1053.4,2313.12,3,1.0,2010,Single Family,1946.13,WA,Bellevue,58957,Urban,1,False,True,None,Heat Pump,E,222.53,False,69,2023-02-18,,New,8,7,3,92,5,0,Beautiful home in prime location,97785.27,2022-08-10
529347.48,184.31,207.94,12533.16,4168.31,1048.74,4,1.5,1981,Single Family,9053.33,TX,Houston,93330,Urban,0,False,True,Window Units,Gas,C,269.2,False,35,2023-01-12,,Pending,5,5,10,22,65,26,Beautiful home in prime location,487840.84,2022-02-07
368991.52,137.61,287.93,8718.85,3041.23,2039.56,2,4.0,1995,Single Family,6367.14,CO,Boulder,45876,Suburban,1,False,False,Window Units,Heat Pump,A,181.78,False,172,2023-04-19,,Active,1,9,10,81,69,50,Beautiful home in prime location,329997.09,2022-12-17
288000.24,195.57,318.71,7528.98,2593.98,2097.04,3,4.0,1978,Apartment,5609.66,CO,Denver,38119,Rural,2,True,False,None,Electric,A,207.85,False,82,2023-05-26,,Pending,6,8,10,3,79,88,Beautiful home in prime location,236952.32,2022-10-03
537932.52,200.14,156.59,10801.97,3996.71,1437.15,3,1.5,1963,Condo,4477.53,FL,Orlando,86924,Rural,2,False,False,Window Units,Heat Pump,B,250.3,False,144,2023-06-06,,Active,7,3,10,51,77,10,Beautiful home in prime location,487415.35,2022-08-18
499535.48,181.63,204.55,7597.01,3530.06,1997.37,2,1.5,2005,Apartment,6295.17,CO,Denver,94618,Urban,3,True,False,Window Units,Heat Pump,B,194.74,False,95,2023-09-03,,Pending,8,4,4,3,58,79,Beautiful home in prime location,417882.06,2022-09-20
329514.11,273.8,405.6,3349.42,2486.73,2045.19,3,3.5,2018,Apartment,4032.73,AZ,Phoenix,45082,Urban,0,False,True,None,Oil,A,154.44,False,79,2023-01-23,,Sold,1,1,8,70,20,69,Beautiful home in prime location,298748.89,2022-05-20
427406.94,171.1,417.92,8375.82,3413.26,2031.63,2,1.5,1975,Apartment,5617.45,TX,Austin,93290,Suburban,2,True,True,None,Electric,E,160.32,True,31,2023-07-03,,New,2,9,2,9,91,77,Beautiful home in prime location,401563.56,2022-04-14
180392.55,228.17,153.31,2487.47,1393.69,1708.28,3,1.5,2022,Apartment,5542.37,AZ,Mesa,37296,Rural,0,True,True,Window Units,Heat Pump,D,131.13,False,146,2023-11-14,,Active,3,1,2,25,49,31,Beautiful home in prime location,157753.77,2022-01-06
398877.81,169.25,315.82,9276.31,3193.91,1721.34,3,4.0,1959,Apartment,8443.75,GA,Atlanta,84457,Urban,1,False,True,Central,Electric,B,110.67,False,112,2023-03-27,,New,2,6,6,37,67,43,Beautiful home in prime location,325410.26,2022-12-19
415995.12,141.11,247.61,11106.23,3452.6,1463.83,4,3.5,1959,Apartment,6869.31,TX,Austin,93692,Urban,2,False,False,Central,Gas,E,199.5,True,122,2023-03-10,,Sold,8,6,10,25,8,18,Beautiful home in prime location,344104.61,2022-09-26
638426.53,187.72,396.14,18994.32,5426.08,754.72,2,3.5,1965,Townhouse,6145.05,MA,Cambridge,64423,Suburban,0,True,True,Central,Electric,A,254.95,False,28,2023-07-11,,Sold,9,6,3,44,77,32,Beautiful home in prime location,602889.96,2022-02-07
312576.07,282.73,233.44,8083.81,2726.21,3222.25,5,1.0,1962,Townhouse,4500.81,CO,Denver,92698,Urban,1,False,False,Window Units,Forced Air,B,256.24,False,171,2023-02-25,,Active,1,1,7,55,9,90,Beautiful home in prime location,293151.47,2022-09-08
301987.55,241.42,57.87,7688.31,2425.49,2491.93,4,2.0,1986,Townhouse,9452.32,WA,Seattle,21470,Urban,2,False,False,Central,Forced Air,C,216.99,False,31,2023-11-04,,New,9,1,3,62,98,93,Beautiful home in prime location,256526.31,2022-11-21
558314.54,186.69,213.51,9988.43,4162.51,2343.71,4,1.5,2020,Townhouse,4177.21,CA,Sacramento,16286,Urban,1,False,False,Central,Heat Pump,C,325.06,False,109,2023-04-09,,Active,5,4,5,71,95,42,Beautiful home in prime location,468956.11,2022-04-07
660561.7,208.25,494.05,12917.93,5091.17,2083.99,4,4.0,1978,Apartment,5325.45,NY,Buffalo,94520,Rural,3,False,True,None,Oil,C,217.82,False,86,2023-01-14,,Sold,3,4,1,44,57,69,Beautiful home in prime location,621246.45,2022-01-17
442681.13,259.61,361.1,11959.24,3780.01,2682.45,3,2.0,2004,Multi-Family,10606.58,TX,Houston,29921,Rural,0,False,True,Window Units,Oil,A,208.91,True,126,2023-10-09,,Active,8,3,9,7,10,21,Beautiful home in prime location,362144.11,2022-03-18
113492.71,195.64,402.95,2874.31,1318.54,2026.05,2,4.0,1991,Single Family,8150.89,CO,Boulder,90776,Urban,0,False,True,Central,Gas,C,108.6,False,119,2023-08-03,,New,1,9,4,70,96,10,Beautiful home in prime location,101286.16,2022-09-02
462735.56,233.5,253.08,9358.6,3583.41,2614.8,3,2.0,1952,Townhouse,9191.9,GA,Savannah,88092,Rural,3,False,False,Central,Gas,E,236.77,False,124,2023-11-15,,New,6,4,9,43,4,10,Beautiful home in prime location,414649.66,2022-02-08
472736.92,125.12,309.01,10502.19,3809.35,1841.56,3,2.0,1996,Condo,8197.6,AZ,Phoenix,16386,Urban,2,False,False,Window Units,Heat Pump,C,261.47,False,146,2023-03-03,,Pending,1,6,9,85,55,27,Beautiful home in prime location,396014.1,2022-04-03
129645.94,162.83,213.51,3706.37,1350.4,1161.56,3,2.5,1977,Condo,7094.87,AZ,Scottsdale,85665,Suburban,3,True,False,Central,Electric,A,179.8,False,150,2023-02-22,,Active,6,3,1,11,7,30,Beautiful home in prime location,115269.61,2022-08-18
579820.65,208.96,244.76,9226.3,4107.03,2021.42,3,2.0,2012,Townhouse,2515.73,WA,Bellevue,33892,Urban,0,True,True,None,Forced Air,A,194.3,False,1,2023-02-16,,New,10,10,4,35,81,7,Beautiful home in prime location,530395.39,2022-03-25
504673.85,190.96,265.69,9833.07,3822.61,2149.73,3,4.0,1999,Multi-Family,6291.32,WA,Tacoma,31236,Urban,0,False,False,Window Units,Electric,E,214.13,False,157,2023-08-04,,Active,10,3,10,77,17,98,Beautiful home in prime location,420132.67,2022-07-21
510112.76,160.72,318.37,10380.58,3939.44,2294.91,2,3.5,2012,Condo,10150.9,CO,Boulder,18277,Suburban,0,False,False,Central,Forced Air,C,205.46,True,120,2023-03-09,,Active,2,2,8,93,40,94,Beautiful home in prime location,470693.89,2022-11-19
433607.3,194.26,244.76,5628.83,3107.88,2183.04,4,3.0,2015,Multi-Family,3287.54,GA,Atlanta,85445,Rural,0,False,True,Central,Oil,B,226.02,False,171,2023-06-02,,Active,7,3,3,4,20,69,Beautiful home in prime location,377745.62,2022-10-24
475014.19,165.2,285.27,6320.86,3377.63,1806.81,3,2.5,2010,Single Family,5203.87,IL,Springfield,89489,Suburban,0,False,True,Central,Electric,D,190.55,False,39,2023-06-19,,Sold,9,6,8,95,18,76,Beautiful home in prime location,449702.03,2022-09-16
200180.89,216.94,411.53,4272.85,1907.08,1868.15,6,3.0,1963,Multi-Family,5198.83,MA,Springfield,22206,Urban,0,False,False,Window Units,Electric,A,138.58,False,157,2023-07-24,,New,2,9,7,47,45,1,Beautiful home in prime location,176424.31,2022-12-22
793388.03,177.17,220.94,14884.32,5645.72,1795.29,3,3.5,2006,Single Family,6211.97,NY,Buffalo,95542,Urban,0,False,False,None,Oil,B,217.48,False,158,2023-06-25,,New,5,3,6,16,15,62,Beautiful home in prime location,723416.14,2022-04-11
266405.98,115.32,396.14,7808.01,2606.29,876.04,5,1.5,1997,Single Family,3129.94,FL,Jacksonville,45965,Urban,0,True,True,Central,Electric,A,227.46,False,136,2023-12-22,,Active,5,7,2,64,95,5,Beautiful home in prime location,247333.41,2022-12-16
441835.58,198.19,180.9,7727.87,3293.83,2057.53,2,4.0,1981,Single Family,6188.66,FL,Jacksonville,33004,Urban,0,False,False,Central,Forced Air,D,259.76,False,82,2023-09-02,,Active,4,1,5,81,96,36,Beautiful home in prime location,388168.26,2022-01-17
384934.51,125.99,310.79,6564.11,2948.8,1995.54,3,2.5,2007,Single Family,7494.51,AZ,Mesa,49352,Rural,2,False,False,None,Heat Pump,B,166.33,True,70,2023-03-11,,Active,6,9,1,75,6,81,Beautiful home in prime location,360486.35,2022-09-04
760839.26,184.93,310.79,20386.94,6003.36,1601.3,4,2.5,2011,Apartment,5900.98,CO,Denver,39911,Rural,1,False,False,Window Units,Electric,B,189.47,False,124,2023-08-18,,Pending,2,1,9,21,85,49,Beautiful home in prime location,623017.27,2022-02-26
276593.76,220.12,197.37,4966.93,2236.99,2363.24,6,1.5,2005,Condo,7174.13,FL,Orlando,63136,Suburban,3,True,False,Central,Gas,C,242.74,True,165,2023-11-24,,Pending,1,10,8,51,69,63,Beautiful home in prime location,225582.93,2022-05-09
248143.11,184.75,267.85,6223.77,2274.75,1486.11,4,1.0,1965,Condo,5234.39,IL,Chicago,52100,Rural,1,False,True,None,Forced Air,A,247.54,False,141,2023-12-02,,Sold,3,9,1,80,78,53,Beautiful home in prime location,232362.19,2022-05-20
357540.39,204.29,117.24,7270.99,2804.44,1969.16,1,2.0,1974,Condo,6723.81,TX,Austin,31569,Suburban,0,True,False,Window Units,Oil,D,293.58,False,85,2023-09-21,,Active,5,7,9,80,6,93,Beautiful home in prime location,303653.65,2022-06-20
434048.31,119.99,387.91,9655.63,3529.11,1887.92,3,3.0,1981,Townhouse,6056.59,GA,Athens,85749,Suburban,2,False,False,Window Units,Gas,C,166.32,False,107,2023-04-05,,New,9,9,9,97,74,94,Beautiful home in prime location,369313.59,2022-07-22
634540.21,212.35,141.17,17675.93,5025.23,1986.84,3,4.0,2016,Multi-Family,5199.91,NY,Buffalo,12931,Rural,1,False,False,Central,Forced Air,B,238.37,False,168,2023-06-01,,New,7,1,5,66,79,90,Beautiful home in prime location,548461.75,2022-09-16
269537.76,144.24,271.7,6729.98,2352.41,1014.23,6,3.5,1997,Condo,2788.98,FL,Miami,45463,Rural,3,False,False,None,Oil,D,172.19,False,159,2023-07-16,,Sold,4,1,8,34,56,85,Beautiful home in prime location,255119.62,2022-08-07
465745.94,239.81,141.17,6225.66,3174.75,2029.89,5,3.0,1964,Single Family,3983.84,CO,Fort Collins,66713,Urban,1,False,True,Window Units,Oil,A,186.05,False,106,2023-03-01,,Pending,9,6,4,20,22,62,Beautiful home in prime location,390751.13,2022-06-01
565104.37,254.81,424.18,6251.91,3997.78,2026.13,5,3.5,1997,Townhouse,6452.87,IL,Chicago,94664,Rural,2,False,True,Window Units,Electric,D,227.08,False,126,2023-11-03,,Sold,1,8,6,70,28,2,Beautiful home in prime location,498063.6,2022-07-18
561642.78,167.32,367.76,6094.63,3994.58,2410.32,3,3.0,1994,Multi-Family,8118.27,IL,Naperville,98928,Urban,3,False,True,None,Heat Pump,B,310.72,False,13,2023-08-13,,Sold,8,3,1,40,46,8,Beautiful home in prime location,473290.15,2022-08-23
614722.73,219.49,374.86,7277.65,4286.08,1409.86,3,1.5,1996,Townhouse,5756.69,IL,Chicago,77554,Rural,2,False,False,Central,Forced Air,A,231.13,False,164,2023-01-06,,Sold,7,9,7,71,15,18,Beautiful home in prime location,582320.04,2022-01-06
497168.8,159.06,244.76,12500.54,3913.82,1391.77,3,3.5,1964,Single Family,5503.58,NY,New York City,58369,Suburban,2,False,True,Central,Heat Pump,B,141.5,False,101,2023-01-05,,New,6,6,2,65,55,70,Beautiful home in prime location,464509.55,2022-08-22
266122.53,145.65,213.51,6094.24,2248.76,2090.8,6,2.5,2010,Apartment,6331.34,IL,Aurora,56928,Urban,1,False,False,None,Electric,B,196.78,True,23,2023-09-02,,Pending,10,3,5,13,88,17,Beautiful home in prime location,241782.75,2022-01-21
475330.12,111.59,57.87,11688.97,3565.78,2053.06,3,2.0,1957,Apartment,6769.0,FL,Tampa,17687,Suburban,3,True,False,Central,Electric,A,157.18,False,114,2023-01-18,,Active,1,3,7,57,67,6,Beautiful home in prime location,410907.13,2022-01-05
557984.42,248.1,458.73,9903.49,4289.39,1825.51,2,1.5,1961,Condo,8021.96,CO,Fort Collins,88060,Suburban,2,False,False,Central,Forced Air,B,215.45,False,112,2023-02-06,,Sold,5,2,8,76,60,20,Beautiful home in prime location,463760.98,2022-07-22
455646.82,206.33,315.82,7055.92,3381.89,2053.17,4,1.5,1983,Apartment,5582.91,GA,Savannah,88373,Suburban,3,True,False,Window Units,Forced Air,A,199.84,False,41,2023-07-20,,Pending,4,1,5,59,5,11,Beautiful home in prime location,426009.17,2022-05-26
330796.36,186.67,299.2,8879.9,2818.34,1658.69,4,1.0,2003,Townhouse,3413.89,CA,Los Angeles,73285,Urban,2,False,True,None,Oil,A,125.16,False,97,2023-09-24,,Sold,1,5,7,99,75,67,Beautiful home in prime location,282509.0,2022-04-09
610414.8,205.88,424.18,12925.04,4730.09,1528.61,3,4.0,1968,Condo,9375.16,NY,Buffalo,93613,Suburban,3,True,False,Central,Heat Pump,A,176.75,False,95,2023-03-22,,New,8,4,1,57,38,76,Beautiful home in prime location,579364.34,2022-03-25
494977.37,259.65,338.07,8636.43,3720.98,2604.44,3,2.0,2010,Condo,6642.82,FL,Miami,72580,Urban,1,False,False,Central,Electric,C,188.32,True,121,2023-03-20,,Pending,10,3,6,77,46,20,Beautiful home in prime location,440659.31,2022-06-04
522348.51,101.52,396.8,10427.95,4079.24,1861.43,3,3.5,2003,Townhouse,6383.82,NY,New York City,50440,Suburban,3,False,True,Window Units,Electric,E,201.7,False,95,2023-05-13,,New,7,5,2,10,89,70,Beautiful home in prime location,419152.11,2022-10-02
187404.37,197.54,465.42,4735.01,2020.73,1128.55,6,4.0,1970,Condo,7274.54,CA,Sacramento,13966,Urban,1,False,True,Central,Electric,C,223.7,False,37,2023-01-19,,Active,5,8,3,18,19,33,Beautiful home in prime location,160537.82,2022-12-21
221560.32,142.5,296.18,3614.76,1893.21,2481.1,3,2.5,1980,Multi-Family,7602.27,WA,Seattle,47977,Urban,2,False,True,Central,Heat Pump,B,187.99,False,91,2023-08-03,,New,10,8,7,0,20,67,Beautiful home in prime location,188738.9,2022-02-04
222077.35,117.56,247.61,4707.02,1999.78,2801.1,2,2.0,1989,Townhouse,6567.61,GA,Atlanta,53635,Urban,0,False,True,None,Gas,A,249.53,False,161,2023-11-23,,Pending,9,5,1,83,29,67,Beautiful home in prime location,194898.73,2022-07-02
520289.18,145.04,424.18,11132.13,4144.33,2386.56,2,3.0,2011,Single Family,5172.07,TX,Austin,27337,Urban,2,False,True,Window Units,Gas,E,191.03,False,173,2023-10-16,,Pending,3,8,10,18,20,93,Beautiful home in prime location,489178.48,2022-07-10
249062.14,186.35,239.22,4013.67,1990.25,2373.86,3,3.0,2008,Townhouse,7350.89,CA,Sacramento,18548,Urban,3,True,False,Window Units,Forced Air,C,171.25,False,69,2023-10-07,,New,9,6,9,4,78,38,Beautiful home in prime location,204619.06,2022-03-03
467155.57,268.02,458.73,12115.18,4081.42,2191.87,2,2.0,1959,Multi-Family,7251.04,GA,Augusta,48180,Urban,0,False,True,Window Units,Electric,B,277.31,False,54,2023-01-10,,Pending,8,2,4,4,15,47,Beautiful home in prime location,412086.13,2022-10-12
275647.75,98.78,180.9,3387.4,2035.21,1669.37,1,3.0,1955,Townhouse,8143.51,AZ,Mesa,31827,Rural,0,False,True,None,Gas,E,193.79,False,22,2023-01-06,,Active,9,6,3,70,25,0,Beautiful home in prime location,241684.53,2022-01-10
484420.7,196.77,239.22,12427.52,3728.2,1687.1,3,4.0,1950,Townhouse,5946.36,AZ,Mesa,27053,Suburban,1,True,True,Central,Electric,D,31.25,False,18,2023-02-14,,Sold,4,3,3,82,53,62,Beautiful home in prime location,390036.34,2022-07-23
290267.6,304.64,299.2,5240.6,2429.28,2217.89,3,3.0,1970,Multi-Family,8885.95,GA,Athens,50834,Urban,1,False,False,None,Oil,A,242.02,True,57,2023-09-25,,Pending,6,9,4,81,20,99,Beautiful home in prime location,247730.85,2022-09-25
417204.83,229.49,366.41,9626.05,3282.74,2584.74,2,3.0,1973,Condo,4524.74,FL,Miami,55307,Urban,2,False,True,Window Units,Gas,D,28.13,False,13,2023-02-06,,Pending,5,3,1,78,31,9,Beautiful home in prime location,344591.7,2022-06-15
150498.26,171.23,359.55,2814.17,1525.97,2309.37,2,1.0,1962,Townhouse,4753.25,NY,Buffalo,78546,Urban,3,False,True,None,Electric,D,179.41,False,69,2023-09-27,,Active,5,7,8,53,67,73,Beautiful home in prime location,139665.88,2022-07-23
570080.95,161.79,247.82,9771.34,4070.63,2213.26,1,1.5,2015,Condo,5513.15,NY,Buffalo,88412,Rural,3,False,True,None,Oil,B,158.12,False,119,2023-09-10,,New,10,9,7,57,39,55,Beautiful home in prime location,509687.85,2022-01-02
233418.71,200.08,235.35,2546.69,1844.64,1916.07,6,2.0,1965,Single Family,6816.31,GA,Atlanta,34041,Urban,3,False,True,Window Units,Gas,E,229.98,False,156,2023-11-15,,Active,1,8,9,54,41,0,Beautiful home in prime location,187696.27,2022-07-08
901588.34,212.54,207.94,26226.59,7036.52,2523.86,4,1.5,1982,Townhouse,5585.39,CO,Denver,63619,Urban,1,False,False,Window Units,Forced Air,D,135.09,False,100,2023-11-08,,Active,2,10,4,85,91,60,Beautiful home in prime location,818999.25,2022-07-15
452822.93,209.64,348.82,11860.57,3821.9,2291.6,3,1.0,2007,Multi-Family,8625.87,CA,San Francisco,82006,Urban,3,True,True,Central,Gas,C,220.59,False,26,2023-11-22,,Pending,2,2,9,81,75,13,Beautiful home in prime location,366096.45,2022-07-05
492369.21,177.23,387.91,9432.73,3900.59,2192.14,3,2.5,1987,Apartment,3211.04,WA,Tacoma,40910,Urban,0,True,False,Window Units,Forced Air,B,264.78,False,117,2023-06-17,,New,4,2,3,15,65,11,Beautiful home in prime location,427994.28,2022-05-12
585796.95,258.09,424.18,7358.73,4122.12,1825.43,3,3.5,2006,Condo,9183.17,CA,Los Angeles,15934,Urban,3,False,False,Window Units,Heat Pump,E,155.72,False,5,2023-09-11,,New,2,6,8,29,7,3,Beautiful home in prime location,474458.84,2022-09-27
380432.69,130.14,213.51,8715.45,3071.59,2236.88,3,1.5,1962,Townhouse,5657.21,AZ,Phoenix,14019,Urban,3,False,False,None,Oil,D,229.63,False,6,2023-11-03,,New,2,4,10,32,48,30,Beautiful home in prime location,344151.3,2022-09-04
561049.87,215.23,244.9,13619.81,4339.59,2144.82,3,3.5,1968,Apartment,5979.69,FL,Orlando,60005,Suburban,0,False,False,Window Units,Heat Pump,D,154.46,False,113,2023-06-16,,Pending,3,10,4,1,38,37,Beautiful home in prime location,465559.89,2022-06-03
614207.7,168.55,386.22,16515.96,5099.2,1282.82,3,4.0,1969,Townhouse,5426.72,AZ,Scottsdale,26551,Suburban,2,True,True,None,Gas,E,265.6,False,74,2023-02-04,,Sold,7,10,4,33,62,84,Beautiful home in prime location,508073.08,2022-03-04
632980.05,193.51,241.56,14354.19,4907.85,1798.68,2,3.0,1998,Apartment,5642.79,CA,Sacramento,53086,Suburban,1,False,False,None,Electric,D,305.21,False,50,2023-12-17,,Active,8,9,1,84,66,7,Beautiful home in prime location,581510.86,2022-02-10
527269.68,141.67,57.87,12919.21,3946.63,2541.83,4,2.0,2019,Multi-Family,3917.07,MA,Worcester,55756,Rural,2,False,False,Window Units,Forced Air,B,175.81,False,20,2023-03-17,,Pending,7,5,10,65,90,90,Beautiful home in prime location,451385.78,2022-03-07
252528.64,221.81,296.18,6723.82,2327.56,2292.19,2,3.0,2004,Apartment,2694.72,NY,Albany,24742,Urban,3,False,True,Window Units,Gas,B,208.41,False,54,2023-12-12,,New,2,8,10,90,81,1,Beautiful home in prime location,228280.65,2022-06-11
391029.64,259.1,309.01,5552.82,2943.96,1514.21,4,2.0,1968,Townhouse,5605.69,AZ,Tucson,25813,Rural,0,False,False,Window Units,Oil,C,217.07,False,70,2023-06-19,,New,1,6,2,22,57,46,Beautiful home in prime location,349173.52,2022-09-13
380692.39,158.03,405.6,10840.71,3364.82,1894.59,3,4.0,1956,Multi-Family,5998.77,CA,Sacramento,24471,Suburban,2,False,False,Central,Electric,A,152.36,True,177,2023-07-02,,New,5,7,5,44,7,14,Beautiful home in prime location,358925.76,2022-10-24
446582.59,217.77,302.28,6787.24,3276.07,2412.19,4,4.0,2021,Single Family,7483.27,IL,Springfield,11095,Rural,0,False,True,None,Gas,C,175.28,False,64,2023-08-03,,Sold,2,7,9,53,16,100,Beautiful home in prime location,413807.48,2022-06-09
422600.28,120.86,494.51,6963.11,3426.43,1804.12,4,1.0,1968,Condo,2619.95,IL,Aurora,83430,Urban,0,True,True,Central,Gas,E,238.67,False,52,2023-08-07,,Pending,4,6,5,56,45,12,Beautiful home in prime location,350062.3,2022-11-19
486882.26,132.01,362.13,7606.57,3619.72,2370.7,4,2.5,1971,Single Family,7315.3,WA,Bellevue,56975,Rural,3,False,True,Central,Heat Pump,E,189.3,False,122,2023-11-11,,Active,10,7,3,92,21,23,Beautiful home in prime location,400773.41,2022-08-10
257197.86,230.71,345.94,6850.47,2439.02,2180.07,4,2.0,2023,Condo,6889.16,NY,Buffalo,36907,Urban,2,False,True,Central,Forced Air,E,236.22,False,148,2023-02-23,,New,6,6,10,50,39,72,Beautiful home in prime location,212150.56,2022-12-04
503907.54,221.07,0.0,13196.67,3817.35,1514.44,4,3.5,2023,Condo,10378.01,GA,Athens,52741,Urban,3,False,False,Window Units,Heat Pump,A,198.09,False,139,2023-01-12,,Pending,10,1,7,31,31,85,Beautiful home in prime location,444611.97,2022-12-21
518305.02,202.07,267.29,10204.23,3928.31,1659.83,3,1.5,1965,Single Family,8499.97,IL,Naperville,41589,Rural,2,True,False,None,Electric,B,219.15,False,92,2023-10-12,,Sold,2,6,8,48,53,18,Beautiful home in prime location,478763.96,2022-11-19
426631.31,121.65,349.62,12506.89,3719.76,2094.61,4,1.5,2021,Townhouse,5290.86,IL,Naperville,66185,Rural,1,False,True,Central,Forced Air,A,194.74,False,142,2023-04-26,,New,4,2,8,78,79,55,Beautiful home in prime location,399859.4,2022-11-15
277978.49,159.1,17.53,4995.22,2023.61,1777.44,4,2.5,2018,Condo,4294.42,IL,Springfield,81315,Rural,2,False,False,None,Forced Air,D,199.92,False,104,2023-06-07,,Sold,8,7,1,13,62,45,Beautiful home in prime location,254089.43,2022-01-23
281775.67,207.04,384.6,5717.88,2563.08,2282.74,3,1.5,1969,Single Family,6193.51,AZ,Phoenix,24542,Urban,0,False,False,None,Heat Pump,C,293.11,False,24,2023-07-07,,New,8,9,6,100,4,44,Beautiful home in prime location,241736.66,2022-01-03
595117.28,210.97,275.9,14752.08,4599.62,2746.22,4,3.5,1960,Townhouse,7339.81,AZ,Tucson,79976,Rural,3,False,True,None,Gas,B,118.79,False,72,2023-05-20,,Active,10,1,8,39,44,81,Beautiful home in prime location,544927.81,2022-05-11
556966.09,214.15,335.1,8092.53,3995.96,1661.2,2,4.0,1989,Apartment,4862.34,IL,Aurora,85685,Urban,1,False,False,Central,Oil,D,201.66,False,68,2023-01-13,,Sold,4,9,2,59,14,47,Beautiful home in prime location,454856.37,2022-12-09
576765.6,219.52,302.28,9370.43,4116.33,2438.28,5,1.5,1985,Single Family,4033.74,AZ,Scottsdale,18282,Rural,0,False,False,Central,Gas,E,149.36,False,168,2023-08-19,,Active,3,6,1,53,36,31,Beautiful home in prime location,502616.2,2022-12-19
485675.54,245.62,338.07,6011.04,3505.45,1646.11,4,1.5,1985,Townhouse,3345.46,FL,Miami,86662,Suburban,0,False,True,None,Heat Pump,D,238.09,True,11,2023-06-20,,Active,2,1,3,29,21,44,Beautiful home in prime location,406338.89,2022-04-06
296255.36,176.6,338.07,4228.05,2451.59,2292.93,5,3.0,1985,Multi-Family,5271.86,WA,Bellevue,84169,Suburban,3,False,False,Window Units,Electric,A,279.91,False,55,2023-03-19,,New,6,4,10,12,3,30,Beautiful home in prime location,280877.76,2022-09-14
433743.1,178.88,247.82,10875.62,3579.06,1839.98,2,2.5,1983,Single Family,3592.61,AZ,Phoenix,90698,Urban,1,False,False,Central,Gas,A,256.22,False,19,2023-03-06,,Sold,9,2,5,41,1,53,Beautiful home in prime location,353794.78,2022-04-22
299090.0,210.15,362.34,3727.47,2361.96,2312.06,4,1.5,1971,Multi-Family,7978.73,TX,San Antonio,93918,Rural,0,False,True,None,Forced Air,D,193.55,False,111,2023-01-26,,Active,1,8,6,73,0,6,Beautiful home in prime location,252937.17,2022-01-12
566837.32,166.86,153.31,12599.08,4159.4,1555.78,4,1.5,1986,Townhouse,1088.86,GA,Athens,45182,Suburban,1,True,True,Central,Electric,D,121.98,False,72,2023-11-25,,Sold,10,8,4,51,38,77,Beautiful home in prime location,495371.2,2022-10-13
261489.3,190.67,153.31,4715.26,2073.71,2533.12,4,3.5,1972,Townhouse,4863.44,GA,Atlanta,81258,Urban,1,False,True,Window Units,Heat Pump,D,220.02,False,113,2023-09-06,,Sold,4,6,5,3,58,51,Beautiful home in prime location,240804.11,2022-08-16
287837.14,196.7,127.6,3419.84,2064.86,1925.73,1,3.0,2011,Condo,4837.8,MA,Worcester,30704,Rural,0,False,True,None,Electric,C,213.09,False,117,2023-04-02,,Sold,3,1,5,77,98,18,Beautiful home in prime location,230670.79,2022-02-09
373620.27,200.45,0.0,10051.18,2938.9,1817.62,6,2.0,1965,Multi-Family,8177.18,MA,Worcester,69908,Urban,0,False,True,Central,Heat Pump,A,233.2,False,78,2023-10-18,,New,8,7,5,62,42,3,Beautiful home in prime location,311987.62,2022-10-09
466051.31,266.35,335.1,10806.19,3799.42,2845.16,3,3.5,1985,Single Family,5299.49,MA,Worcester,15835,Rural,3,False,True,Central,Electric,B,233.55,False,152,2023-11-05,,Sold,3,7,6,77,35,5,Beautiful home in prime location,413512.36,2022-09-01
579594.69,227.54,335.1,15910.0,4771.3,2131.68,4,1.5,1998,Multi-Family,4471.61,AZ,Phoenix,87245,Urban,3,False,True,Central,Forced Air,C,212.4,False,23,2023-09-10,,Active,1,4,10,96,49,18,Beautiful home in prime location,464167.76,2022-10-20
611346.98,132.81,317.21,9030.46,4326.52,2495.45,4,1.0,1958,Multi-Family,8604.43,CO,Colorado Springs,74421,Urban,3,False,True,Central,Oil,B,200.04,False,58,2023-09-05,,New,7,5,8,19,57,87,Beautiful home in prime location,509280.78,2022-09-18
686307.56,214.5,153.31,12017.17,4799.01,2434.31,2,2.5,1982,Multi-Family,7097.04,MA,Cambridge,73689,Urban,3,False,False,Window Units,Gas,C,212.73,False,139,2023-11-01,,Pending,7,5,6,60,32,18,Beautiful home in prime location,617838.44,2022-10-05
705212.6,81.16,465.42,7362.77,4761.95,1932.84,5,4.0,2019,Townhouse,9847.27,AZ,Scottsdale,44133,Rural,1,False,True,None,Oil,E,156.9,False,120,2023-09-02,,Sold,10,10,4,80,78,88,Beautiful home in prime location,651551.46,2022-10-23
565442.86,138.0,281.87,9310.43,4137.73,2967.42,3,2.0,1998,Condo,4134.82,FL,Tampa,51320,Rural,2,False,True,None,Electric,C,252.78,False,46,2023-08-26,,Active,7,8,8,51,45,28,Beautiful home in prime location,482645.63,2022-05-10
756992.67,214.87,207.94,11799.47,5121.36,1447.62,2,2.5,1972,Apartment,5514.28,CA,Sacramento,31778,Suburban,3,False,True,Central,Electric,C,145.16,False,69,2023-05-12,,New,1,8,10,13,51,11,Beautiful home in prime location,690551.59,2022-04-17
538123.55,204.67,318.37,5553.8,3623.85,2308.75,4,4.0,2021,Multi-Family,4896.29,CA,San Francisco,49821,Rural,1,False,False,Central,Heat Pump,E,152.04,False,155,2023-04-02,,Active,2,4,9,85,53,40,Beautiful home in prime location,435702.74,2022-09-08
468008.36,139.96,366.41,8760.35,3678.0,1407.22,3,2.5,2008,Condo,3394.28,NY,New York City,64039,Urban,0,False,False,Central,Heat Pump,D,241.51,True,4,2023-05-24,,Pending,10,2,2,88,60,75,Beautiful home in prime location,414988.09,2022-09-15
430842.93,191.18,141.17,8334.22,3173.82,1405.86,3,2.5,1973,Condo,6814.23,MA,Cambridge,57620,Suburban,1,False,True,Window Units,Gas,D,183.93,True,138,2023-12-06,,New,9,4,7,56,7,25,Beautiful home in prime location,350343.89,2022-05-03
546929.17,199.29,345.94,6087.48,3786.86,2028.55,3,3.0,2021,Single Family,5136.51,MA,Springfield,26805,Rural,1,False,True,Central,Heat Pump,E,198.98,True,148,2023-05-04,,Pending,9,3,1,11,41,58,Beautiful home in prime location,511186.53,2022-10-03
460851.57,164.51,220.94,12211.97,3717.91,1936.04,3,1.5,1955,Townhouse,9429.4,AZ,Mesa,40821,Rural,1,False,True,Window Units,Electric,A,175.05,False,156,2023-03-11,,New,8,1,10,96,49,57,Beautiful home in prime location,394166.16,2022-12-11
720498.79,116.91,348.82,15240.81,5315.98,2026.22,3,2.5,1992,Single Family,3576.06,CO,Denver,67335,Suburban,2,False,True,Central,Electric,E,94.6,False,11,2023-07-19,,Sold,1,6,7,57,24,40,Beautiful home in prime location,618895.02,2022-04-15
553704.27,248.6,275.9,16143.17,4577.66,1748.58,4,2.0,1997,Condo,6360.12,CO,Boulder,58126,Suburban,3,True,False,Window Units,Oil,B,187.98,False,90,2023-05-01,,Sold,1,6,3,74,66,74,Beautiful home in prime location,469717.36,2022-07-18
370218.47,288.41,244.76,8559.48,2910.41,2114.49,3,3.5,2002,Apartment,8583.43,CO,Colorado Springs,50827,Rural,2,False,True,Central,Electric,C,101.26,False,5,2023-04-09,,Active,7,5,10,8,76,96,Beautiful home in prime location,331935.64,2022-09-16
212401.54,181.95,247.82,4805.61,1922.66,1716.41,3,3.5,1978,Apartment,6206.54,TX,Houston,61108,Rural,1,False,True,Window Units,Oil,E,212.36,False,177,2023-02-06,,New,10,6,8,10,99,52,Beautiful home in prime location,174834.23,2022-02-21
408729.44,267.51,317.21,9918.53,3423.67,1576.91,3,1.0,1991,Multi-Family,7272.6,AZ,Phoenix,85656,Rural,0,False,True,None,Forced Air,B,236.27,True,11,2023-11-11,,Pending,6,1,3,88,49,12,Beautiful home in prime location,360363.74,2022-05-05
612398.42,106.25,258.43,16222.36,4924.48,2617.06,4,1.5,2020,Single Family,7239.17,IL,Aurora,53100,Suburban,2,False,True,None,Heat Pump,D,252.19,False,144,2023-03-11,,New,10,7,4,41,32,50,Beautiful home in prime location,536121.35,2022-04-08
391140.16,150.75,424.18,10705.59,3477.23,2013.91,3,4.0,2000,Apartment,5733.19,CO,Denver,33124,Urban,1,True,False,Window Units,Heat Pump,D,205.22,False,66,2023-07-15,,Sold,1,8,8,24,54,5,Beautiful home in prime location,340792.44,2022-10-04
390163.32,166.87,302.28,9291.15,3206.63,2104.85,3,2.5,2019,Condo,5325.27,NY,Albany,34163,Suburban,2,False,False,Window Units,Forced Air,E,179.27,False,95,2023-06-26,,Sold,8,8,7,73,36,74,Beautiful home in prime location,313781.98,2022-02-07
414801.02,175.05,253.96,5194.83,2984.1,1973.55,4,3.0,1998,Condo,2641.83,WA,Spokane,40797,Rural,3,True,True,Central,Oil,B,223.23,False,13,2023-04-10,,Pending,2,4,6,46,98,29,Beautiful home in prime location,360237.33,2022-01-04
525254.76,163.08,267.85,13543.48,4198.98,1286.43,2,2.5,2001,Condo,7483.28,GA,Athens,14744,Suburban,0,False,False,Window Units,Electric,E,176.23,False,65,2023-07-07,,Pending,2,1,3,92,57,48,Beautiful home in prime location,461639.62,2022-05-01
589046.65,206.31,405.6,11029.82,4446.32,2456.9,4,1.5,1954,Apartment,8987.3,FL,Jacksonville,90829,Rural,2,False,False,Central,Gas,D,176.33,False,166,2023-03-18,,Pending,3,5,3,51,60,95,Beautiful home in prime location,502194.62,2022-11-14
621967.87,157.78,17.53,8740.79,4013.36,1403.85,4,4.0,1980,Condo,6028.15,CA,Sacramento,72211,Rural,3,False,True,Window Units,Gas,E,157.59,False,99,2023-01-08,,New,9,5,7,12,9,14,Beautiful home in prime location,585060.08,2022-04-13
662231.1,100.82,258.43,15428.92,4982.89,2458.48,3,3.5,2003,Multi-Family,8246.68,CO,Boulder,47936,Urban,1,False,False,None,Oil,E,127.55,False,17,2023-03-09,,New,9,8,5,17,88,95,Beautiful home in prime location,586471.45,2022-11-03
404051.78,153.05,185.24,6209.62,2873.67,1119.82,5,3.5,1952,Townhouse,8619.87,AZ,Mesa,45539,Rural,3,False,True,Central,Heat Pump,C,150.7,False,1,2023-11-17,,Sold,6,10,7,26,74,95,Beautiful home in prime location,339880.68,2022-12-09
780822.46,250.71,0.0,21814.97,5913.05,1606.92,2,3.5,1957,Single Family,5346.41,CO,Denver,84249,Rural,1,False,False,None,Oil,C,191.03,False,55,2023-01-11,,Pending,10,1,4,11,86,26,Beautiful home in prime location,643204.55,2022-03-21
449909.13,233.5,396.8,8008.88,3509.35,1645.7,3,4.0,1973,Multi-Family,2613.74,NY,Rochester,87746,Urban,2,True,True,Window Units,Gas,B,195.59,False,4,2023-04-02,,Active,6,5,3,21,42,52,Beautiful home in prime location,406450.65,2022-07-15
404812.02,182.6,318.37,7604.45,3142.37,2636.48,3,1.0,1997,Condo,6978.63,WA,Tacoma,48330,Rural,1,False,True,Central,Forced Air,E,166.23,False,154,2023-10-08,,Sold,7,9,5,4,83,75,Beautiful home in prime location,368248.7,2022-03-07
285484.1,157.8,235.35,4097.05,2169.25,1804.35,4,1.5,1988,Apartment,5926.03,AZ,Phoenix,46760,Urban,3,False,True,None,Oil,B,165.07,False,152,2023-07-27,,Pending,6,10,5,89,99,12,Beautiful home in prime location,249418.11,2022-07-09
361209.24,158.4,417.92,7422.66,3028.86,2681.57,1,3.0,2020,Multi-Family,7361.57,FL,Jacksonville,22700,Urban,1,False,True,Window Units,Heat Pump,E,186.34,False,69,2023-09-26,,New,2,8,5,71,47,6,Beautiful home in prime location,330039.97,2022-10-18
508776.03,158.05,348.82,7338.28,3746.28,2159.61,1,3.0,1984,Townhouse,6386.84,TX,Houston,11451,Rural,1,False,False,Window Units,Forced Air,E,242.05,False,111,2023-01-24,,Active,6,9,1,93,92,42,Beautiful home in prime location,472630.29,2022-11-14
647837.95,170.82,265.69,18978.76,5263.89,2433.91,3,4.0,2001,Townhouse,3792.63,NY,Buffalo,29938,Rural,0,False,False,Window Units,Heat Pump,D,177.45,False,118,2023-05-26,,Pending,10,5,5,77,60,63,Beautiful home in prime location,530010.82,2022-03-21
288983.95,172.94,189.1,7254.74,2377.38,1843.58,2,3.5,2006,Townhouse,4029.79,NY,Buffalo,19804,Urban,2,True,False,None,Forced Air,E,138.8,False,60,2023-12-03,,Pending,1,4,2,58,49,7,Beautiful home in prime location,258288.45,2022-02-26
493898.43,199.75,127.98,13988.69,3924.57,1095.25,4,2.5,1992,Apartment,8714.19,MA,Springfield,15313,Rural,0,False,False,Central,Heat Pump,D,161.38,False,110,2023-03-15,,Sold,9,7,3,26,39,31,Beautiful home in prime location,450030.72,2022-11-23
317743.0,190.89,370.37,9402.22,2954.35,1896.49,2,2.0,2003,Multi-Family,2285.48,FL,Orlando,99544,Urban,3,True,False,None,Oil,C,211.75,False,157,2023-05-10,,Active,9,1,3,75,13,1,Beautiful home in prime location,278087.59,2022-01-27
406671.04,217.66,458.73,7632.78,3275.3,2791.96,1,3.5,1990,Condo,4119.98,CO,Denver,44862,Urban,2,False,True,Central,Forced Air,A,147.15,False,146,2023-05-07,,Active,2,9,2,98,75,70,Beautiful home in prime location,345710.84,2022-07-17
483815.84,217.75,153.31,5573.77,3279.1,2860.62,5,2.0,1980,Apartment,4907.7,IL,Naperville,80044,Urban,2,False,False,Window Units,Gas,A,242.23,False,178,2023-03-20,,Pending,7,7,3,50,21,40,Beautiful home in prime location,393199.34,2022-02-21
532334.96,200.02,384.6,9468.87,4012.78,2959.07,3,2.5,1983,Condo,7781.15,CO,Colorado Springs,95272,Rural,0,False,True,Central,Heat Pump,D,177.44,False,29,2023-04-11,,Sold,2,6,8,17,53,33,Beautiful home in prime location,499753.49,2022-08-22
147301.97,221.39,370.37,2546.0,1513.76,2138.7,4,2.0,2011,Apartment,3716.51,NY,Rochester,60935,Suburban,3,False,False,Window Units,Gas,A,194.72,False,56,2023-11-13,,Active,5,6,7,74,45,36,Beautiful home in prime location,138720.21,2022-12-19
453625.15,174.14,417.92,6836.74,3459.66,2147.49,3,1.0,1971,Apartment,5021.73,CO,Fort Collins,77297,Suburban,0,True,True,Window Units,Forced Air,A,203.88,False,13,2023-06-12,,New,2,2,5,73,99,70,Beautiful home in prime location,363946.33,2022-03-22
465483.66,170.85,267.29,11774.6,3678.66,1543.75,4,3.0,1958,Condo,5462.42,IL,Naperville,10177,Rural,1,False,False,Window Units,Gas,C,102.74,False,123,2023-07-09,,Active,2,8,7,57,83,22,Beautiful home in prime location,424829.79,2022-01-08
492934.67,202.7,465.42,8186.85,3744.91,2230.87,4,3.5,1950,Apartment,7508.79,MA,Springfield,37190,Suburban,3,False,False,Central,Forced Air,C,132.57,True,152,2023-06-23,,Sold,7,2,3,78,19,59,Beautiful home in prime location,418685.99,2022-01-25
587207.24,156.3,0.0,6503.98,3723.28,1715.17,5,3.5,1988,Single Family,5841.8,CA,Los Angeles,24710,Suburban,0,False,True,Window Units,Gas,D,245.25,False,155,2023-11-27,,Pending,4,5,7,27,62,1,Beautiful home in prime location,537997.67,2022-04-07
680659.96,54.78,258.43,16680.72,5278.65,2552.0,5,1.5,2000,Single Family,4194.17,FL,Jacksonville,61815,Urban,1,False,True,Window Units,Heat Pump,A,226.85,False,70,2023-07-23,,Sold,6,8,3,69,54,67,Beautiful home in prime location,593810.88,2022-03-21
588271.4,149.57,302.28,17076.97,4922.49,867.66,4,3.0,1978,Apartment,8346.41,AZ,Mesa,53559,Suburban,0,True,True,Central,Oil,D,255.78,False,71,2023-04-04,,Pending,10,4,1,18,71,22,Beautiful home in prime location,532215.59,2022-05-24
330591.48,156.64,241.56,8127.17,2777.65,2644.66,2,2.0,2023,Townhouse,7608.12,FL,Orlando,50645,Suburban,1,False,True,None,Gas,B,205.87,False,57,2023-05-20,,Active,8,4,7,97,25,26,Beautiful home in prime location,294983.85,2022-07-14
445705.85,109.74,411.53,9213.35,3502.22,1496.55,3,3.0,1989,Multi-Family,7258.59,TX,Houston,99759,Suburban,0,False,False,Central,Gas,A,94.38,False,136,2023-10-14,,New,9,3,9,80,26,97,Beautiful home in prime location,408021.47,2022-07-12
533914.03,238.39,162.56,14048.69,4202.6,2924.26,4,2.5,1991,Apartment,5947.53,WA,Seattle,22902,Rural,0,True,True,Window Units,Oil,D,199.74,False,106,2023-11-05,,New,7,9,2,13,0,8,Beautiful home in prime location,471469.1,2022-04-15
498626.85,208.11,417.92,11926.99,4088.57,2169.33,6,1.5,1992,Townhouse,5490.77,FL,Jacksonville,70622,Suburban,2,True,False,Central,Oil,D,183.6,False,136,2023-12-19,,Pending,1,5,4,66,84,81,Beautiful home in prime location,414259.62,2022-06-10
388223.72,206.49,384.6,11542.44,3457.28,1855.89,3,2.0,1980,Single Family,3823.6,GA,Athens,87588,Suburban,3,True,True,Window Units,Gas,E,169.69,True,133,2023-03-13,,New,10,6,6,68,4,47,Beautiful home in prime location,314860.81,2022-11-18
383693.25,266.93,285.27,7434.72,3041.82,2372.29,3,1.0,1950,Multi-Family,11154.27,CO,Denver,69134,Suburban,3,False,False,Window Units,Oil,A,218.52,False,90,2023-10-22,,Pending,3,4,6,72,63,57,Beautiful home in prime location,345766.55,2022-12-27
396818.57,245.67,465.42,4515.96,2914.43,1890.79,3,3.5,2004,Single Family,2883.78,WA,Tacoma,17268,Rural,3,False,True,Central,Electric,C,88.58,False,40,2023-06-09,,Sold,3,6,8,5,98,6,Beautiful home in prime location,340689.11,2022-09-22
496640.08,179.67,207.28,8525.65,3571.43,1513.42,3,2.5,1958,Single Family,4611.05,FL,Jacksonville,59765,Suburban,2,False,False,Window Units,Gas,C,170.48,False,164,2023-09-15,,Active,2,4,10,87,45,62,Beautiful home in prime location,464569.31,2022-01-16
354580.29,147.35,396.8,4806.87,2815.13,2312.29,5,3.0,2016,Condo,6340.75,TX,San Antonio,91023,Urban,3,False,False,Window Units,Gas,E,244.85,False,117,2023-10-25,,New,7,10,8,5,30,59,Beautiful home in prime location,313538.02,2022-12-14
458569.14,104.4,207.28,6574.19,3215.42,1321.65,3,4.0,2010,Condo,4703.28,MA,Cambridge,44169,Rural,2,False,False,None,Heat Pump,A,167.45,False,103,2023-09-14,,Pending,10,5,2,96,38,86,Beautiful home in prime location,387325.93,2022-06-11
398741.77,257.37,271.7,6940.31,2987.6,1565.06,3,1.0,2008,Condo,3771.99,GA,Atlanta,43121,Suburban,2,False,True,None,Oil,B,143.83,False,162,2023-08-12,,New,8,3,8,35,14,86,Beautiful home in prime location,361094.71,2022-11-07
537039.81,174.23,285.27,9714.52,3986.59,1249.84,3,2.0,2019,Apartment,6931.5,IL,Naperville,96424,Suburban,1,False,False,None,Gas,E,206.58,False,22,2023-12-03,,Active,8,3,6,86,94,4,Beautiful home in prime location,479565.12,2022-04-27
318067.05,231.6,235.35,7738.79,2678.59,2103.16,3,1.5,2006,Apartment,5828.54,MA,Boston,10700,Urban,2,False,False,Central,Oil,A,208.01,False,148,2023-09-26,,Active,8,7,4,40,0,93,Beautiful home in prime location,266601.11,2022-01-17
385183.36,219.19,247.82,5915.79,2720.67,1860.79,1,1.0,2016,Condo,7068.72,NY,Buffalo,81998,Urban,2,False,True,Central,Gas,D,53.95,False,46,2023-08-23,,Sold,10,2,4,49,73,16,Beautiful home in prime location,325698.61,2022-01-10
451755.98,269.52,244.9,9597.12,3466.15,2051.66,2,2.0,1954,Single Family,7336.88,GA,Atlanta,72312,Urban,3,True,False,Central,Forced Air,A,162.71,True,70,2023-07-08,,Sold,3,2,2,1,39,85,Beautiful home in prime location,412711.04,2022-03-26
392057.91,218.11,247.82,10848.56,3420.82,1848.75,1,1.5,1994,Condo,9569.24,AZ,Phoenix,12929,Urban,2,False,False,None,Oil,C,308.66,False,157,2023-09-19,,New,3,8,1,73,2,90,Beautiful home in prime location,371447.97,2022-12-10
385364.35,213.15,424.18,7171.45,3153.53,2483.08,6,2.5,2006,Townhouse,6434.97,AZ,Phoenix,78943,Rural,2,True,False,Window Units,Oil,A,204.91,False,78,2023-12-03,,New,9,4,4,91,14,37,Beautiful home in prime location,359111.46,2022-01-24
698715.5,158.91,384.6,11058.48,4981.23,1887.83,4,3.0,1967,Single Family,5310.91,FL,Orlando,31108,Urban,1,False,False,Central,Gas,B,181.52,False,18,2023-10-11,,New,3,9,5,40,10,29,Beautiful home in prime location,642336.87,2022-10-22
236149.2,245.03,370.37,2524.65,1977.23,2219.63,2,2.0,1998,Single Family,6585.12,CO,Boulder,57023,Rural,1,False,False,None,Forced Air,B,215.73,False,118,2023-03-07,,Sold,3,9,7,22,74,2,Beautiful home in prime location,189368.5,2022-06-21
727115.92,218.94,275.9,9237.9,4954.23,2702.3,3,4.0,1962,Condo,1158.22,MA,Boston,86316,Suburban,0,False,False,Window Units,Forced Air,E,272.93,False,33,2023-07-08,,New,4,10,10,45,82,29,Beautiful home in prime location,588488.57,2022-06-18
450267.65,165.45,210.84,10758.66,3589.96,2296.81,3,3.5,1997,Multi-Family,8234.18,GA,Augusta,21771,Urban,1,True,False,Window Units,Forced Air,C,231.22,False,138,2023-11-11,,Pending,4,10,7,50,8,61,Beautiful home in prime location,414002.9,2022-12-04
379186.56,174.78,184.82,8032.88,2951.55,1951.13,3,2.0,2004,Apartment,6602.96,FL,Orlando,68939,Suburban,1,False,False,Window Units,Gas,B,201.39,False,151,2023-12-24,,Sold,8,1,6,19,34,13,Beautiful home in prime location,317301.52,2022-12-10
551597.9,203.14,239.22,13308.87,4397.3,1730.25,3,4.0,1963,Apartment,6419.2,CA,Los Angeles,75794,Rural,1,False,True,None,Forced Air,D,291.02,False,81,2023-03-10,,Pending,10,1,9,50,20,72,Beautiful home in prime location,465202.58,2022-05-22
371243.05,209.97,402.95,9015.1,3191.03,1979.86,5,2.5,2009,Condo,5990.68,CA,Los Angeles,46516,Rural,0,False,True,Window Units,Oil,E,180.61,False,166,2023-01-26,,Active,10,5,7,63,2,27,Beautiful home in prime location,342946.03,2022-01-03
284406.26,201.56,208.68,4240.13,2157.6,2454.76,6,2.0,2012,Townhouse,6041.55,IL,Springfield,23447,Urban,2,False,False,Window Units,Heat Pump,C,173.54,False,30,2023-11-24,,Pending,7,6,4,86,73,79,Beautiful home in prime location,259965.31,2022-06-05
288500.69,284.41,281.87,6500.65,2392.17,1552.74,5,4.0,2001,Condo,5354.0,CA,Sacramento,28921,Rural,1,False,False,Central,Electric,A,126.07,False,79,2023-11-09,,Sold,9,4,7,15,66,2,Beautiful home in prime location,252845.63,2022-11-18
330688.29,242.63,402.95,7880.26,2932.41,1992.88,2,4.0,1978,Single Family,7620.39,IL,Aurora,33043,Suburban,3,False,True,Window Units,Electric,A,219.33,False,61,2023-12-13,,Pending,3,8,2,64,46,85,Beautiful home in prime location,300159.44,2022-06-20
502953.78,167.66,296.18,14867.72,4340.04,2201.76,5,1.5,1963,Single Family,6989.91,WA,Seattle,34963,Rural,3,False,False,Central,Heat Pump,D,290.11,False,2,2023-08-10,,Active,10,4,10,50,0,88,Beautiful home in prime location,433191.26,2022-07-25
505215.0,189.79,402.95,13172.72,4296.34,2330.39,5,4.0,2010,Townhouse,574.91,WA,Bellevue,35168,Rural,2,False,False,Central,Forced Air,D,269.6,False,113,2023-06-02,,Sold,2,2,5,78,97,34,Beautiful home in prime location,468768.42,2022-06-16
441124.59,132.74,287.93,11396.94,3697.83,1863.88,3,4.0,1961,Apartment,7872.84,WA,Spokane,88205,Suburban,1,False,False,None,Electric,A,254.54,False,59,2023-07-23,,New,8,9,5,85,8,67,Beautiful home in prime location,367454.51,2022-07-12
755844.15,187.87,57.87,8956.77,4721.5,2040.88,3,3.0,1976,Single Family,8659.29,WA,Bellevue,36030,Rural,0,False,True,Window Units,Forced Air,E,138.02,False,60,2023-01-26,,Active,8,3,2,35,80,15,Beautiful home in prime location,657136.8,2022-03-01
455029.19,309.26,191.47,12508.52,3696.93,2808.22,4,3.0,2004,Multi-Family,8214.81,IL,Aurora,32458,Urban,2,False,False,Window Units,Forced Air,C,187.93,False,139,2023-12-17,,Sold,7,5,6,61,69,25,Beautiful home in prime location,389867.13,2022-10-19
405782.77,272.08,57.87,8933.26,3050.35,2210.63,4,3.0,2015,Single Family,7079.38,AZ,Tucson,75842,Urban,2,False,True,Central,Gas,B,219.13,True,102,2023-02-04,,New,7,4,3,46,72,66,Beautiful home in prime location,361993.58,2022-03-14
448952.27,184.85,281.87,10319.82,3545.51,1885.8,6,3.5,1957,Condo,5058.74,CO,Fort Collins,29751,Suburban,3,True,True,None,Gas,E,158.9,False,177,2023-04-09,,Pending,1,9,9,95,81,66,Beautiful home in prime location,411770.72,2022-09-07
527218.53,176.9,523.69,15481.88,4688.6,2632.76,2,2.0,1977,Apartment,4397.45,TX,Houston,87406,Suburban,1,False,True,Window Units,Forced Air,D,238.66,False,10,2023-10-25,,Pending,10,5,3,88,48,61,Beautiful home in prime location,423926.26,2022-08-03
273351.54,242.4,210.84,2755.37,2039.8,1910.28,3,1.0,1965,Multi-Family,9026.78,FL,Orlando,77686,Rural,3,False,False,None,Gas,E,232.59,False,64,2023-10-04,,Sold,5,2,5,33,78,76,Beautiful home in prime location,253450.72,2022-02-02
571103.76,206.76,241.56,5763.78,3771.42,1742.49,4,4.0,1997,Townhouse,2477.96,MA,Boston,27911,Suburban,3,False,False,Central,Gas,B,194.03,False,54,2023-03-17,,Sold,6,3,7,92,81,24,Beautiful home in prime location,539736.61,2022-10-11
278772.42,195.32,315.82,4722.73,2266.97,1736.88,4,3.5,1960,Single Family,6470.43,GA,Athens,67995,Urban,1,False,True,Central,Heat Pump,C,163.72,False,18,2023-03-13,,Active,9,5,7,83,39,54,Beautiful home in prime location,247794.88,2022-05-06
642512.11,304.74,399.72,19116.94,5408.89,1761.57,6,1.0,1995,Apartment,7218.56,TX,Houston,39517,Suburban,2,True,True,None,Forced Air,E,203.53,True,5,2023-05-26,,New,5,7,10,86,60,55,Beautiful home in prime location,524170.61,2022-09-17
394176.17,259.31,242.04,5898.03,3015.22,1859.49,3,3.0,1990,Apartment,8642.09,GA,Augusta,14253,Urban,0,False,True,Window Units,Electric,C,310.8,False,30,2023-04-03,,Active,9,9,7,36,47,37,Beautiful home in prime location,367568.65,2022-11-07
448681.76,216.04,197.37,6012.91,3175.13,2354.75,1,1.0,1970,Apartment,5531.37,AZ,Mesa,53435,Rural,3,False,True,Window Units,Oil,C,233.28,False,119,2023-04-01,,New,7,2,2,58,17,51,Beautiful home in prime location,417827.6,2022-05-26
322619.57,185.6,275.9,6340.73,2596.83,2640.15,2,3.0,1983,Townhouse,4830.02,WA,Bellevue,67719,Suburban,2,False,False,Window Units,Oil,C,179.44,False,36,2023-03-04,,Pending,7,3,1,78,93,33,Beautiful home in prime location,259859.3,2022-04-09
329590.98,201.12,220.94,6376.24,2631.77,2273.75,2,2.5,1962,Townhouse,10176.22,GA,Augusta,92812,Suburban,0,True,False,Window Units,Gas,B,231.52,False,83,2023-10-16,,Sold,9,3,5,40,12,81,Beautiful home in prime location,266876.77,2022-11-18
358943.24,255.46,424.18,4075.3,2786.09,2123.06,2,1.0,2012,Apartment,6026.12,TX,Austin,89298,Suburban,0,True,True,Central,Oil,A,227.58,False,157,2023-10-05,,New,3,4,7,62,19,95,Beautiful home in prime location,340990.6,2022-12-07
512673.35,235.83,210.84,9059.83,3692.89,1401.22,3,2.0,1989,Townhouse,4187.12,GA,Augusta,84215,Rural,1,False,False,Window Units,Gas,C,163.7,False,131,2023-07-17,,New,8,4,1,83,66,66,Beautiful home in prime location,471075.01,2022-10-05
484227.33,207.75,353.88,10576.03,3895.75,1904.78,4,3.5,1991,Condo,2082.17,NY,New York City,40046,Rural,0,True,False,Central,Oil,C,239.4,False,77,2023-04-06,,Pending,9,7,6,7,69,45,Beautiful home in prime location,452916.52,2022-10-05
420901.69,212.58,315.82,6934.83,3126.82,2450.7,3,2.5,1984,Condo,5216.74,NY,Albany,69356,Rural,3,True,False,Central,Gas,C,128.58,False,126,2023-11-22,,Pending,6,3,5,99,37,18,Beautiful home in prime location,337258.18,2022-12-12
378824.56,170.47,399.72,7099.57,3040.81,1866.35,3,3.5,1956,Condo,7993.57,GA,Athens,64673,Urban,3,False,True,Central,Electric,B,155.34,False,131,2023-04-08,,Active,7,3,8,9,57,46,Beautiful home in prime location,303669.53,2022-09-26
553117.28,205.97,310.79,6087.97,3784.46,1556.16,1,3.5,2000,Condo,4191.8,CO,Denver,87680,Urban,2,False,True,Central,Gas,B,200.76,True,25,2023-12-09,,Pending,6,7,5,70,14,49,Beautiful home in prime location,483345.41,2022-12-06
216110.32,178.81,275.9,6126.2,2045.84,1730.69,3,1.5,2013,Apartment,5539.85,CO,Denver,50083,Suburban,2,False,False,Central,Heat Pump,D,178.88,True,70,2023-05-02,,Pending,3,6,1,50,8,19,Beautiful home in prime location,201939.91,2022-01-05
646421.66,154.74,287.93,17099.62,5208.69,1839.66,5,3.0,1959,Townhouse,5518.39,MA,Springfield,95222,Rural,1,False,True,Window Units,Electric,E,263.69,False,114,2023-08-04,,Sold,7,1,2,60,13,73,Beautiful home in prime location,518621.13,2022-10-16
880068.28,255.61,267.29,25312.48,6940.41,1936.9,5,1.0,1971,Single Family,2537.6,CO,Fort Collins,26557,Urban,2,False,False,Window Units,Heat Pump,A,163.41,True,80,2023-09-19,,Sold,5,6,9,68,33,86,Beautiful home in prime location,782449.7,2022-07-04
576503.21,126.96,302.28,15273.67,4621.77,1836.6,4,1.0,1984,Townhouse,6993.54,MA,Worcester,26185,Urban,0,True,True,Window Units,Gas,E,164.17,False,107,2023-11-25,,Active,5,8,5,80,30,57,Beautiful home in prime location,468863.18,2022-02-14
416549.45,185.93,57.87,12493.99,3433.85,1653.98,1,3.0,1974,Apartment,7428.29,NY,New York City,41121,Rural,3,False,False,Window Units,Forced Air,C,252.07,False,75,2023-07-22,,Pending,3,5,5,54,89,100,Beautiful home in prime location,355643.26,2022-03-11
329049.66,142.81,360.02,9287.93,2993.04,1460.27,6,4.0,1957,Townhouse,8638.42,NY,Albany,55417,Rural,1,False,True,None,Forced Air,D,213.78,False,143,2023-04-02,,Pending,5,4,4,99,12,34,Beautiful home in prime location,273663.85,2022-10-12
530179.94,100.76,244.9,12208.36,4098.39,1736.03,4,2.0,1973,Multi-Family,6247.21,MA,Boston,36190,Urban,2,False,True,Window Units,Oil,C,185.23,False,22,2023-12-22,,Active,8,8,10,75,27,78,Beautiful home in prime location,443501.46,2022-11-02
350186.68,242.67,256.43,10179.15,3010.0,2697.16,3,1.5,2007,Multi-Family,5878.51,NY,Albany,14035,Urban,2,False,True,Window Units,Gas,B,154.38,False,8,2023-03-10,,Sold,6,4,8,27,8,74,Beautiful home in prime location,330208.68,2022-09-14
371365.77,162.32,465.42,11042.4,3482.24,1572.48,3,2.5,2017,Apartment,5612.17,MA,Boston,37696,Rural,3,False,False,Window Units,Oil,D,239.79,False,64,2023-10-22,,Pending,10,7,5,80,3,12,Beautiful home in prime location,330659.46,2022-11-20
532097.01,241.83,180.9,12349.82,4065.72,2565.81,3,1.5,1966,Townhouse,5930.17,GA,Augusta,63941,Urban,3,False,True,None,Heat Pump,B,195.18,True,152,2023-12-24,,New,1,10,10,2,31,50,Beautiful home in prime location,462154.23,2022-11-03
394635.22,188.65,141.17,11148.11,3300.61,2550.2,5,1.5,1975,Multi-Family,3537.27,CO,Colorado Springs,57814,Urban,3,False,False,None,Oil,A,257.26,False,13,2023-04-07,,Pending,2,9,1,45,68,71,Beautiful home in prime location,323534.46,2022-04-27
601827.83,126.89,213.51,13068.97,4507.24,2126.85,3,3.0,1971,Multi-Family,3011.28,NY,Rochester,79128,Suburban,3,False,True,None,Heat Pump,D,195.51,False,157,2023-12-15,,Sold,9,4,5,27,35,3,Beautiful home in prime location,517759.8,2022-11-27
349766.86,186.31,135.31,7979.37,2755.76,2739.23,4,3.0,1978,Condo,8976.57,TX,Austin,11367,Urban,0,True,True,Window Units,Gas,E,206.67,False,52,2023-06-03,,New,1,10,7,10,35,53,Beautiful home in prime location,300960.75,2022-10-03
425850.18,270.95,366.41,7413.64,3325.23,2318.32,5,1.5,1952,Townhouse,2355.54,NY,New York City,52979,Suburban,1,False,True,Central,Heat Pump,B,211.76,False,61,2023-05-04,,Pending,6,9,9,54,72,35,Beautiful home in prime location,383193.14,2022-01-05
564225.27,149.88,156.59,16535.5,4595.03,1871.15,1,3.5,2007,Townhouse,3234.52,CO,Fort Collins,66751,Rural,2,False,True,Window Units,Electric,B,239.35,False,95,2023-05-11,,Pending,1,9,1,19,76,41,Beautiful home in prime location,470485.53,2022-05-17
439366.85,152.63,338.07,12897.75,3782.31,2119.45,2,3.0,1965,Apartment,8101.17,TX,San Antonio,71919,Suburban,2,False,True,Central,Heat Pump,E,172.59,False,107,2023-12-09,,Sold,2,8,7,54,19,54,Beautiful home in prime location,391580.59,2022-03-09
110909.49,246.75,239.22,2175.53,1161.79,2322.47,2,1.0,2022,Single Family,7961.0,TX,Houston,51645,Rural,1,False,False,None,Oil,C,186.73,True,4,2023-10-16,,New,9,6,10,12,13,56,Beautiful home in prime location,97084.22,2022-11-08
461326.52,212.71,141.17,5937.31,3231.54,2185.73,3,3.5,1961,Single Family,3073.36,TX,San Antonio,59237,Suburban,3,True,False,None,Gas,B,288.96,False,162,2023-11-02,,Active,10,6,1,59,80,45,Beautiful home in prime location,437751.9,2022-01-05
410735.25,193.65,247.61,10076.87,3290.33,1835.08,2,3.5,1999,Single Family,5223.18,MA,Cambridge,35342,Suburban,3,True,True,None,Gas,E,149.3,False,132,2023-08-24,,Pending,3,6,4,13,40,39,Beautiful home in prime location,367058.94,2022-12-13
496611.7,171.22,374.86,7381.59,3606.27,1549.22,2,1.0,2001,Single Family,4548.74,AZ,Tucson,72863,Rural,2,True,True,Window Units,Electric,B,133.23,True,57,2023-12-25,,New,10,6,7,73,68,38,Beautiful home in prime location,415000.04,2022-01-07
438105.48,208.24,181.88,8515.45,3303.57,2151.67,3,3.5,1961,Single Family,4890.91,WA,Tacoma,49220,Urban,2,True,False,Window Units,Forced Air,C,221.55,False,21,2023-09-06,,Active,8,6,3,40,68,26,Beautiful home in prime location,414661.74,2022-06-02
335469.79,171.91,331.32,6607.89,2736.33,2040.85,4,2.0,1985,Single Family,4175.51,GA,Athens,13930,Rural,2,False,True,None,Heat Pump,B,177.01,False,31,2023-05-03,,Active,7,3,2,31,79,14,Beautiful home in prime location,282214.58,2022-09-11
648780.51,249.69,323.6,14576.28,4962.09,1634.82,4,1.5,1977,Townhouse,5658.2,TX,Austin,93056,Suburban,3,False,False,Window Units,Gas,C,179.9,False,161,2023-06-16,,New,3,2,9,73,77,11,Beautiful home in prime location,542537.06,2022-07-12
489812.27,284.93,362.34,4986.97,3398.99,1459.53,3,4.0,2004,Multi-Family,8030.29,NY,Buffalo,37283,Rural,2,True,False,None,Heat Pump,C,172.0,True,80,2023-05-06,,Active,2,7,1,74,73,11,Beautiful home in prime location,404196.92,2022-12-01
685674.05,85.98,260.07,19621.08,5486.27,2670.15,3,4.0,1984,Apartment,9577.24,IL,Naperville,96155,Suburban,3,False,False,Central,Electric,B,162.74,False,73,2023-04-05,,Sold,8,7,7,5,59,27,Beautiful home in prime location,550521.09,2022-03-06
968529.44,266.11,494.51,27352.82,7827.66,1844.59,3,3.0,1989,Multi-Family,5602.21,FL,Orlando,39893,Suburban,1,False,True,Window Units,Oil,B,211.1,True,53,2023-03-09,,Active,2,5,5,85,36,95,Beautiful home in prime location,800969.21,2022-04-20
422735.16,194.53,360.02,11193.97,3652.94,2366.67,2,3.0,1960,Apartment,6368.51,NY,Buffalo,73175,Urban,1,False,True,Window Units,Gas,A,246.41,False,100,2023-10-13,,Pending,10,1,5,38,24,32,Beautiful home in prime location,350705.7,2022-08-08
459133.56,194.65,360.02,6537.6,3380.23,2303.52,6,1.0,1964,Apartment,4951.85,NY,New York City,42777,Urban,2,False,False,None,Oil,A,179.74,False,123,2023-09-03,,New,3,10,6,66,4,96,Beautiful home in prime location,392082.58,2022-03-17
438684.21,255.12,210.84,9528.58,3457.94,1321.99,3,1.0,1952,Townhouse,6816.63,NY,Rochester,53030,Urban,0,False,False,None,Electric,B,259.63,False,51,2023-06-27,,Sold,10,5,5,49,23,99,Beautiful home in prime location,385358.24,2022-08-19
242690.41,51.0,494.05,3688.49,2235.95,1391.19,5,4.0,1952,Condo,1419.2,CO,Denver,92632,Rural,3,False,False,Window Units,Gas,D,221.07,False,59,2023-06-12,,Pending,4,1,1,38,87,86,Beautiful home in prime location,211564.59,2022-12-21
45837.59,229.69,241.56,900.39,729.62,2342.93,3,4.0,1984,Multi-Family,7377.98,CO,Colorado Springs,48932,Suburban,3,False,False,Window Units,Gas,D,183.84,True,75,2023-03-11,,Sold,2,7,7,13,58,78,Beautiful home in prime location,37836.94,2022-04-01
578815.81,266.2,317.21,16291.38,4792.18,2863.25,3,1.0,1993,Multi-Family,5118.8,TX,Houston,95193,Urban,1,False,False,Central,Heat Pump,A,223.28,False,17,2023-04-02,,Sold,8,2,7,6,68,36,Beautiful home in prime location,472146.86,2022-04-19
669259.51,201.5,242.04,13914.05,4909.4,2605.18,4,3.5,1993,Townhouse,5689.1,TX,Austin,90712,Suburban,3,False,False,Window Units,Oil,A,161.57,False,161,2023-07-16,,Pending,7,10,9,16,26,30,Beautiful home in prime location,542783.64,2022-11-04
364510.29,194.28,405.6,10130.06,3344.73,2272.5,3,2.0,1954,Apartment,8942.3,NY,Rochester,70007,Suburban,3,False,True,None,Oil,E,272.41,False,1,2023-08-19,,Sold,2,7,5,67,25,20,Beautiful home in prime location,333581.51,2022-05-07
161208.05,192.94,181.88,4430.61,1510.23,1704.0,3,3.5,1992,Condo,5804.4,WA,Seattle,26608,Urban,3,False,True,None,Gas,D,153.1,False,122,2023-05-04,,Sold,6,9,8,68,84,5,Beautiful home in prime location,145434.59,2022-09-08
297387.98,197.92,181.88,4570.04,2308.59,1510.51,3,2.0,1970,Single Family,5953.59,CO,Fort Collins,51013,Urban,3,False,True,Central,Forced Air,E,258.94,False,138,2023-12-17,,Active,2,3,5,89,55,42,Beautiful home in prime location,240809.3,2022-02-16
442985.42,224.86,256.43,12349.09,3716.91,2164.32,3,2.5,2013,Condo,7447.69,NY,Albany,43620,Rural,1,False,False,None,Heat Pump,A,216.47,False,155,2023-09-16,,Sold,1,10,7,25,7,94,Beautiful home in prime location,413181.81,2022-12-11
590583.3,236.2,299.2,17126.83,4842.19,1972.11,1,2.0,1980,Multi-Family,7638.41,MA,Worcester,61819,Urban,3,False,False,None,Forced Air,E,162.84,False,168,2023-02-13,,Pending,10,9,3,97,92,70,Beautiful home in prime location,490366.4,2022-02-24
589570.48,248.58,288.05,8261.33,4142.23,2213.48,5,4.0,1993,Multi-Family,5715.05,FL,Miami,63027,Suburban,1,True,True,Window Units,Electric,B,217.88,False,171,2023-07-17,,New,1,4,5,8,7,33,Beautiful home in prime location,530943.68,2022-04-01
462245.76,136.42,197.37,6568.16,3304.22,1980.55,3,1.5,2019,Single Family,5170.88,WA,Tacoma,42924,Suburban,3,False,True,None,Heat Pump,B,248.28,True,27,2023-01-21,,Active,10,7,5,59,45,5,Beautiful home in prime location,380781.88,2022-01-18
537494.56,212.26,288.05,11637.92,4107.63,1870.29,6,2.0,2023,Multi-Family,4863.6,AZ,Tucson,25907,Suburban,2,False,False,Window Units,Gas,D,162.28,True,33,2023-10-03,,New,10,9,2,46,60,15,Beautiful home in prime location,467769.17,2022-05-11
221053.91,206.98,332.75,6061.23,2162.43,1737.74,3,2.5,2000,Townhouse,4732.23,FL,Miami,16449,Urban,0,True,True,Window Units,Forced Air,E,219.31,False,23,2023-07-20,,Active,8,10,5,10,22,59,Beautiful home in prime location,185190.46,2022-07-23
280687.42,164.06,261.4,8191.53,2607.93,1963.07,3,3.5,2013,Townhouse,4819.24,WA,Seattle,26446,Suburban,0,False,False,None,Electric,A,260.46,True,3,2023-05-06,,New,1,10,6,74,69,78,Beautiful home in prime location,254522.73,2022-07-19
447442.82,270.05,256.43,7069.58,3243.17,2035.66,4,3.0,1984,Multi-Family,6628.07,WA,Tacoma,91072,Suburban,2,False,False,None,Electric,C,160.4,True,117,2023-03-10,,Pending,10,1,2,80,55,34,Beautiful home in prime location,406523.42,2022-06-17
205985.33,244.32,299.2,5321.57,1911.52,1741.28,2,4.0,2003,Multi-Family,7544.64,FL,Orlando,94607,Urban,3,False,True,Central,Forced Air,D,138.93,False,4,2023-07-19,,New,9,10,8,95,11,84,Beautiful home in prime location,177011.93,2022-07-21
446236.44,247.66,359.55,11145.01,3794.95,2444.12,3,2.0,1963,Condo,7892.2,AZ,Tucson,39512,Rural,3,False,False,None,Gas,D,275.47,False,47,2023-09-03,,Active,8,3,1,69,74,71,Beautiful home in prime location,365380.8,2022-11-07
601079.66,202.23,230.22,10514.56,4273.05,1421.93,3,3.0,1977,Single Family,4070.1,FL,Miami,26090,Suburban,2,False,True,Central,Forced Air,D,161.22,False,84,2023-08-14,,Sold,2,2,3,17,96,22,Beautiful home in prime location,565282.62,2022-02-04
590707.17,136.65,376.55,14910.21,4718.86,1488.03,2,1.0,2018,Multi-Family,8027.52,MA,Springfield,11337,Suburban,3,False,False,Window Units,Electric,B,146.26,False,34,2023-10-14,,New,10,7,2,57,12,68,Beautiful home in prime location,537336.99,2022-04-22
91318.07,226.01,376.55,1925.04,1134.12,2521.41,3,3.5,1963,Condo,6643.59,GA,Augusta,14659,Rural,3,False,False,Window Units,Forced Air,B,140.57,False,178,2023-01-25,,Sold,9,2,10,23,92,81,Beautiful home in prime location,81940.7,2022-01-17
245974.68,204.69,465.42,4332.41,2189.85,2052.04,3,3.0,1951,Apartment,9222.14,CO,Denver,36603,Rural,3,False,False,None,Electric,A,133.52,True,29,2023-12-06,,New,4,8,5,59,55,34,Beautiful home in prime location,224756.24,2022-12-20
474030.04,225.13,302.28,12875.98,3929.19,1590.4,3,2.0,2000,Multi-Family,6699.72,MA,Springfield,36646,Rural,1,False,True,Central,Electric,C,183.76,False,7,2023-01-03,,New,3,3,7,60,84,68,Beautiful home in prime location,395387.08,2022-01-11
512284.72,203.22,433.68,8827.27,3799.52,2062.86,6,2.0,2016,Townhouse,9670.22,WA,Spokane,22010,Urban,1,False,False,Central,Heat Pump,C,68.81,False,14,2023-03-19,,New,9,2,2,60,1,90,Beautiful home in prime location,476365.3,2022-07-15
403619.95,249.18,299.2,7453.1,3156.92,2139.58,5,3.0,2016,Condo,5439.36,FL,Orlando,82991,Urban,0,True,False,None,Electric,B,218.53,False,175,2023-10-27,,New,3,4,1,80,20,31,Beautiful home in prime location,323150.72,2022-12-03
386580.73,182.14,348.82,6958.62,3090.65,2626.18,5,2.5,1980,Townhouse,2484.23,NY,Buffalo,74499,Suburban,1,False,True,Central,Forced Air,A,229.04,False,78,2023-04-19,,Pending,3,4,7,87,71,27,Beautiful home in prime location,355495.49,2022-03-10
574239.43,187.74,268.9,7757.0,4024.05,2319.6,4,4.0,1967,Townhouse,7692.43,FL,Jacksonville,98678,Suburban,0,True,False,None,Gas,E,237.54,False,27,2023-06-17,,New,6,6,8,14,70,21,Beautiful home in prime location,519799.0,2022-08-11
497878.38,149.04,318.71,8531.24,3674.71,2049.95,2,3.5,1994,Townhouse,7033.04,TX,Dallas,22982,Urban,1,False,True,Window Units,Heat Pump,E,155.67,False,108,2023-02-04,,New,10,2,1,66,62,65,Beautiful home in prime location,423096.57,2022-06-15
453684.69,282.46,230.22,4845.93,3021.23,2417.25,4,3.5,1983,Townhouse,8830.86,IL,Springfield,34114,Urban,2,False,False,Central,Gas,D,118.76,False,140,2023-02-17,,Sold,1,10,1,30,87,54,Beautiful home in prime location,402260.29,2022-02-25
527798.35,242.8,402.95,12693.78,4236.18,2185.13,5,2.0,1971,Apartment,5706.25,GA,Augusta,60687,Suburban,2,False,True,Window Units,Electric,A,136.43,False,96,2023-03-20,,Pending,2,2,8,82,59,54,Beautiful home in prime location,480123.08,2022-06-01
451980.34,173.83,396.8,11584.49,3833.45,1858.46,4,3.0,1961,Apartment,822.13,CO,Denver,64690,Urban,0,True,True,Window Units,Heat Pump,C,211.37,False,158,2023-10-03,,Pending,9,8,6,29,30,35,Beautiful home in prime location,371551.52,2022-04-11
800686.82,131.73,268.9,16195.14,5796.56,2317.32,1,1.5,1965,Multi-Family,3209.69,AZ,Tucson,63993,Urban,0,False,True,Central,Gas,C,174.63,False,32,2023-08-12,,Pending,9,4,8,53,87,95,Beautiful home in prime location,745612.98,2022-01-17
297391.29,253.73,494.51,4340.4,2494.65,1742.82,4,2.5,1993,Multi-Family,5466.39,MA,Springfield,88130,Rural,3,False,True,Window Units,Oil,B,151.48,False,134,2023-02-18,,Active,5,9,6,20,46,24,Beautiful home in prime location,251591.75,2022-10-11
366138.94,204.73,247.82,7852.28,3015.33,1665.31,2,4.0,1970,Condo,5572.04,AZ,Phoenix,81387,Suburban,0,False,False,None,Electric,A,282.45,False,121,2023-08-18,,Active,9,1,5,82,19,79,Beautiful home in prime location,313404.69,2022-09-20
413298.67,206.03,376.55,7543.16,3318.35,1206.05,3,3.5,1984,Townhouse,5372.78,TX,Houston,56971,Urban,2,False,True,None,Oil,A,246.72,False,148,2023-02-02,,New,1,7,10,8,73,34,Beautiful home in prime location,349924.6,2022-12-14
407944.32,259.87,309.01,7055.85,3134.89,2345.41,1,3.0,2015,Townhouse,3205.57,CO,Colorado Springs,73331,Suburban,3,False,False,Window Units,Heat Pump,A,198.17,False,123,2023-12-18,,Sold,8,1,7,39,9,49,Beautiful home in prime location,331696.27,2022-08-11
392706.61,282.28,338.07,6643.46,3011.3,2371.01,4,1.5,1962,Apartment,7869.93,WA,Spokane,92470,Suburban,1,False,True,None,Oil,B,156.08,False,156,2023-11-18,,Pending,2,3,10,57,64,83,Beautiful home in prime location,315241.24,2022-07-18
288211.17,190.48,197.37,3096.39,2104.7,1961.13,1,4.0,1950,Condo,7591.77,AZ,Scottsdale,25531,Rural,1,False,False,Central,Oil,D,208.24,False,88,2023-12-14,,New,4,7,8,58,20,88,Beautiful home in prime location,246538.03,2022-09-13
424381.59,147.63,309.01,10367.86,3523.44,2726.49,5,2.5,1973,Apartment,8342.69,WA,Seattle,38075,Rural,3,False,True,Central,Gas,D,228.53,False,126,2023-05-08,,Sold,10,4,5,5,12,95,Beautiful home in prime location,344540.28,2022-07-06
295083.7,222.02,153.31,3436.28,2076.36,2235.92,4,1.0,1995,Single Family,4845.28,CA,San Diego,34946,Urban,3,True,True,None,Oil,A,161.28,False,171,2023-07-19,,Sold,8,7,9,63,91,94,Beautiful home in prime location,244777.01,2022-04-15
617921.16,203.94,197.37,13392.54,4557.85,822.37,3,2.5,1998,Multi-Family,4383.9,CA,Los Angeles,98983,Urban,1,False,False,Central,Electric,A,154.83,False,172,2023-09-01,,Pending,9,8,4,73,12,14,Beautiful home in prime location,555504.7,2022-01-03
389026.01,148.06,267.29,5956.54,2823.15,2177.56,4,1.5,1997,Single Family,8908.69,TX,Austin,70303,Suburban,3,True,False,Window Units,Forced Air,E,114.36,False,35,2023-06-10,,Pending,8,7,3,60,78,22,Beautiful home in prime location,354675.41,2022-10-13
364471.73,229.94,247.82,7460.33,2897.64,3054.77,5,4.0,1997,Single Family,6051.61,AZ,Tucson,45070,Rural,2,False,True,Window Units,Heat Pump,D,205.76,False,107,2023-05-25,,New,9,2,10,53,17,34,Beautiful home in prime location,302192.19,2022-07-08
196223.48,175.2,220.94,2866.18,1704.56,2095.16,4,1.5,2021,Condo,5117.8,IL,Chicago,91573,Rural,3,False,False,Central,Oil,B,263.65,False,171,2023-10-03,,New,5,4,4,71,63,43,Beautiful home in prime location,161696.26,2022-04-11
380875.66,248.59,275.9,7206.22,3000.25,1543.05,6,3.5,2009,Multi-Family,7557.67,WA,Spokane,47386,Rural,1,True,False,Central,Forced Air,A,219.46,False,161,2023-11-11,,Pending,10,6,9,54,41,68,Beautiful home in prime location,333091.1,2022-04-07
542124.35,255.41,360.02,11308.98,4192.51,2350.04,4,1.0,2007,Townhouse,3424.42,FL,Tampa,20978,Suburban,2,False,True,Window Units,Electric,C,179.45,False,34,2023-10-10,,Active,10,5,1,81,91,47,Beautiful home in prime location,514648.51,2022-07-11
344475.01,269.56,184.82,6539.61,2657.62,2815.68,4,3.0,1953,Single Family,5116.96,CA,Sacramento,38135,Urban,3,False,False,Window Units,Gas,C,205.46,False,32,2023-01-15,,New,5,1,8,19,33,53,Beautiful home in prime location,283220.03,2022-06-27
152523.14,238.4,494.05,4027.26,1783.81,2521.54,6,3.5,1951,Condo,4366.74,GA,Atlanta,68139,Urban,3,False,False,Window Units,Heat Pump,B,191.54,False,162,2023-01-08,,New,7,4,4,94,39,53,Beautiful home in prime location,136798.0,2022-09-23
566943.38,111.88,230.22,13533.35,4409.88,2656.3,3,1.5,1994,Multi-Family,2129.01,CO,Denver,44447,Rural,0,False,False,Window Units,Gas,D,217.17,False,5,2023-07-23,,Active,8,4,1,67,8,90,Beautiful home in prime location,496824.45,2022-11-25
315913.92,172.2,181.88,6223.22,2489.09,2230.01,3,4.0,1957,Single Family,7068.81,NY,New York City,15164,Urban,0,False,True,None,Gas,E,209.04,False,100,2023-10-04,,New,5,7,3,36,19,37,Beautiful home in prime location,271572.94,2022-10-07
567537.58,221.59,253.08,12885.32,4325.21,2331.28,5,2.0,1991,Townhouse,6286.23,IL,Aurora,65349,Rural,1,False,True,Central,Oil,D,160.67,False,156,2023-12-24,,Pending,10,8,8,49,74,54,Beautiful home in prime location,508930.99,2022-09-21
514285.97,156.64,330.19,7089.09,3663.19,2482.37,5,2.5,1970,Townhouse,6567.41,CA,San Diego,93604,Urban,1,False,False,Window Units,Oil,E,170.81,False,112,2023-11-22,,Pending,2,1,9,92,97,35,Beautiful home in prime location,417387.72,2022-12-05
295239.47,192.2,287.93,7750.13,2648.55,2184.13,2,1.5,2010,Apartment,6325.58,MA,Springfield,77565,Urban,0,True,True,Window Units,Electric,B,238.58,False,60,2023-01-02,,Sold,2,2,4,53,15,74,Beautiful home in prime location,243339.97,2022-02-03
514076.82,293.89,247.82,11163.96,3903.44,2170.55,5,4.0,2012,Apartment,2012.49,GA,Savannah,19277,Suburban,2,False,False,Window Units,Oil,A,154.9,False,170,2023-09-25,,Active,5,7,3,25,36,26,Beautiful home in prime location,478359.16,2022-03-13
539790.87,248.25,405.6,15093.02,4609.95,2862.54,6,2.5,2010,Apartment,1762.28,IL,Naperville,47368,Rural,2,False,False,Window Units,Heat Pump,D,247.64,False,79,2023-01-19,,Active,9,5,8,68,81,81,Beautiful home in prime location,453618.69,2022-06-02
567279.87,192.53,271.7,10061.69,4107.72,1819.01,4,2.5,1999,Apartment,3469.59,CO,Fort Collins,54007,Suburban,3,False,False,Central,Oil,E,161.14,False,159,2023-04-23,,Pending,4,7,5,17,97,61,Beautiful home in prime location,489900.6,2022-04-15
447332.75,151.65,156.59,11641.98,3604.81,2259.21,4,4.0,2009,Multi-Family,3467.68,NY,New York City,35734,Suburban,3,False,False,Central,Forced Air,E,241.4,False,148,2023-07-23,,Active,10,5,2,35,71,97,Beautiful home in prime location,364369.81,2022-06-20
632949.1,194.05,235.35,6337.62,4123.53,1290.24,3,2.5,1994,Single Family,6056.82,GA,Augusta,36644,Rural,0,False,True,Central,Oil,E,195.31,False,37,2023-07-23,,Pending,9,10,9,18,99,97,Beautiful home in prime location,591069.83,2022-11-12
443328.28,248.48,213.51,9695.61,3442.5,2118.97,1,3.0,1967,Condo,4949.51,GA,Savannah,70763,Suburban,0,False,False,Window Units,Oil,E,204.39,False,42,2023-08-03,,New,10,6,2,71,79,38,Beautiful home in prime location,367126.35,2022-06-21
596353.98,186.78,233.44,10844.88,4225.64,2200.93,4,1.5,1987,Multi-Family,2210.45,CA,San Diego,92584,Suburban,1,False,False,Window Units,Forced Air,B,106.69,True,50,2023-04-20,,Active,10,3,9,81,72,18,Beautiful home in prime location,561532.08,2022-09-18
227123.19,157.14,233.44,3167.09,1757.04,2202.37,1,2.0,1996,Single Family,5317.72,NY,Buffalo,59573,Rural,0,False,False,None,Forced Air,D,124.07,False,167,2023-11-05,,Sold,5,1,2,70,34,43,Beautiful home in prime location,213948.75,2022-07-11
600498.33,218.04,156.59,16636.32,4575.26,2181.93,3,4.0,1951,Apartment,4564.34,CO,Fort Collins,65113,Suburban,2,False,False,Window Units,Oil,A,29.81,False,74,2023-01-27,,New,4,6,10,37,2,26,Beautiful home in prime location,533578.09,2022-12-10
799493.58,276.77,258.43,9978.77,5351.65,1780.29,4,4.0,1951,Condo,7844.79,CA,Sacramento,54343,Suburban,0,False,True,None,Oil,A,264.18,False,172,2023-03-05,,Sold,4,10,10,75,41,19,Beautiful home in prime location,665165.58,2022-09-18
537851.01,248.58,204.55,16037.41,4370.12,3444.92,2,3.5,1996,Townhouse,7926.89,GA,Savannah,48921,Suburban,0,False,True,None,Oil,E,139.86,False,154,2023-05-06,,Pending,6,7,8,24,47,48,Beautiful home in prime location,471080.21,2022-03-08
420647.88,221.46,191.47,5858.62,2941.38,2027.76,2,4.0,1950,Apartment,7180.39,FL,Tampa,98430,Rural,0,False,True,Window Units,Electric,A,158.45,False,125,2023-02-08,,New,4,8,2,18,63,61,Beautiful home in prime location,350341.88,2022-05-08
406801.9,238.78,362.13,4889.98,2934.94,2374.4,4,3.0,1988,Apartment,6541.83,FL,Jacksonville,96924,Urban,3,False,False,None,Heat Pump,E,131.3,False,99,2023-12-03,,Sold,2,5,1,2,55,0,Beautiful home in prime location,334148.01,2022-06-13
311184.38,197.61,230.22,4127.91,2302.24,2068.8,4,3.0,1977,Multi-Family,5916.1,TX,San Antonio,95856,Urban,0,False,False,Central,Electric,C,172.11,True,46,2023-04-02,,New,4,7,7,94,27,8,Beautiful home in prime location,276295.85,2022-06-19
289245.0,151.89,433.68,5980.4,2513.01,1488.86,4,3.0,2014,Condo,5004.93,NY,Rochester,89592,Rural,3,False,False,Central,Forced Air,B,134.73,False,14,2023-10-26,,Pending,7,7,3,82,75,45,Beautiful home in prime location,245681.54,2022-06-23
467368.02,190.14,319.51,5831.69,3358.94,2323.63,3,3.0,2018,Multi-Family,7350.75,CO,Fort Collins,44696,Urban,1,False,True,Window Units,Oil,E,216.62,False,59,2023-02-26,,Active,4,3,5,12,93,81,Beautiful home in prime location,405642.76,2022-06-10
502524.63,196.06,424.18,7692.53,3727.56,2177.54,4,3.0,2000,Multi-Family,5457.21,WA,Spokane,89719,Urban,1,False,False,None,Electric,B,149.71,False,150,2023-01-13,,Active,8,6,9,21,93,8,Beautiful home in prime location,426699.78,2022-03-11
552359.94,244.0,181.88,12095.74,4110.08,1288.67,3,3.5,2009,Apartment,5441.61,TX,Dallas,38453,Rural,3,False,True,Window Units,Gas,C,158.43,False,65,2023-10-23,,Active,7,10,9,83,31,7,Beautiful home in prime location,484716.47,2022-05-02
393266.45,205.75,156.59,9623.19,3173.16,2550.32,1,3.0,1969,Condo,7004.04,AZ,Scottsdale,71680,Urban,1,False,False,None,Gas,A,248.31,False,120,2023-01-16,,New,2,3,2,90,39,82,Beautiful home in prime location,334471.11,2022-01-12
292973.75,121.44,57.87,5962.18,2249.69,2134.37,4,2.0,1955,Condo,3790.76,GA,Athens,13852,Urban,0,False,True,None,Gas,B,230.11,False,102,2023-10-18,,Active,5,7,5,24,69,43,Beautiful home in prime location,267953.2,2022-09-16
317098.6,148.43,127.6,4710.34,2335.36,1894.63,4,4.0,2002,Condo,7308.7,WA,Bellevue,42954,Urban,2,False,True,None,Gas,B,229.75,False,5,2023-01-02,,New,5,5,7,4,90,35,Beautiful home in prime location,294425.14,2022-12-08
644874.53,159.86,244.9,15435.57,4936.16,2583.1,4,1.5,1989,Townhouse,6505.22,AZ,Tucson,78126,Rural,2,True,True,None,Oil,D,180.59,False,148,2023-02-24,,Active,10,7,3,58,72,99,Beautiful home in prime location,547106.65,2022-10-18
486331.81,197.26,230.22,11383.68,3811.32,2584.28,3,1.5,1989,Multi-Family,4572.86,MA,Cambridge,10559,Urban,0,True,False,Window Units,Gas,B,200.8,False,61,2023-09-21,,New,1,3,9,39,52,6,Beautiful home in prime location,403516.09,2022-02-21
638212.84,211.9,189.1,16108.5,4876.29,2088.44,6,3.0,1993,Condo,8079.9,AZ,Scottsdale,61094,Suburban,1,False,True,None,Gas,E,153.75,False,71,2023-04-08,,Active,7,5,9,69,71,1,Beautiful home in prime location,598418.81,2022-04-08
324181.93,178.63,135.31,4457.38,2260.62,1961.38,2,4.0,1996,Apartment,6166.52,CO,Fort Collins,97387,Rural,2,True,False,None,Electric,D,132.95,False,167,2023-12-14,,New,7,9,10,17,14,49,Beautiful home in prime location,277634.27,2022-11-19
314433.81,240.12,302.28,3776.19,2366.57,2104.3,2,1.0,1988,Townhouse,9545.76,MA,Worcester,47259,Urban,0,False,False,None,Oil,B,177.44,False,8,2023-09-04,,New,7,2,3,85,10,32,Beautiful home in prime location,259618.6,2022-01-26
324754.75,223.24,323.6,6771.51,2658.22,1721.28,2,3.5,1957,Townhouse,9014.29,MA,Boston,73511,Rural,2,False,True,None,Forced Air,B,146.56,False,172,2023-07-24,,Active,2,8,1,16,24,68,Beautiful home in prime location,287208.9,2022-11-23
453738.87,207.97,338.07,7339.08,3426.05,1923.53,6,3.0,2012,Townhouse,9857.19,CA,San Diego,80279,Suburban,0,False,True,None,Oil,C,207.7,False,115,2023-04-01,,New,10,8,3,47,96,39,Beautiful home in prime location,369487.8,2022-05-13
254276.86,160.04,241.56,3723.99,1929.28,2400.78,3,3.0,1973,Townhouse,6318.01,WA,Tacoma,41241,Suburban,2,True,True,Window Units,Forced Air,B,106.01,False,92,2023-10-24,,New,3,8,2,58,58,57,Beautiful home in prime location,224454.06,2022-05-08
425908.74,239.18,317.21,5916.98,3107.73,963.07,5,3.5,1975,Condo,3651.85,MA,Boston,88597,Suburban,1,False,True,None,Electric,B,167.89,False,50,2023-04-18,,New,6,4,1,29,64,45,Beautiful home in prime location,385489.26,2022-01-02
596427.05,120.82,256.31,10844.29,4408.53,1631.61,4,3.0,1984,Apartment,6081.0,CA,Sacramento,60280,Urban,2,False,False,Central,Gas,B,266.4,False,160,2023-05-26,,Active,10,8,6,47,34,64,Beautiful home in prime location,480377.52,2022-09-21
551515.44,182.66,230.22,8724.62,3887.96,1611.87,2,1.5,1960,Multi-Family,4939.87,MA,Cambridge,74282,Rural,0,False,True,Central,Gas,A,173.11,False,38,2023-01-21,,Pending,8,4,5,28,12,89,Beautiful home in prime location,508175.62,2022-06-23
521185.3,156.76,230.22,13740.07,4122.12,1778.58,3,4.0,2005,Multi-Family,5421.42,MA,Cambridge,20420,Rural,2,True,True,None,Gas,E,140.97,False,108,2023-02-04,,Pending,6,9,2,45,28,65,Beautiful home in prime location,459974.71,2022-03-08
641402.81,197.96,220.94,17260.2,5086.79,1038.14,2,2.0,1969,Condo,7193.56,CO,Denver,50774,Suburban,3,False,True,Window Units,Electric,C,220.49,False,171,2023-01-03,,New,7,2,6,81,87,90,Beautiful home in prime location,592231.84,2022-11-15
607057.88,239.53,318.71,11716.87,4514.34,2117.14,3,1.5,1977,Townhouse,4439.55,GA,Savannah,42978,Suburban,2,True,False,Central,Oil,A,183.93,False,59,2023-12-20,,Active,8,8,5,3,29,7,Beautiful home in prime location,539711.63,2022-08-16
290645.65,227.18,362.34,3746.59,2346.09,2726.06,5,1.0,2003,Townhouse,4300.47,FL,Orlando,30598,Urban,3,True,False,None,Heat Pump,D,218.3,False,103,2023-07-13,,New,4,5,10,78,18,29,Beautiful home in prime location,232727.58,2022-08-25
645637.56,120.16,117.24,16825.03,5014.95,1371.17,2,4.0,2012,Apartment,6589.99,FL,Orlando,49400,Suburban,2,True,True,None,Gas,B,267.43,False,37,2023-07-05,,New,9,2,8,65,43,91,Beautiful home in prime location,591098.5,2022-05-05
434837.27,47.27,523.69,9145.18,3642.76,2452.1,4,1.0,1974,Condo,7012.61,TX,Houston,99684,Rural,3,False,False,None,Gas,B,182.79,False,67,2023-01-13,,Pending,7,3,7,20,54,87,Beautiful home in prime location,377385.18,2022-05-10
374831.75,194.84,359.55,7665.34,3179.2,2658.42,3,1.5,1974,Condo,8840.32,CA,Sacramento,12550,Urban,3,False,False,None,Electric,D,306.71,False,145,2023-09-05,,Pending,6,9,9,78,52,6,Beautiful home in prime location,348559.53,2022-01-23
707183.25,199.9,323.6,11588.43,5041.1,2415.84,3,1.5,1956,Apartment,5178.01,WA,Spokane,15437,Rural,0,False,True,Window Units,Gas,D,215.89,False,81,2023-05-15,,Sold,4,7,3,1,62,51,Beautiful home in prime location,573894.89,2022-07-15
370465.14,139.05,361.1,8823.14,3224.56,2488.47,5,2.5,1999,Condo,8182.14,AZ,Mesa,11394,Rural,1,True,True,Window Units,Gas,C,275.88,True,32,2023-07-08,,Pending,8,10,3,94,20,24,Beautiful home in prime location,308880.92,2022-04-19
590408.65,159.78,189.1,7363.52,3951.75,1673.19,2,1.5,1963,Condo,2871.54,NY,New York City,46848,Urban,0,False,False,None,Forced Air,E,196.98,False,50,2023-04-07,,Sold,2,5,4,89,23,53,Beautiful home in prime location,503457.6,2022-11-01
320849.95,180.58,117.24,5377.79,2372.62,1689.18,1,2.5,1968,Condo,5862.71,GA,Augusta,42212,Rural,0,False,False,Window Units,Electric,D,202.98,False,159,2023-05-25,,Pending,8,1,8,18,52,68,Beautiful home in prime location,280189.7,2022-07-12
642683.59,113.56,256.31,18478.04,5098.09,1071.85,2,3.0,1984,Single Family,4998.64,FL,Jacksonville,83862,Urban,2,False,True,Central,Forced Air,B,88.53,False,1,2023-11-18,,Sold,4,5,2,1,12,68,Beautiful home in prime location,554000.98,2022-11-24
418340.82,150.47,424.18,4482.29,3043.33,2670.02,5,2.5,1989,Single Family,5989.93,MA,Springfield,55332,Urban,3,False,True,None,Gas,A,153.92,False,179,2023-07-23,,Sold,3,8,4,5,1,38,Beautiful home in prime location,345285.2,2022-04-25
318085.96,272.07,235.35,3849.28,2290.99,1972.23,4,2.5,2002,Single Family,7170.73,TX,Dallas,12836,Suburban,2,False,True,None,Heat Pump,D,144.45,True,103,2023-07-20,,New,9,1,3,31,2,55,Beautiful home in prime location,274113.37,2022-01-12
478624.02,157.62,57.87,13692.67,3742.53,2399.42,4,3.0,2007,Single Family,4774.83,FL,Jacksonville,17149,Rural,2,True,True,None,Forced Air,E,150.49,False,12,2023-02-04,,Sold,8,4,5,6,9,79,Beautiful home in prime location,439236.07,2022-02-20
331676.92,223.3,57.87,9733.28,2827.77,1767.98,4,2.5,1952,Townhouse,5527.48,AZ,Tucson,38181,Urban,3,False,True,None,Heat Pump,C,300.41,False,119,2023-01-25,,New,4,5,8,19,7,89,Beautiful home in prime location,275966.84,2022-08-08
444568.95,170.0,387.91,11824.27,3824.1,1753.0,4,1.5,1995,Single Family,10004.43,AZ,Scottsdale,64543,Urban,0,True,True,Window Units,Gas,E,227.99,False,60,2023-04-24,,Sold,10,9,4,86,24,27,Beautiful home in prime location,371762.44,2022-04-10
337668.5,217.81,135.31,7996.89,2737.56,1885.71,3,3.5,2003,Apartment,7149.98,AZ,Scottsdale,65029,Rural,3,False,False,None,Heat Pump,C,247.5,False,6,2023-04-23,,Sold,8,8,6,95,3,69,Beautiful home in prime location,316716.52,2022-07-04
531677.28,161.94,362.13,11938.89,4215.98,1631.03,6,3.5,2000,Condo,5493.35,TX,Austin,83799,Urban,3,False,True,None,Oil,A,200.56,False,79,2023-02-25,,Sold,2,3,7,88,48,59,Beautiful home in prime location,491368.74,2022-10-10
462666.11,196.06,318.71,6821.04,3440.16,2057.56,4,3.5,1965,Townhouse,6322.39,MA,Cambridge,93842,Rural,3,False,False,None,Gas,C,239.7,False,157,2023-01-27,,Sold,7,8,2,12,70,34,Beautiful home in prime location,423760.43,2022-04-14
504632.5,152.13,267.85,9478.81,3754.32,2318.03,4,1.5,1953,Multi-Family,6023.38,GA,Atlanta,94129,Rural,1,False,False,None,Oil,A,173.4,False,122,2023-09-11,,Sold,3,5,2,97,90,87,Beautiful home in prime location,449279.21,2022-09-17
477272.22,156.13,384.6,6314.16,3586.12,1272.18,2,1.5,1953,Townhouse,5587.78,AZ,Tucson,60446,Urban,2,False,False,Window Units,Gas,D,288.98,False,163,2023-05-23,,Active,7,4,6,31,77,77,Beautiful home in prime location,428049.8,2022-11-08
502387.73,176.14,230.22,14112.57,4184.87,2087.94,5,2.0,1957,Multi-Family,7472.16,WA,Spokane,86509,Suburban,1,False,False,Window Units,Oil,B,266.66,False,10,2023-09-22,,Pending,3,10,3,93,74,73,Beautiful home in prime location,449157.18,2022-07-02
482235.25,253.83,253.96,11565.32,3814.73,2059.16,4,2.5,1969,Multi-Family,5956.89,IL,Springfield,17216,Suburban,0,False,True,None,Forced Air,C,185.81,False,157,2023-02-14,,Sold,9,4,9,76,45,14,Beautiful home in prime location,441220.64,2022-10-19
236798.95,228.33,362.34,4067.8,2063.43,2728.63,2,1.5,2015,Multi-Family,8334.02,IL,Aurora,49022,Rural,3,False,False,Central,Gas,C,178.11,False,33,2023-01-05,,Active,4,5,10,5,39,45,Beautiful home in prime location,191534.62,2022-12-10
464231.64,200.52,185.24,7153.74,3289.55,2163.17,4,3.0,1965,Condo,6564.83,MA,Springfield,59119,Rural,0,False,True,Window Units,Heat Pump,E,187.0,False,66,2023-05-14,,Active,3,1,5,8,12,66,Beautiful home in prime location,414266.75,2022-05-09
548250.8,198.66,258.43,5796.3,3755.63,1777.12,5,4.0,1992,Townhouse,8148.33,GA,Savannah,26204,Urban,0,False,True,Central,Forced Air,E,272.92,False,140,2023-03-16,,New,5,1,2,18,72,91,Beautiful home in prime location,517641.4,2022-08-17
617645.16,148.5,402.95,14112.05,4900.75,2160.52,3,2.0,1999,Apartment,4544.82,CA,San Diego,98734,Urban,0,False,False,Window Units,Gas,C,233.57,False,93,2023-08-19,,Active,2,3,9,42,55,0,Beautiful home in prime location,555769.34,2022-10-26
445719.51,214.05,396.8,4646.3,3145.98,1366.77,5,3.0,1991,Single Family,6647.29,CA,San Diego,66501,Urban,2,False,True,None,Gas,C,133.39,False,7,2023-04-03,,New,10,3,8,64,67,7,Beautiful home in prime location,405316.65,2022-04-08
402719.93,146.05,233.44,6595.41,2974.1,2042.59,3,1.0,1985,Condo,5139.65,FL,Orlando,38170,Rural,1,True,True,Window Units,Gas,C,177.45,False,82,2023-12-01,,New,2,5,10,73,62,39,Beautiful home in prime location,346406.6,2022-02-15
411217.71,182.87,0.0,11792.69,3263.13,1043.12,2,4.0,2000,Townhouse,2787.27,GA,Augusta,55998,Urban,0,False,False,None,Oil,E,224.32,False,66,2023-12-13,,Active,1,3,6,10,31,54,Beautiful home in prime location,334444.0,2022-12-05
325035.01,151.65,332.75,7699.33,2887.94,2060.26,4,2.5,1984,Single Family,8407.27,NY,Rochester,58963,Rural,0,False,False,Window Units,Oil,D,288.41,True,75,2023-08-08,,Pending,2,9,8,43,61,37,Beautiful home in prime location,285187.8,2022-11-05
508603.97,188.5,386.22,14967.01,4386.9,1607.56,4,3.0,1972,Apartment,7366.04,NY,Albany,53993,Urban,1,False,False,Central,Heat Pump,A,210.41,False,15,2023-09-13,,Active,10,5,1,27,85,73,Beautiful home in prime location,438829.92,2022-08-23
662949.91,129.99,296.18,10050.16,4681.95,1363.47,4,2.5,2005,Multi-Family,7237.46,AZ,Mesa,52963,Urban,1,False,False,None,Electric,D,233.5,False,14,2023-12-05,,Sold,6,2,8,44,31,54,Beautiful home in prime location,532738.29,2022-09-18
456533.53,290.45,458.73,13278.48,4108.8,1911.17,4,3.5,2016,Multi-Family,6247.97,FL,Miami,12596,Urban,3,False,True,Window Units,Heat Pump,C,260.86,False,79,2023-02-14,,Active,5,10,5,27,71,94,Beautiful home in prime location,391656.93,2022-07-04
537857.07,44.64,353.88,6151.7,3739.66,2352.39,4,3.5,2006,Townhouse,3974.43,MA,Cambridge,11536,Urban,2,False,True,Window Units,Forced Air,B,183.85,False,29,2023-07-02,,New,3,2,8,95,37,96,Beautiful home in prime location,450148.16,2022-06-19
429986.92,286.92,318.37,9929.63,3494.09,1952.54,6,1.0,1977,Townhouse,3421.05,MA,Worcester,54237,Rural,2,False,True,Central,Forced Air,A,198.32,False,100,2023-07-20,,New,10,4,7,57,38,92,Beautiful home in prime location,396053.81,2022-02-19
700515.57,143.32,386.22,17006.37,5572.12,2316.16,3,1.5,1956,Multi-Family,2408.06,TX,San Antonio,55294,Rural,3,False,True,Window Units,Gas,D,266.12,False,63,2023-11-11,,Pending,10,3,3,10,78,16,Beautiful home in prime location,648381.92,2022-08-10
424684.63,176.31,233.44,10828.19,3498.64,2176.56,2,2.0,2014,Single Family,10731.25,CO,Denver,57969,Rural,1,True,False,Central,Electric,A,239.44,False,175,2023-09-10,,Active,7,8,1,43,77,14,Beautiful home in prime location,391973.8,2022-01-19
855117.5,221.51,17.53,17069.2,5896.32,2258.61,4,4.0,2023,Apartment,5749.42,TX,San Antonio,36984,Rural,3,False,True,Central,Oil,D,180.77,False,141,2023-02-05,,Sold,5,6,5,46,73,23,Beautiful home in prime location,746063.21,2022-06-19
565696.95,129.89,318.37,8135.55,4065.6,1572.47,2,1.0,1952,Apartment,5578.22,GA,Atlanta,26003,Rural,2,False,True,None,Gas,B,240.78,False,45,2023-11-15,,Active,2,6,3,37,48,73,Beautiful home in prime location,471770.97,2022-12-20
455093.97,221.44,458.73,10082.37,3734.5,2621.83,4,3.5,2004,Condo,4852.11,FL,Tampa,66306,Rural,2,False,True,None,Electric,C,160.1,False,178,2023-08-14,,Active,10,6,2,4,43,79,Beautiful home in prime location,431485.22,2022-03-25
483142.83,224.82,367.76,13025.87,4040.3,1884.26,3,1.5,1969,Multi-Family,4465.33,GA,Augusta,85612,Urban,2,False,False,None,Gas,B,171.34,False,162,2023-12-13,,Pending,6,4,1,66,98,73,Beautiful home in prime location,420660.07,2022-03-21
297129.23,276.14,210.84,5675.12,2370.93,2509.19,2,2.5,2007,Townhouse,3347.44,FL,Jacksonville,32501,Rural,1,False,True,Window Units,Heat Pump,C,201.52,False,115,2023-09-20,,Pending,6,7,6,60,76,66,Beautiful home in prime location,238821.61,2022-02-15
521061.53,179.87,253.96,14846.81,4251.24,1659.49,4,3.5,1992,Single Family,8425.56,CO,Colorado Springs,98390,Suburban,2,False,False,Window Units,Gas,E,154.74,True,178,2023-05-04,,Pending,6,3,1,25,70,45,Beautiful home in prime location,446922.25,2022-08-01
517732.71,224.58,417.92,13235.95,4360.81,1634.44,2,1.5,1978,Condo,5319.64,WA,Seattle,91297,Urban,2,False,False,None,Gas,B,251.22,False,21,2023-01-04,,New,7,8,10,68,87,32,Beautiful home in prime location,442878.9,2022-11-06
613966.89,68.53,117.24,18250.14,4953.58,2040.22,4,3.0,2004,Multi-Family,3299.1,CA,San Francisco,62849,Urban,0,False,False,Central,Gas,C,245.66,False,168,2023-04-03,,New,5,2,5,90,40,58,Beautiful home in prime location,575362.07,2022-09-08
399632.93,263.78,384.6,9524.52,3309.36,2327.21,4,1.0,1993,Apartment,6942.39,CO,Denver,63135,Rural,0,False,True,None,Gas,D,132.89,False,57,2023-02-11,,Sold,10,10,1,100,81,54,Beautiful home in prime location,369640.75,2022-11-07
467146.29,192.96,366.41,8610.09,3571.41,1339.11,3,1.0,2015,Condo,4632.89,WA,Tacoma,20785,Urban,0,False,True,Window Units,Forced Air,C,151.76,False,80,2023-11-15,,New,2,1,10,33,61,86,Beautiful home in prime location,385456.02,2022-02-03
474560.11,145.25,317.21,5772.12,3327.84,2156.92,2,1.0,1976,Townhouse,8051.74,CO,Boulder,83191,Urban,3,False,True,Central,Gas,D,156.82,False,137,2023-11-03,,Pending,4,2,7,18,7,97,Beautiful home in prime location,443756.29,2022-09-14
357205.2,116.93,141.17,4668.01,2515.94,1998.79,4,1.5,1967,Apartment,3403.88,MA,Boston,51884,Urban,0,True,False,Window Units,Heat Pump,E,199.75,False,99,2023-02-11,,Active,4,6,10,79,43,19,Beautiful home in prime location,316455.84,2022-03-18
783012.28,259.6,162.56,13969.01,5531.5,1602.95,4,2.5,1997,Multi-Family,7409.61,TX,Houston,87069,Rural,2,True,True,Window Units,Forced Air,D,289.79,False,67,2023-12-10,,New,10,4,5,1,26,4,Beautiful home in prime location,694526.3,2022-03-02
323696.0,127.98,374.86,9060.24,2941.61,2104.89,3,3.5,1995,Apartment,2813.3,MA,Cambridge,67060,Urban,3,False,False,Window Units,Gas,B,193.25,False,27,2023-08-24,,Sold,5,3,4,63,61,97,Beautiful home in prime location,261626.83,2022-08-07
410195.48,215.94,213.51,10291.39,3298.23,1833.69,2,3.5,2004,Apartment,9919.97,CO,Fort Collins,51551,Rural,1,False,False,None,Electric,E,176.13,False,175,2023-04-20,,Active,6,7,3,2,33,38,Beautiful home in prime location,341348.26,2022-07-12
265355.39,109.83,494.51,3944.18,2310.49,1354.01,3,3.5,2002,Condo,4784.74,TX,Austin,52325,Rural,1,False,False,None,Gas,E,160.53,False,99,2023-11-12,,Active,2,3,8,69,30,78,Beautiful home in prime location,229944.49,2022-03-25
503520.24,146.22,338.07,14468.91,4294.26,1834.22,4,1.5,1998,Single Family,4132.92,WA,Tacoma,92717,Rural,0,False,False,Central,Gas,E,232.85,False,148,2023-04-24,,Pending,10,6,5,57,9,2,Beautiful home in prime location,474482.73,2022-07-25
589238.55,150.76,399.72,12406.32,4607.26,2369.59,3,3.5,2022,Single Family,5887.7,CA,San Francisco,59257,Urban,3,False,True,None,Oil,D,227.49,False,165,2023-06-08,,Sold,1,8,4,40,82,30,Beautiful home in prime location,547728.62,2022-06-14
426873.7,153.97,242.04,12583.74,3599.36,1224.56,3,3.0,1964,Apartment,5936.39,CA,San Francisco,24438,Rural,3,False,False,None,Electric,D,174.31,True,151,2023-09-16,,Pending,3,8,8,58,53,97,Beautiful home in prime location,360175.34,2022-03-19
226386.67,207.8,349.62,4577.59,2089.02,2112.62,6,4.0,1958,Multi-Family,3506.03,FL,Tampa,34194,Suburban,3,True,True,None,Gas,E,226.0,False,102,2023-02-18,,Pending,6,7,2,89,77,70,Beautiful home in prime location,187176.03,2022-09-16
632305.15,230.06,296.18,12837.91,4733.45,2460.05,5,4.0,1992,Single Family,2546.26,GA,Savannah,78633,Urban,2,False,False,Central,Forced Air,B,205.91,False,40,2023-05-10,,Pending,2,6,2,3,78,79,Beautiful home in prime location,583487.96,2022-01-26
621011.41,102.72,265.69,12794.17,4625.72,1289.47,3,1.5,1975,Townhouse,5865.75,GA,Atlanta,23930,Suburban,0,False,False,Window Units,Oil,C,188.79,False,96,2023-05-06,,Sold,5,9,2,15,88,8,Beautiful home in prime location,587416.42,2022-06-17
385171.11,232.66,315.82,4942.31,2848.66,1737.09,3,1.0,1994,Condo,6419.66,IL,Springfield,23026,Suburban,1,False,True,Central,Forced Air,E,195.12,False,122,2023-04-10,,Pending,6,10,9,68,2,25,Beautiful home in prime location,328161.37,2022-04-25
268264.78,232.02,494.05,7785.61,2720.12,1735.61,3,2.5,1996,Single Family,9041.96,FL,Tampa,60864,Suburban,1,False,False,None,Gas,D,235.94,False,28,2023-08-04,,Pending,9,6,5,4,66,15,Beautiful home in prime location,234460.94,2022-07-06
634829.24,171.0,319.51,9607.01,4511.18,991.28,3,3.0,1966,Apartment,3138.26,CA,Los Angeles,66949,Urban,0,False,False,None,Electric,D,216.94,True,169,2023-10-10,,Pending,1,1,9,19,60,100,Beautiful home in prime location,535825.99,2022-07-06
327073.58,204.36,189.1,7336.7,2516.25,2290.89,3,2.5,1967,Apartment,5095.66,GA,Athens,16412,Rural,2,True,True,Window Units,Electric,C,80.38,False,75,2023-10-19,,Pending,1,9,2,50,39,19,Beautiful home in prime location,301934.15,2022-05-04
483759.45,163.5,367.76,11154.17,3906.52,2095.36,3,2.5,2001,Apartment,4660.32,FL,Tampa,41142,Rural,1,False,False,Window Units,Forced Air,B,190.45,False,178,2023-01-11,,New,3,3,1,64,28,51,Beautiful home in prime location,427955.56,2022-12-25
257879.52,207.4,370.37,3023.81,2114.23,2491.93,3,2.0,1978,Single Family,6594.92,NY,Rochester,74916,Suburban,0,False,False,None,Electric,D,202.48,False,129,2023-11-14,,Active,4,1,2,14,75,35,Beautiful home in prime location,243976.41,2022-06-15
460171.61,189.08,256.43,6856.33,3419.2,2110.93,6,3.0,1997,Single Family,4739.05,MA,Boston,19956,Urban,1,False,False,Central,Oil,A,290.55,False,144,2023-05-17,,New,5,8,5,18,81,87,Beautiful home in prime location,433259.99,2022-07-25
427370.89,226.48,233.44,5992.28,3083.52,2334.07,3,1.0,1967,Condo,5452.49,CA,San Diego,16750,Suburban,3,True,True,None,Oil,C,213.87,False,47,2023-05-10,,New,9,7,7,78,1,88,Beautiful home in prime location,391302.87,2022-06-06
268157.99,154.62,335.1,7418.67,2559.76,2183.67,3,1.0,2023,Single Family,5893.33,GA,Athens,10573,Suburban,2,True,False,None,Heat Pump,D,265.65,False,40,2023-04-10,,Active,7,7,6,6,93,63,Beautiful home in prime location,247778.95,2022-05-04
502225.23,199.2,247.82,9519.77,3721.68,2125.07,2,2.5,2003,Apartment,9099.21,CO,Fort Collins,83068,Suburban,1,False,True,Central,Oil,D,169.42,False,118,2023-05-06,,New,3,9,3,47,14,81,Beautiful home in prime location,403765.92,2022-04-06
610932.61,186.78,367.76,18061.41,5065.37,1573.72,1,1.0,1999,Condo,7691.34,CO,Denver,19560,Rural,0,False,False,Central,Gas,A,137.84,True,114,2023-04-10,,Active,6,9,4,81,86,98,Beautiful home in prime location,521791.37,2022-09-24
583563.4,184.41,302.28,16969.13,4888.93,1269.11,4,4.0,2019,Single Family,5613.04,CO,Colorado Springs,18867,Urban,2,True,False,Central,Oil,E,254.74,False,19,2023-03-24,,Active,4,2,10,87,61,99,Beautiful home in prime location,542089.67,2022-05-18
519158.33,194.83,204.55,10295.52,3849.02,2281.68,4,3.5,1955,Multi-Family,8018.55,WA,Seattle,90281,Rural,3,False,False,None,Oil,C,190.71,False,138,2023-06-21,,Sold,3,4,3,84,5,13,Beautiful home in prime location,458796.01,2022-04-09
659375.78,168.34,127.98,12708.71,4605.87,2423.04,3,2.0,2000,Townhouse,9444.64,TX,Dallas,39622,Suburban,2,False,True,None,Electric,C,121.96,False,72,2023-02-25,,Active,2,7,5,52,76,23,Beautiful home in prime location,582270.82,2022-09-13
606282.81,273.29,208.68,13324.03,4526.23,1440.16,4,4.0,2021,Apartment,8283.54,CA,San Francisco,83009,Rural,2,False,False,Central,Heat Pump,B,175.8,True,35,2023-06-07,,Active,10,7,10,78,2,45,Beautiful home in prime location,500700.39,2022-07-08
484349.9,149.33,338.07,8338.59,3571.14,2556.77,3,2.0,2001,Single Family,5102.53,CO,Denver,63245,Urban,1,False,True,Window Units,Forced Air,A,116.44,False,120,2023-06-27,,Pending,4,7,6,58,60,3,Beautiful home in prime location,411629.89,2022-12-17
573572.32,106.57,256.31,7728.16,3915.47,1010.7,3,2.5,1966,Multi-Family,8613.76,TX,Austin,26736,Urban,0,False,True,Window Units,Gas,C,147.28,False,80,2023-11-26,,Active,8,8,10,34,5,93,Beautiful home in prime location,488033.54,2022-02-07
413230.93,242.66,376.55,4367.97,2958.69,2352.69,3,4.0,1964,Multi-Family,4840.12,WA,Tacoma,56011,Rural,1,False,False,Window Units,Electric,D,151.99,False,160,2023-07-01,,Active,6,9,7,14,16,51,Beautiful home in prime location,352401.49,2022-04-18
387881.93,200.28,360.02,9161.69,3244.79,2162.96,6,2.0,1981,Condo,4851.69,NY,Rochester,37214,Urban,0,True,False,None,Oil,B,181.88,False,123,2023-08-07,,Active,8,8,8,55,42,15,Beautiful home in prime location,352902.22,2022-09-17
583424.78,199.48,458.73,13494.98,4754.85,2498.72,4,3.0,1968,Apartment,4926.14,FL,Tampa,61488,Urban,1,True,True,Window Units,Forced Air,C,254.41,False,140,2023-07-08,,Pending,3,8,2,0,69,25,Beautiful home in prime location,534550.93,2022-12-04
607213.69,272.3,296.18,15465.11,4774.68,2074.72,2,2.5,2011,Single Family,4958.49,FL,Miami,64859,Urban,0,False,False,Window Units,Oil,B,153.66,False,62,2023-06-23,,Active,7,5,1,76,1,51,Beautiful home in prime location,533091.89,2022-08-04
75012.88,122.59,384.6,1229.98,1076.9,2665.55,2,4.0,2005,Apartment,6421.63,TX,Dallas,28723,Rural,3,False,False,None,Gas,A,214.74,False,66,2023-06-06,,Sold,9,1,9,25,70,30,Beautiful home in prime location,67883.74,2022-11-23
454701.16,246.58,330.19,10617.76,3695.12,1832.22,3,1.0,1958,Townhouse,5838.75,FL,Orlando,25959,Rural,3,False,False,Window Units,Oil,C,206.61,False,23,2023-01-16,,Sold,9,1,9,41,86,15,Beautiful home in prime location,421746.73,2022-03-02
310092.52,213.62,424.18,4017.83,2523.71,1175.29,2,3.5,1974,Single Family,3020.55,WA,Spokane,17880,Suburban,2,True,True,Central,Electric,A,214.25,False,123,2023-01-17,,Sold,4,4,7,23,99,7,Beautiful home in prime location,293673.21,2022-04-06
53872.08,208.66,253.08,1199.72,832.23,2406.23,4,2.5,1990,Condo,5815.53,CA,San Diego,38345,Urban,2,True,False,Window Units,Forced Air,E,209.82,False,88,2023-09-25,,Pending,10,6,4,19,74,34,Beautiful home in prime location,50217.35,2022-01-13
404891.7,138.12,239.22,8917.89,3188.23,2371.48,4,2.0,1970,Multi-Family,4876.08,CO,Fort Collins,51478,Suburban,1,False,False,None,Electric,D,181.39,False,17,2023-05-15,,Pending,9,6,5,40,39,29,Beautiful home in prime location,383643.75,2022-07-25
77068.9,196.64,230.22,1590.27,942.73,2089.61,2,3.5,1988,Condo,4388.82,GA,Atlanta,80077,Suburban,1,True,True,Window Units,Forced Air,E,194.64,False,53,2023-01-13,,Pending,8,5,7,95,79,95,Beautiful home in prime location,67547.9,2022-11-26
621385.52,204.08,386.22,18374.98,5221.06,2516.47,3,1.5,2022,Condo,4241.31,IL,Aurora,35250,Rural,2,True,False,Window Units,Oil,B,196.66,False,10,2023-02-23,,Pending,1,2,1,24,54,42,Beautiful home in prime location,521490.48,2022-11-12
572937.23,164.29,370.37,14109.27,4540.29,1540.03,1,1.5,2005,Single Family,9224.87,IL,Naperville,82981,Rural,0,False,False,None,Heat Pump,A,129.46,True,161,2023-03-01,,Pending,4,4,1,24,57,98,Beautiful home in prime location,482801.28,2022-01-27
485971.96,232.74,299.2,11098.73,3845.89,2600.45,2,3.5,2014,Townhouse,4156.67,IL,Springfield,56535,Suburban,0,False,True,None,Oil,B,191.94,False,90,2023-01-09,,Pending,1,10,7,41,16,17,Beautiful home in prime location,402842.96,2022-07-21
422931.56,277.73,317.21,11829.53,3581.92,1022.85,5,2.5,1954,Condo,6718.38,IL,Naperville,71878,Suburban,3,False,False,None,Heat Pump,D,164.26,False,125,2023-09-25,,Pending,4,4,9,21,50,15,Beautiful home in prime location,381513.91,2022-05-20
598433.86,219.08,315.82,13702.28,4702.94,1899.63,5,1.0,1974,Townhouse,4018.88,WA,Spokane,92909,Rural,3,False,False,None,Electric,E,253.09,False,92,2023-06-22,,Active,6,5,9,32,7,32,Beautiful home in prime location,535941.54,2022-08-02
508379.84,302.74,253.96,11343.83,3946.26,2497.45,3,2.5,1953,Apartment,7071.24,CA,San Francisco,47621,Rural,0,False,False,None,Heat Pump,A,205.08,False,173,2023-03-03,,Active,1,7,6,75,6,62,Beautiful home in prime location,453704.55,2022-08-19
430354.92,187.89,244.76,7868.56,3223.2,2525.94,3,2.0,1952,Single Family,3951.47,AZ,Phoenix,99691,Urban,2,False,True,Central,Gas,A,170.95,False,130,2023-07-25,,Pending,4,3,1,36,68,70,Beautiful home in prime location,350324.47,2022-01-01
551591.65,248.84,265.69,10733.23,4144.21,1932.33,3,2.5,1964,Apartment,6773.51,AZ,Phoenix,53692,Rural,0,False,False,None,Oil,D,226.13,False,38,2023-10-06,,Pending,4,4,5,79,33,64,Beautiful home in prime location,515412.91,2022-06-13
378083.19,104.85,235.35,3864.12,2718.97,1757.55,6,1.0,2003,Single Family,1871.04,TX,San Antonio,30850,Urban,1,True,True,None,Heat Pump,C,271.2,False,21,2023-03-06,,Active,1,3,10,27,30,99,Beautiful home in prime location,355789.99,2022-11-15
244531.39,149.19,244.76,5383.77,1994.92,1257.69,3,1.0,1961,Single Family,3718.62,TX,San Antonio,38214,Rural,3,False,True,None,Heat Pump,C,78.85,False,49,2023-09-25,,Pending,6,9,6,47,68,31,Beautiful home in prime location,221363.99,2022-08-05
349205.72,274.04,386.22,5399.24,2751.12,2278.7,4,4.0,2003,Apartment,10171.65,GA,Atlanta,26215,Suburban,0,False,True,Central,Oil,B,168.93,False,163,2023-07-01,,New,9,1,6,44,19,19,Beautiful home in prime location,302782.31,2022-04-05
459626.4,203.81,374.46,6049.6,3371.05,1725.84,5,2.5,1952,Condo,4536.57,GA,Savannah,76220,Suburban,0,False,False,Window Units,Heat Pump,A,194.32,False,62,2023-11-27,,Sold,7,7,3,66,2,11,Beautiful home in prime location,415982.48,2022-03-06
500725.65,191.2,367.76,11299.57,4103.62,2164.7,3,1.5,2013,Single Family,7148.69,CO,Fort Collins,84615,Rural,2,True,True,Central,Gas,B,290.6,False,121,2023-04-12,,Active,4,5,8,43,24,92,Beautiful home in prime location,419014.12,2022-11-21
541793.61,151.9,256.31,7528.12,3746.87,2195.43,5,4.0,2005,Condo,4512.64,NY,Albany,63648,Suburban,0,True,False,Window Units,Oil,C,154.25,False,28,2023-06-06,,New,1,10,3,58,24,81,Beautiful home in prime location,453392.69,2022-03-07
114163.73,169.96,185.24,2886.75,1149.06,2050.52,2,3.0,1985,Single Family,7542.7,CA,Sacramento,13439,Suburban,0,False,False,None,Electric,A,152.43,False,83,2023-09-06,,Sold,3,8,9,8,63,14,Beautiful home in prime location,91996.83,2022-10-02
385775.41,179.18,349.62,5767.01,2986.96,2342.05,4,2.5,1960,Condo,8040.85,FL,Miami,20231,Rural,0,False,True,None,Electric,B,227.89,False,108,2023-06-06,,Pending,10,5,10,73,76,50,Beautiful home in prime location,318586.84,2022-02-20
430211.43,162.48,141.17,7858.5,3168.91,2187.46,4,3.0,1994,Multi-Family,3082.12,NY,Albany,33758,Urban,2,False,False,None,Heat Pump,C,221.81,False,21,2023-04-27,,New,6,4,6,92,72,60,Beautiful home in prime location,377918.5,2022-04-25
382940.25,211.07,331.32,3874.75,2835.09,1808.69,3,4.0,1969,Multi-Family,3277.25,TX,Austin,88076,Suburban,1,False,False,Window Units,Heat Pump,B,266.18,False,97,2023-07-19,,New,6,9,9,83,68,39,Beautiful home in prime location,331923.44,2022-11-26
431310.86,155.59,239.22,6153.39,3067.08,1845.76,2,3.0,1981,Condo,3863.53,CO,Denver,35966,Suburban,2,False,False,None,Oil,A,158.52,False,38,2023-05-14,,Pending,2,10,2,32,14,29,Beautiful home in prime location,374155.14,2022-04-27
665725.12,165.02,362.34,19350.63,5501.92,2372.69,1,3.0,1988,Multi-Family,8668.23,TX,Austin,49137,Rural,1,True,False,Window Units,Oil,E,198.4,True,131,2023-01-16,,Sold,3,8,7,51,4,69,Beautiful home in prime location,574183.3,2022-01-11
521939.97,265.38,244.76,14185.17,4228.31,1619.83,3,4.0,1958,Apartment,6923.09,TX,Austin,33376,Rural,2,False,True,None,Forced Air,C,191.75,False,72,2023-05-17,,Sold,8,8,7,97,79,23,Beautiful home in prime location,433826.71,2022-05-09
268095.42,170.62,258.43,7770.26,2413.13,1471.93,3,3.5,2017,Condo,6593.33,CO,Boulder,53951,Suburban,3,False,True,None,Electric,C,166.7,False,106,2023-03-17,,Sold,5,6,8,13,2,67,Beautiful home in prime location,247279.24,2022-11-10
233287.69,213.29,335.1,2646.21,1973.63,1429.18,5,1.5,2014,Apartment,6415.99,TX,Austin,48486,Suburban,1,False,True,None,Forced Air,D,251.58,False,67,2023-05-12,,Sold,9,8,3,14,84,9,Beautiful home in prime location,199527.12,2022-12-18
326089.76,201.46,127.98,3394.14,2188.22,2504.76,4,3.0,1969,Townhouse,6454.88,FL,Jacksonville,30761,Suburban,0,True,True,Window Units,Oil,E,146.95,False,148,2023-08-02,,Pending,3,7,8,30,65,46,Beautiful home in prime location,289748.98,2022-10-01
303938.39,218.83,317.21,4939.21,2427.23,1513.21,3,3.5,1976,Apartment,6029.13,FL,Tampa,19083,Urban,0,False,True,Central,Electric,A,178.73,False,2,2023-10-27,,Sold,5,6,2,72,37,40,Beautiful home in prime location,253805.8,2022-08-01
773908.38,146.22,338.07,14505.16,5650.8,1891.67,4,2.0,1974,Apartment,3369.95,FL,Miami,61553,Rural,2,True,True,Central,Electric,B,234.43,False,37,2023-04-18,,Active,10,3,10,53,2,12,Beautiful home in prime location,668685.64,2022-03-19
337070.82,192.22,332.75,3871.61,2551.24,1738.32,3,4.0,2016,Townhouse,4679.12,IL,Naperville,99559,Rural,1,False,False,Central,Oil,D,210.51,False,41,2023-03-06,,New,9,1,7,31,79,94,Beautiful home in prime location,271861.28,2022-05-25
424474.9,210.82,127.6,4458.51,2769.78,1372.62,5,3.0,1962,Townhouse,4366.41,FL,Tampa,73682,Urban,3,False,False,Central,Oil,C,148.27,False,23,2023-09-20,,Active,10,7,3,46,70,57,Beautiful home in prime location,374052.02,2022-01-24
760809.29,260.07,349.62,11280.63,5371.49,2585.52,4,4.0,1990,Multi-Family,9014.17,AZ,Mesa,76118,Urban,3,False,True,None,Electric,E,277.78,False,60,2023-02-22,,Pending,8,5,3,20,100,83,Beautiful home in prime location,707608.92,2022-10-07
606539.18,241.26,374.86,7914.2,4241.04,1923.21,3,4.0,1992,Condo,6981.76,IL,Chicago,82983,Urban,2,False,True,Central,Heat Pump,B,173.97,True,75,2023-09-11,,Sold,5,10,10,16,84,11,Beautiful home in prime location,490768.81,2022-06-04
645801.95,110.16,359.55,15586.86,5217.15,1729.38,4,3.0,1971,Condo,10670.98,WA,Spokane,13523,Urban,2,False,False,Window Units,Heat Pump,C,329.69,False,83,2023-12-27,,Pending,7,2,1,19,99,67,Beautiful home in prime location,538210.49,2022-08-23
528277.14,147.4,204.55,7195.69,3593.38,2421.36,3,2.5,1952,Townhouse,2932.64,CA,San Francisco,62338,Rural,3,False,False,Central,Heat Pump,B,147.8,True,153,2023-06-20,,Active,10,1,8,67,99,68,Beautiful home in prime location,451989.49,2022-06-20
319521.17,285.24,233.44,3368.14,2209.49,1374.97,6,2.0,1973,Townhouse,1940.16,CO,Fort Collins,80700,Suburban,1,True,False,None,Forced Air,D,97.77,False,122,2023-11-10,,Pending,8,1,6,91,9,30,Beautiful home in prime location,258430.92,2022-01-24
316483.58,136.74,258.43,8462.16,2720.45,1253.27,2,1.5,1959,Condo,3816.33,MA,Worcester,80390,Rural,2,False,False,Window Units,Electric,B,174.42,True,141,2023-01-13,,Active,9,8,10,4,98,6,Beautiful home in prime location,283390.41,2022-07-17
490343.31,141.46,267.29,13100.88,3989.55,1991.14,3,4.0,2008,Single Family,3393.05,NY,Rochester,74901,Suburban,3,False,True,Window Units,Electric,B,178.81,False,115,2023-03-22,,Pending,4,1,2,85,22,86,Beautiful home in prime location,460739.88,2022-03-25
406603.8,141.92,330.19,5391.13,3060.89,1763.57,4,1.0,1952,Apartment,4227.76,WA,Bellevue,14989,Suburban,0,False,True,Central,Oil,D,248.42,False,78,2023-11-22,,New,5,7,6,61,12,40,Beautiful home in prime location,330770.45,2022-12-17
571576.22,246.02,275.9,15528.54,4579.93,1422.89,1,4.0,1975,Single Family,5978.82,IL,Chicago,30200,Rural,3,True,False,Window Units,Heat Pump,C,152.11,False,21,2023-11-23,,New,5,1,1,42,75,78,Beautiful home in prime location,464033.49,2022-01-13
619713.52,296.35,271.7,16582.47,4882.38,2517.74,4,3.0,1964,Townhouse,5417.33,IL,Aurora,24710,Suburban,0,True,True,None,Heat Pump,B,130.23,False,84,2023-08-26,,Active,8,7,4,59,45,21,Beautiful home in prime location,578127.09,2022-12-12
266483.59,91.34,332.75,7168.63,2428.81,1560.27,2,2.5,1951,Townhouse,2184.87,CO,Colorado Springs,37070,Rural,3,False,False,Window Units,Electric,E,166.26,True,179,2023-08-17,,Pending,1,3,4,100,93,55,Beautiful home in prime location,241478.41,2022-11-06
721599.48,192.12,261.4,14142.68,5248.34,2519.02,3,2.0,1973,Apartment,2764.87,FL,Orlando,73154,Rural,0,False,False,Window Units,Forced Air,D,200.39,False,158,2023-06-03,,Active,10,5,2,45,5,41,Beautiful home in prime location,592544.76,2022-10-15
389443.18,197.81,185.24,10737.28,3273.28,1137.49,4,4.0,2014,Condo,11301.46,GA,Savannah,58296,Rural,3,True,True,Central,Oil,E,246.05,False,163,2023-08-23,,New,8,9,7,14,57,88,Beautiful home in prime location,335061.93,2022-08-10
541852.19,108.46,191.47,9938.38,3858.53,1826.9,3,2.5,2019,Single Family,9204.13,NY,Rochester,75448,Suburban,3,False,True,Window Units,Gas,D,129.59,False,77,2023-12-07,,Active,9,3,8,85,22,58,Beautiful home in prime location,504655.89,2022-05-12
287041.63,171.95,374.86,4736.09,2372.76,1369.89,3,1.0,2001,Townhouse,8821.36,NY,Buffalo,69824,Suburban,3,True,False,Central,Gas,C,168.02,False,154,2023-05-17,,Active,2,3,6,89,47,98,Beautiful home in prime location,253390.12,2022-10-05
585480.98,132.47,184.82,12788.35,4399.75,2320.63,5,3.0,2003,Townhouse,4612.07,CA,San Diego,63334,Urban,1,True,False,Window Units,Electric,B,221.83,False,54,2023-01-04,,Pending,3,10,2,8,69,85,Beautiful home in prime location,488297.74,2022-10-13
298695.24,129.6,208.68,6468.9,2424.17,1337.53,3,4.0,1980,Single Family,5904.1,NY,Buffalo,71263,Urban,2,False,True,Window Units,Heat Pump,D,182.93,False,84,2023-03-20,,New,7,5,4,53,67,60,Beautiful home in prime location,253554.13,2022-04-03
429771.17,246.25,57.87,12537.17,3500.8,1308.73,3,2.0,1993,Townhouse,5567.2,CO,Boulder,98786,Suburban,2,True,False,Window Units,Gas,C,249.31,False,25,2023-06-03,,Active,7,2,10,82,24,95,Beautiful home in prime location,352220.56,2022-07-11
456253.17,187.24,141.17,12298.46,3559.51,2208.26,3,3.5,1972,Single Family,8549.12,IL,Naperville,36297,Rural,3,False,False,None,Forced Air,E,112.21,True,161,2023-12-25,,New,8,5,3,29,75,50,Beautiful home in prime location,379099.98,2022-12-24
287394.92,143.06,405.6,6797.35,2589.8,2410.73,3,1.0,2005,Apartment,5386.17,WA,Spokane,54260,Rural,2,False,False,Window Units,Heat Pump,D,180.78,False,57,2023-11-27,,Sold,1,4,4,16,83,19,Beautiful home in prime location,248890.62,2022-02-07
328297.08,140.33,189.1,7188.2,2572.81,1896.4,2,1.0,2019,Townhouse,5594.31,WA,Bellevue,78434,Urban,2,False,True,Window Units,Gas,B,143.21,False,77,2023-10-01,,New,3,4,4,36,11,9,Beautiful home in prime location,280089.08,2022-12-07
544197.24,279.02,260.07,6109.89,3654.99,1765.4,2,4.0,1966,Single Family,9367.17,WA,Seattle,96435,Rural,2,True,False,Central,Gas,E,164.78,False,138,2023-10-11,,Active,9,3,4,6,17,57,Beautiful home in prime location,445111.91,2022-09-09
386475.1,210.27,235.35,7360.56,2899.06,1633.04,3,1.0,2005,Townhouse,5977.99,MA,Boston,32442,Urban,0,False,False,Central,Oil,E,117.96,True,126,2023-07-19,,New,10,3,6,8,26,34,Beautiful home in prime location,324492.98,2022-08-20
506955.8,127.95,288.05,14801.26,4240.6,2335.92,4,1.5,1994,Multi-Family,7298.99,CA,San Francisco,95094,Rural,2,True,False,Central,Oil,C,184.33,False,90,2023-09-21,,Pending,2,9,5,69,14,58,Beautiful home in prime location,468735.81,2022-10-24
351202.49,172.29,235.35,4355.27,2577.99,2404.65,3,2.0,2005,Apartment,6430.98,FL,Tampa,13798,Rural,3,False,True,Central,Gas,B,223.69,False,61,2023-10-23,,New,8,8,6,84,57,22,Beautiful home in prime location,331219.97,2022-07-04
431103.96,176.91,281.87,9208.88,3480.48,2244.76,4,4.0,1960,Multi-Family,6365.18,MA,Boston,93629,Urban,3,False,False,Window Units,Heat Pump,D,275.69,False,29,2023-01-17,,Sold,8,2,2,84,80,22,Beautiful home in prime location,381649.48,2022-09-14
506838.32,209.13,281.87,13847.46,4144.77,1890.87,3,2.5,1973,Single Family,8014.33,CO,Fort Collins,76135,Suburban,0,False,True,None,Oil,E,174.76,False,27,2023-05-15,,Sold,2,1,8,35,1,26,Beautiful home in prime location,427869.47,2022-06-06
746838.18,181.28,197.37,11136.46,4969.03,1985.22,3,1.0,2021,Multi-Family,7197.12,IL,Springfield,35035,Urban,3,True,False,Window Units,Gas,A,109.43,False,3,2023-11-03,,Pending,5,10,4,72,75,70,Beautiful home in prime location,638539.39,2022-02-17
541838.74,225.6,153.31,8620.94,3757.88,1874.59,4,1.0,2011,Multi-Family,2450.14,CO,Colorado Springs,63692,Suburban,0,False,True,Central,Gas,B,176.97,False,44,2023-08-17,,Pending,6,4,6,0,44,8,Beautiful home in prime location,434535.03,2022-07-07
382467.22,139.78,220.94,5339.13,2755.73,2208.97,3,1.0,1972,Condo,4527.55,CA,San Francisco,64001,Suburban,2,True,False,None,Oil,C,177.53,True,55,2023-03-06,,Sold,5,5,3,72,38,77,Beautiful home in prime location,316766.0,2022-08-10
540251.06,156.37,57.87,11897.95,3935.74,1356.39,3,1.5,1960,Townhouse,6690.6,CA,San Diego,77443,Urban,0,False,False,Window Units,Gas,D,185.12,False,65,2023-06-15,,Pending,10,8,7,88,40,18,Beautiful home in prime location,484573.74,2022-05-23
476849.44,219.97,309.01,14201.3,4058.09,2919.63,2,2.5,2016,Condo,3147.34,CO,Denver,31015,Suburban,0,True,True,Central,Heat Pump,B,181.39,False,112,2023-12-07,,Active,2,9,8,65,71,1,Beautiful home in prime location,382040.37,2022-09-05
